temperature,humidity,soil_moisture,light,ec,ph
32.19231652731604,89.25023644462865,37.09586383403118,964.6254576686628,3.0850644295811636,6.779885427099655
19.781533774287787,77.11275449657859,22.589788650184538,123.4138484669235,3.198157289442976,6.597917303266522
30.658888188551803,73.98625801414565,70.9745846595798,387.99501166010475,1.85467960902194,6.9250216114475585
24.128514216356855,80.06816275349374,62.109416689499945,943.3461441332072,1.406625233804171,5.636645296787715
24.108284242737223,62.53801690063979,48.292084979748886,623.7394967099593,2.0290244156863357,6.469089717933736
28.357052470508577,51.393303236466394,44.58198010792777,510.37379389295444,3.2551459854235154,6.302334836705346
24.694252368500273,89.62883902077488,59.335316899516656,614.895911576551,2.429411705027364,6.768940170399378
24.954234367635276,59.95769001330025,24.21779325742888,211.35032809380695,1.6008751732986601,6.190887224813752
26.66834096302331,51.93694397097436,42.861983844225,212.03324752485076,1.3437795848727168,6.313838561146399
30.072515886560247,71.41853290737372,56.341301819823265,151.55065710966963,1.034372336743487,5.670654077360375
34.328945828496344,72.45922722561698,47.33951551523495,620.6078124936694,2.453204509651271,5.73848966029692
25.762558851961934,45.16500166648538,24.137047170929584,547.7213134096869,2.65761708735273,6.595927793875236
25.270075858047353,53.05784240769486,60.446719657613095,27.957059074365297,2.5715814938099104,5.849818818853529
19.928882919039495,68.95982093179975,58.71483899422713,200.55262064367608,2.4652702786903467,6.883203109410019
21.70428077889091,40.79608430709827,75.91864764094075,168.60832504358936,1.2844364136015598,6.062486524512349
34.277025174154595,42.56232313896342,64.68643519270947,668.0962329972594,2.944025442734307,6.929669752600541
34.036962246874715,65.73116506703397,60.105808248998045,698.6869769204003,2.8522728124817,6.29387793352546
32.99101277966046,46.99065455545976,23.316987741724333,304.34983122754676,1.5715288328929118,5.7933313715287325
28.988979560857686,76.46434784670663,37.158377575285705,178.53525854645758,2.1805034122453693,5.983690811927073
21.635021806220344,41.48484523204151,22.15982171233938,822.1763069378227,1.0482157662494744,6.16708085084898
28.826144234716267,71.88966856163213,41.477921894846105,975.1899299914489,3.4806997077957718,6.498859321845849
20.36548628374336,60.9201285879184,55.557755478399834,706.8687146947777,1.2824123227355746,5.69824644265309
25.797969195191165,89.40044748271112,66.03754121202749,452.6478627429131,1.934665669780779,6.461721997128253
32.85567414765741,71.20564727592017,51.20018300494858,793.6561973707289,1.0790952141110774,5.961251443044362
22.39365519974025,77.02263189678709,57.63782352234484,902.9801872032215,2.665769282690631,6.335879914150704
29.302468661963037,76.28102678136551,48.63485004201665,236.28651322222316,3.3238646536381427,6.404892581670831
32.66546371262831,43.895256544428115,23.470422034660103,307.9828382412716,2.7837521550964324,6.804324575265206
20.53041707175172,58.520703093697776,63.62624868714002,914.5169944044949,1.8553526672136045,6.235882971723318
27.570149288702545,44.48420907154624,42.99540112762699,72.5060399073162,2.741503837879169,6.344455639002318
20.70563948482351,44.91487595975531,21.9702786362802,584.8684390245384,2.3240626928753936,6.269398602241297
20.939213751899086,65.55072103509497,69.79307711063284,213.6929329774211,1.474768817703318,6.146317483320766
19.768390336833928,59.05033116353356,22.859621439735548,729.5137118062589,2.2097281082066855,6.413204048658467
21.449939081002842,54.859219603904734,78.4588038061764,141.62466564340681,1.8924624115990907,6.515151619340839
25.738218044289095,89.23178279353569,72.29777472302803,666.8290575781934,3.2273816490966647,6.447348697119166
31.50777357587969,47.88478563712532,42.48951338285828,35.512032838809326,2.7054087734323233,6.457401281366559
34.84398557667329,59.47300695523727,29.059647641620735,672.4536418062344,3.3075496091292527,6.190348557498202
31.68529240986769,44.341579397177604,69.43330013098864,493.601927215645,2.358857311326981,5.996682501018734
24.41606189717918,74.7960829005175,76.5488533347648,568.2076600071074,2.18578767956683,6.420583126392719
26.76753623557127,56.57990538173652,37.44599271315914,363.83189954943,2.043094966206284,6.696894364430362
19.001281663325315,44.146601291312656,41.688898452321375,459.0991431225446,3.3636917427448085,6.262005657695116
30.088626665451486,51.409828593771955,32.159192206404356,374.130962052296,1.9486758014429253,6.331658636470211
19.232632827759815,83.88668878815032,31.26171099247638,172.32936529944587,1.6296695497780465,6.09926748312271
33.004396892807954,82.278327459352,62.44607217028928,973.8583060998513,2.99215298415708,6.017109139886199
30.342982915631495,87.69234487703577,31.995162798860335,704.1340795407365,2.6861193935565373,6.795161215974251
32.16722561150985,58.29801266726612,54.894664744674245,745.2109585670883,1.6557625922124988,6.250669614135018
30.073921625103495,58.500956400258524,34.47628748077723,412.54166098752233,1.0407450210223086,6.772851565917283
29.85630860947126,41.0246462390024,43.69001769655296,675.6236401710846,1.0416989568541761,6.351386859662019
33.81174765793893,86.8379704288968,24.54392414074786,299.5568436224939,1.2451042436084028,5.944001445009761
32.98843673057381,68.60080937482635,25.907989475309343,787.5161372474961,2.583570678348737,6.681087446680824
19.614523716039788,82.54314746498818,62.65813352253599,382.0925285357272,1.0023464999805003,6.005136100764644
25.760439093035842,62.25036505042263,26.45075243331894,851.7641182806985,1.143943001798412,5.953879512461191
26.37629936156295,76.79448324932355,40.70233033594273,413.07818142288454,1.282964368372596,5.514496238133389
19.852549566909147,41.50784838598034,64.31074197370803,651.4277096928636,3.1355789100551505,6.280618952176361
20.613485834649744,72.5397933979691,26.564608595551498,403.80501134649063,3.1343158039491668,5.571969926798671
34.73282856621069,55.986242967085815,74.20912719690534,337.14567924064585,2.9752236259200684,5.795493922812589
22.61652261310313,59.647285230049306,20.31309560800863,976.8566459016678,2.235740163649665,5.643093603229778
33.25158207261431,59.530472181013494,35.00960232242187,892.8708697835928,3.2344364886953674,5.569606733992207
20.79198897390944,74.76817059162846,38.86453723468903,426.3188915684764,2.232333402532555,5.8255618774722935
20.250091010555018,68.75034377517642,26.142686706790588,598.3423119104934,2.8602362827968753,6.123284657630919
23.39500784537843,50.49882371832512,59.6084500606335,479.1449866257805,2.793242786465142,6.456593219380795
23.22618350003558,80.558169250302,46.48676883158213,718.4641232820541,2.5536471167331856,6.394121824879674
25.17493817482481,67.18472277346427,36.58422275536407,740.4565160153718,1.8840470440780974,6.882010006190189
23.626938643613027,46.85342066389953,59.2744364359382,99.73900878752973,2.85581569676079,5.62508447183943
27.657281339661196,71.04900249515325,34.502415940990225,244.67841464260476,2.2012431831510497,6.29466911326378
19.619839246539524,61.83761548784234,70.15028474675998,236.09737730713164,2.1634729063099605,6.62777622125088
31.565617242470204,54.168737728079506,36.379109602849766,120.09709370826049,2.7738586249435,6.54985263554115
22.567158298124777,47.08617739731637,44.980228504700946,474.63963509534045,1.4692284209106425,6.187393745473436
33.49405351968015,84.99870017195954,75.89152992262281,220.21843956723686,2.1430500792454374,5.536055733909036
33.32964765431959,62.55911075397433,30.21008280145223,264.243884465738,1.5484423160150125,5.979047755889127
18.269582605971486,66.44757890338504,45.965825861419255,894.6322675477624,1.4445032508521636,6.64098661947863
32.512598181698415,54.76778809547412,58.547173298265754,985.340597733811,1.8958622606309845,6.409558126789683
29.485304952390933,52.96637368872341,61.13454354416702,549.2722861673116,1.4621725549764104,5.989977235870677
18.64056496959314,46.61731959523031,35.6159377835024,782.5610323474024,1.9386831343421589,5.552719201958826
23.252113157984596,52.84391136597586,42.441787553434224,59.13778356321065,1.297529295589713,6.664195565776703
27.592241364206927,64.08198576876552,26.67954921514132,301.10626619792924,2.1309807714909352,6.694370635851259
28.09931970069747,73.35854264787353,44.8426955054129,894.2817821442794,2.829384607649776,5.611155957426032
29.573827932494986,69.48145148051496,44.151965650185176,444.24956434727125,2.8824176062783167,5.898767726170939
28.75134102503695,45.81438822210107,61.23602020975437,438.65061925452375,2.106297871080724,5.866798109138954
33.957942322215146,46.08732670226068,63.657470384762966,901.315161471845,1.820048705163689,5.737214886183274
30.531033076596678,55.50231866525681,34.507116603879474,232.8147527073664,2.6387945846956775,5.96692731029003
30.662543671100963,64.58016142640837,57.475746925221436,781.5007613891162,1.2955260795244525,6.192613930955905
19.851055119937495,52.27079204811425,37.36221477822468,541.7768296643316,3.055965046684327,6.047715285039944
26.39179963419523,71.36263405667077,36.63089201595447,696.307410956606,3.225413035462825,6.87082509187376
32.73476761322697,42.275913007006245,60.44220923826765,152.64979930801593,2.785121423423324,6.988176851933813
18.31033683061018,62.892575534913284,25.782581765331862,273.65633111684696,1.6788850792043082,6.6925579486963755
21.109363252589624,69.47998858698327,73.57093440412771,805.5620552542764,1.2096710658425713,6.023514697089629
19.915557927449044,59.84095491990331,35.0339569568985,8.823086677665625,2.356708455970959,6.587011137431699
32.50606020660092,57.80987083714589,47.19221593160293,207.06176328504623,2.5701427083344495,5.7215566789636085
18.823720529637825,55.90598746070164,65.86817084241527,908.0757431370815,2.0387580127012024,5.971192046013775
26.49029121772461,47.69159585216912,26.59735589154005,50.68314413183539,3.12343387176214,6.037184115676666
26.5525277728617,59.56871745617704,69.11235293310945,30.61065984560807,3.030724986849693,5.740175520540085
31.000361295949745,87.29610982270167,41.451563873326876,130.61142562462948,1.5083254902652754,6.898742916706037
23.907141587114403,65.82042012097301,42.800957477653164,958.4020829362754,1.1326403955849962,5.852293746442494
33.83412184240897,57.03999572964186,34.71426866681695,355.0717187388457,1.643650970329045,6.255729340363336
23.08650056897441,40.29347274676934,39.96911904639594,570.4348519436957,2.1479018043264673,5.840974955242231
27.36920122420179,62.65808603585886,34.094354673003664,816.886754461916,2.1451681408819567,5.5682538470053675
18.97843941315786,51.12020366204672,43.830896394791736,688.6116898931601,1.4014434978258477,5.969124738479589
28.120215640808937,77.24860400899044,59.64798966237887,270.8983566264009,2.9582118035915697,6.035929432018332
28.931750567005274,51.22185246167717,52.87980406596136,947.2192435494311,1.552522400234353,6.789536992226162
30.600298553903976,57.392705819389406,64.3267769189381,634.7597256775614,2.1433668533711576,6.97670691707974
19.68151505698477,77.49279570166743,76.0492002419252,640.6525177954651,1.6054278931397046,6.872068215528033
23.86118508454339,40.319977490095184,62.141153677128685,564.4674705915263,1.9291359978555092,5.701506333186766
29.7173184920508,86.38131504921682,24.561299294204904,733.9837897596525,1.6004008696940972,6.106780376908508
21.096754204872486,41.41928720941966,61.2983137110253,278.1401976568979,2.3086733750505686,6.905283638619322
18.043201126246167,57.50220598617351,20.452530274990693,939.9209098777671,3.199838921983462,5.563609920126378
22.548420791633347,80.44443147583596,77.64713775462062,315.8749158216593,3.099879123112563,6.744729450673929
29.88516995929093,40.110995045568366,33.0510390044943,162.4686810407041,1.3245566693284858,6.590694667234523
25.121884743604106,62.8685816541027,42.7111525156749,625.6233732767419,3.393099945708625,5.5628145470304755
23.42427425870385,66.22173520656716,31.747202444955157,879.6077243363694,3.225990344428931,5.880701384181758
21.60730897347152,76.01577777451743,72.61835173572683,831.7452594940777,1.7319271908793956,6.082625557448841
23.321428794637992,89.10441760485506,42.7080390899812,746.0532952089129,2.3951317207752405,5.600706453430889
24.297478106104833,49.68965680311387,49.9081008977645,345.28622229929863,2.9557681992024163,5.6799278180670925
20.2454055459489,68.20330787055148,75.86719585907554,184.2557117400715,1.44993670583931,5.685478323793647
29.514091173444044,88.91037136138851,52.98290515899006,913.1422810300911,3.2336630816281744,5.5467114756019305
26.666714261623518,84.20227375879882,30.91717546857557,111.97012911585047,2.9625379694823897,6.321089136426369
32.576243191507174,79.33652300332481,70.85882811636819,191.80189887278442,2.1499908670093246,5.666231312579907
18.00618417789799,75.85534883840319,31.534522778499472,417.3022694801922,1.032439388229758,5.523600532504839
31.245464980440865,69.26506093363625,35.56800388742151,467.2567191320216,2.4111682448491165,5.794409434286119
31.469018024239436,48.127603177818486,71.86156792424198,714.1242867690778,2.501260506280857,6.759669156603972
19.09037400846787,58.6660595495602,74.34431054145979,444.5310819277869,1.4963828564483965,6.892852302746556
25.31032333234318,83.23821908462838,50.34104285745185,182.19700321896747,2.2421953638876815,6.955171792420449
23.89091408442591,88.56090784154402,43.12616982816644,846.0774133562644,1.806834529295314,5.960293518615331
32.3084791202289,79.79949539037119,72.25366398774845,642.5866497921496,1.0692927546840896,5.855227121726253
26.230117266798924,70.13100033616497,34.732497422426746,711.9794932197224,1.1823787147020943,6.357585927538505
22.399263969057333,63.21296605859908,59.48010122102494,759.5974671883816,1.6340087752326837,5.940275948608081
19.98773529296411,67.3716052333219,43.85727124126177,293.7607242604648,1.2418217207488533,5.8605200814200415
28.474443886259557,59.32768596765285,24.615590066662016,378.5074396149447,1.6418916131088186,6.228414759698964
23.979409419029018,49.177750707320165,32.60134305941638,560.7048743769628,2.2736669529971056,6.1265951084984955
26.728781926064652,87.31475409858548,64.08029646040318,316.35320797645363,2.2667946017591634,6.994766210258466
24.163048982069725,88.96387519100001,53.68209287951986,987.7898734105102,1.5820607862892464,6.116790060403366
34.671486315595644,77.52492199973064,75.71221675579898,633.5344818906547,1.5212885342979054,6.0396238313751605
24.896659916036718,47.62203810634679,36.17559177000003,878.5788570627313,1.7552203627526743,5.848687119822792
31.657697460841923,69.30758981460856,74.27272685695388,999.2884178545282,2.653935775699654,6.040321148130958
29.5059485746138,87.19838295610153,38.330075886454786,78.73027629735884,1.416906557943168,6.315160813910125
22.5586530690443,46.12407859322065,43.91379517139205,552.127392760491,2.7962084718901945,6.255621212488563
26.515605182040364,72.65376960169422,20.82130050879656,817.7191576087099,2.627671880960694,5.876876599408783
24.88357181712122,66.26163962153078,39.28602897674425,584.260621586954,3.2147980777524294,6.046211326071214
30.380244175084513,53.234287427577634,49.86607846282136,370.00134888474236,2.7645507245641614,6.503493971132285
24.174570938673078,75.42499776666497,41.712308523666294,359.9155466920648,2.1297142429015854,5.542578018822103
32.92259723259599,59.807534944534865,68.13755656922903,857.0864810374438,3.362098125328667,6.648226586593633
25.83198332414521,75.1076791533396,35.50769112799351,927.4682611409052,3.214058859563198,6.785864596852517
33.908886671703684,85.19412360044876,51.52018424003134,118.07588951353387,1.1684223392797688,5.861372617374015
32.453224051026595,78.87883348393206,54.24409438496744,903.3417440914197,1.283933628050771,5.97273494821464
23.353989435110883,50.96081322434241,67.54642783449296,335.4123656175272,1.3746126759995767,6.310183470662647
26.252161296066927,75.85907380785937,21.227663600635246,970.5380213541605,1.839657439496664,6.515512996592848
24.87814979169512,43.18951841621176,43.43221326206465,856.5974049702044,1.7716168515322663,6.636905156994153
34.77087312117505,50.401204951237595,63.69560178800784,520.8516708659404,2.3386069149915323,6.702000890192434
25.948778234446465,85.43914372988272,42.463501090870075,170.2971066191692,2.61634550706812,5.616513653331842
23.74640202167476,65.53065697252278,34.044984081332245,589.562326031951,2.816542457978533,6.661145499718397
25.6239707832639,58.91304227137849,24.38712640948645,670.128562191541,1.3026873266196666,6.884189981310769
20.947221340473014,65.30467618097776,55.7317746567448,450.42004326319443,3.0674341014142663,5.725950243144842
27.742570929131176,79.83146423569241,35.81535506166735,168.48967536876225,1.777996304334714,6.558062738846207
30.206795121828186,86.44814591919561,45.875431876177885,47.059694474644196,2.61363031607856,6.84727784977208
33.17293355431653,50.855173895334076,54.32997417465612,668.5978868740295,3.0003694238859473,6.639473312220557
31.411474242958374,48.136614835334186,79.25721988127387,9.292862205785957,1.5900741149167021,5.833217473515025
26.238267324731638,89.05539928000188,71.18809579556125,144.01165839394037,1.6911279271497088,6.413665377155436
23.30634523732105,42.63117741843328,48.702836001813104,980.927996597049,2.7726021144023263,6.904650825615416
29.821493237983866,83.5683598114936,58.55513432168491,728.6568134868241,3.229571507853787,6.7674899823036565
27.85244345832544,84.54443631747478,70.95307372957646,472.09269859690914,2.9821673446072476,5.873075733887134
24.622066989955698,64.383393351085,62.08734541674328,212.51768445600905,3.4423297470783547,5.543765312614555
25.814550534614487,58.31726806844742,44.0725560535743,254.9806370351113,1.956009210963253,5.514616274025496
28.46155664446151,86.87946703453959,52.810977835653915,533.6315155106537,1.2712851122233586,6.0052614242113735
20.191295579762176,53.31366761150713,23.00570379683146,361.3909488922127,3.089536823884077,6.375053306985968
28.021153863486063,82.33865262497645,34.836116914144014,974.1701909557535,1.4010999419637906,5.590728252526498
27.385038139481097,79.28960016033561,24.47523052892415,520.2984538070523,2.6092667230692204,5.754571573488234
26.281045175292967,75.50490750130501,71.67661890322316,140.75464100979428,1.9130549713325902,6.703131045186511
27.34016265428791,51.45484862577954,50.83205737671594,781.7590862262875,3.359685183031521,6.037200760553055
34.64283463264938,49.67444994087812,51.22030593851488,119.2062613889201,1.6987655229719354,6.956838994471549
20.90888796246333,78.07815887564253,33.93814882167216,156.6951395754693,1.3474809710878712,6.225256921039466
26.967954651016836,85.7230959582898,45.069586129496784,256.63616736028274,3.1545238581098096,6.616099315162701
30.007187750422368,55.945447923989505,64.92095436988984,978.0516506669421,1.5560806515710184,5.9599591042908555
27.154755075204342,72.91723499248678,31.43726648611034,493.90809506699264,2.64704764206534,5.818419296384988
24.894694697380807,66.18753078094609,52.51816046254905,485.31201571991187,3.261919919083551,6.898996098567666
30.90549514223804,60.34465329937615,71.10815617353369,294.48289662150216,1.5584276254530482,6.0991382983713445
30.11428309036813,50.74979901484361,44.01711234762748,993.4397089166172,2.8803609492330784,6.91417645992438
21.44577650608965,40.577353306409876,69.56429464574995,345.76882554649967,1.7979503373506958,6.367184512328775
34.70593690826392,88.26421627992099,20.6953715753316,77.73053401790142,1.3016056426049887,6.564094069142717
31.374943426963405,44.616378314347145,72.35318756213498,886.2681246251792,3.141795630207729,6.271236957917436
18.10001212803818,89.90197238470381,24.866609817064283,609.4332872842625,1.5949522983129205,6.568891543593345
27.50392559697415,76.63430084779617,78.48581694758778,833.5451063176405,2.856914027148162,6.260577494324104
30.962024072502615,65.09412307557415,51.53899118685976,216.23217083042778,2.7352740780148705,6.307535987219633
22.145351467239713,62.17594669341439,48.797379150476885,241.95488506019157,3.1061627240413,6.365849135843265
30.799400649751277,53.453024168926405,61.82869078984965,897.574428230812,2.5119670097835884,5.628435639484171
18.485259355078554,55.3082121927106,45.161820506641135,301.14392923199085,1.1817657685505143,6.51793801934163
19.342607306791205,55.09515696264324,68.96777038812732,541.8742174762066,2.744350561566641,6.420168893780902
31.06493032778016,84.96360535513045,31.956056951966698,947.7627624115336,1.0843673311990445,6.704100633023328
34.68945922667741,55.15496780929486,60.14362524212231,469.10763254231057,2.1392908268951074,5.619827997684984
26.659368409411698,48.393534664456006,26.054634863561954,35.80569354856844,1.71686297538953,6.387230087087933
22.963912628504158,54.55925110296465,63.92789020110358,943.0735643381809,1.5094381734054385,5.99008880178659
23.13805738699311,66.17992044351234,33.41027315610462,18.46467447910094,2.974351469566277,6.623744108253967
21.546167930430066,73.10882878847761,34.46057073704183,240.6478797350673,1.120441228649332,6.3110879167566445
18.89959943092142,70.83631180759953,34.5969394687344,436.64381153009236,1.7786677675144786,5.728410218037587
34.48650878657965,77.25267121236456,34.32573741305369,227.0249367682694,3.4915695603283385,5.65291736577828
19.249362027260105,82.07448069930282,69.03787119128472,64.02615213671392,3.216125907366813,6.6822647477770225
26.686120590755657,63.40491989299912,48.669001164834576,423.5081358897875,2.8803174256463118,6.508145006555749
24.926941447075272,81.82469838834837,71.92319465179929,189.49027339879177,3.388618936372993,6.507551774558396
27.7687769778096,73.5759800240809,61.679343448811586,229.65147546089594,3.4641277228381813,6.4619252730417776
28.862739576363328,64.4057412245407,41.04450332244061,647.3800886098215,1.1020848201255151,5.7906874989537815
20.42684106846536,82.65635847839195,66.53557002291852,963.5858913821,1.1404880254961602,6.341079111723564
26.27052052155268,75.87690927180708,21.798104491578652,831.2111192861944,1.4774433534215472,6.4161410863304305
20.20888297690026,82.86562008314976,54.85919888768863,296.8971940851315,3.3034406147064876,6.1701616700053945
22.785660531500604,60.810573750792145,71.01665236847492,612.4626740233832,1.0625481195270228,6.764149687575925
20.997607273375532,89.69900929050436,60.7682141294278,329.5849345159608,2.2022095638813015,6.595861439583876
32.45298274297501,47.75619955811931,75.46611360673606,702.3162516994461,2.899661314589565,6.328245850539181
20.77663834880343,81.6445946471905,35.07463396534831,207.10180615885332,1.9063881141777486,6.3770857575248865
31.74187250846829,71.96102186303378,74.15251342123685,651.5510316829296,1.22531376053778,6.558900117165444
28.49858483087094,62.59611525654768,44.24629669127373,289.7091391078432,2.638506069785647,6.289299888047922
24.84103191125423,40.45716134284721,52.10491940035895,387.4771941845565,3.348140105828067,5.724444185309426
29.4904808976278,54.180987779409996,33.771249870912555,463.37800460375087,1.431351751542746,6.275327256530931
18.379228787250337,84.41032607828942,49.66028806350707,158.1173156057194,1.0355945563383613,5.617809410568208
24.115956844161737,59.7206186349606,48.95389766358841,463.948278549653,2.201399531011331,6.981846597807301
23.92200581817583,89.532928688874,22.94902286929551,321.68799328280784,2.15539289004102,6.853464618060244
22.43336264328952,42.274056818554286,39.75533951872265,539.98260898907,3.2919343254862286,6.507601749665053
21.18034902496933,50.62555012339851,72.0859148635534,628.2483111551865,1.2191924004859247,6.186355689960303
29.574707264986454,88.03686899288417,27.728047906721425,92.06084229562094,3.1232736061508057,5.960636695967203
32.93714157845898,40.11983146550405,57.70645404270192,709.6612562354071,1.951941498973551,6.450694937815387
31.748895175678026,64.88068976426145,66.79788810946118,450.08742212015153,3.2795142463973708,5.866473597701682
21.061812300565094,70.54797606885816,37.479327965899266,859.5860895120094,2.6686980971623795,5.945359582840971
26.900348607498195,82.05271847785484,32.525150033150055,696.258714931074,3.4156397940628143,6.299541449481066
28.906632210321607,73.57305913995987,27.103512886158676,967.3619662041923,2.9695888546402545,5.559125521605248
33.59664507735466,59.121660247503215,71.22891839335064,607.9053946247484,2.5307702397668406,6.439559586395139
28.657229255083745,55.36228840045654,59.62514590538504,597.9221864606537,3.489575956067823,5.720203841749031
33.856985788056356,56.03822199487638,23.818908012758616,698.4400813049356,3.21553841713907,6.640919720424834
20.816285343154703,79.86312879964439,42.96338154375809,650.1927952354505,2.8996294063945136,6.785989700146699
27.434659805369996,67.72382620214552,43.67066068345968,674.1614419100207,1.4025934187996936,6.336370379584266
26.197782531518925,52.845450743349275,30.5234042093134,867.7736376721127,2.299186988136597,6.17074210599319
24.946336648089215,89.37699978003843,57.998097568700764,761.7156999529535,2.263037914608483,5.886066400814643
30.624408362861036,77.28222179592366,55.79994333037533,591.1744543695773,1.2677969938340214,6.805138469281988
23.97465566449872,72.95939370970302,33.08434095696622,84.72262885795678,1.8066660435833308,6.668982994646584
27.172886885231,78.10919084399717,30.64164422524204,896.5104577073647,1.7700367594507331,6.3212244132375535
26.553171292422093,81.26489228840117,52.94842586032161,69.9869162743304,1.7174124456176565,6.6911919913775435
34.77654761555483,89.87693276078805,67.09332926870098,974.472495266882,2.749404209141236,5.780909487273202
20.145948853477734,54.52453000959488,37.33024452983019,162.64702098587102,1.6959070663036457,5.969340511463624
30.230723604153276,41.73703390267038,63.882743126725416,616.1615917180363,2.1376406930275573,6.938582469665063
23.17770040547712,69.55320779628038,38.19753694139807,124.03565826721396,1.749139294697792,6.9463132704138095
30.323314303375717,44.96334880856989,36.614673876451384,59.588845740415564,2.3542177111428235,5.5376623914046235
24.631986614357217,83.9152273551195,30.93155320593018,427.7899899474171,1.6562703445940319,6.788759871787111
31.878270864652066,75.00767680001624,23.62166226420022,351.97724575710066,2.6956882457185265,6.847948832876503
25.622206009770466,69.59656591405584,73.25815582789502,375.7993428028931,2.93973795521264,6.484475695486678
23.242808670705667,50.1347726463428,72.60402900998366,549.0378773519293,1.2253631123446946,6.9860218506352005
25.175777817110315,49.51490997805879,34.62062583603078,64.45106195985018,1.9085657370913456,6.678997748756739
27.944239181688715,74.35752613822154,23.35709453174109,42.75685743043533,2.7398342833469345,6.3153395453638215
28.258834037070123,81.21607406629904,57.86125188504871,599.3506217883664,2.0055215943515807,6.051134427701841
20.560898151630163,89.5500501568884,45.30574308593976,48.68133122631735,3.2455222334926837,5.591817294688942
23.897526788991136,45.34802438132384,70.74324304778912,401.39268864582635,3.062128306577663,6.230367072687798
20.7863295896275,65.6504708319337,40.80169106607714,30.116877697595857,2.831575627699406,6.2668257969595516
30.519167564540258,60.24619538004104,34.577595367910334,796.8583241109044,1.0737557222256955,6.834874292905058
21.36185811061839,74.75026773866077,73.99297496247927,957.5312202141794,2.2113923489606324,6.1357145959352195
32.208002784234964,72.94310519084479,50.957194033672366,882.6154863204827,1.213754551236598,6.064819097949277
25.26037869257862,69.18734417833673,37.32121254723294,624.0263589495689,2.763892191270465,5.8673426917669005
28.214444546176427,63.77282584066492,44.74126840097195,225.19571556787932,3.1739458204475364,6.335429353680676
24.534033704235767,77.38665145184272,31.84587031897068,774.9892104047626,1.6035526970023506,5.861336389715695
28.09493340360903,42.9143381968141,27.95921623586075,146.53276148904504,2.0912592954559814,6.676702378420284
33.6017731916719,75.12627713494854,39.70133852914798,926.9489930395969,1.684029126857257,6.436061273469675
20.360538683139865,79.37913299466435,26.339737567111023,218.49691618584853,3.322981308731568,5.86525524550151
31.11822971499692,54.085888487884525,32.762002762130464,587.8798431680947,1.5266216454629638,5.785222187675777
29.308587870420148,46.538571513599635,44.602207464042436,767.8912497104623,2.9747866502633795,5.532176012262943
24.898967729397974,83.926671718835,36.49125314785326,634.5504452532217,1.022904099894916,6.437972112360752
34.5086852590053,66.55080801938905,62.08648812244079,852.2390098119278,2.4542762683584693,5.5048797255571555
31.46889982840911,89.04207405284583,21.67905062301641,671.7674697692046,1.3382733244915095,5.5256077657825005
20.614872123982185,74.37543083508261,74.78296212562216,177.3920783938109,1.8314015143916307,6.882181100592288
25.795434214495614,89.03607412038193,43.00315164949039,738.5782450160882,2.636915511389999,5.864355384769859
30.1017703239063,80.25451292218821,71.18758024475028,691.9900852052028,2.8416718076914362,6.679311764020154
33.69139304087709,78.37909550104888,34.58624064784472,624.7814165054342,1.7100069918688794,6.753029437383567
32.33155924124425,79.45886440664171,38.023482422795254,351.3881941231989,1.6235384738477103,6.474462082517078
34.26079454852553,60.62712428512265,24.96053536554746,377.63049744609555,1.769766766201046,6.069645601790987
22.887609989843504,74.64292011314322,45.57656928952521,486.59483309562023,3.4934877816209826,5.6051496260400135
32.297796808686215,80.85570697124736,31.808934762605112,946.2689038612181,2.306898070510828,6.658206365571995
22.633852071998376,79.8302755928714,26.350019654496904,995.7169545174659,2.4549023664097973,6.464144768018241
23.32506043653385,81.97701612650533,41.12683179607895,760.6491776236998,1.4917791281724162,6.154732915394701
29.401302629955808,66.73256888767824,39.48927187865126,56.256984829492595,2.1256035655463137,6.6894442820287345
21.66033771568028,88.82646990261185,66.58873381099744,806.8610755497115,1.583963814275602,5.86822964194514
24.534510374480067,54.39809916264155,60.32463725210224,894.3160138804669,2.043850620348673,6.2818701371413495
34.94864739650505,66.22565097757207,53.86767276378297,902.1964650750343,1.8405159453344921,6.043402657962309
32.480424121405804,56.80076839212056,59.96447245613684,810.6803137371013,3.3713685387288925,6.498795896921608
29.706948459295653,47.33328127612635,20.72001904612044,418.4682228117089,2.5878227216709604,6.95613225089206
20.627406673392155,44.8671581801222,77.92602390467309,901.6610684627642,1.0654531402610716,5.635107056371157
31.18514540864429,75.37203744827649,49.274742978055286,650.8053867911882,2.7142720147288806,6.71316279270572
26.318437968093846,48.002165802276025,23.705815508327873,856.2648469901177,1.0484061670111193,6.4757805090015745
28.66568532741097,60.7122850589392,29.66342577693112,562.4186284800423,1.1416997563533942,6.09520139703276
27.880461825301474,71.4854388607267,50.06107704519927,887.927201965427,2.570885416806328,5.890672977879868
23.511150106438052,55.88241420221097,43.64518632570676,889.8300661031462,2.9923505043058483,6.658475056961314
21.701701878014468,76.17979555746444,21.899259621080084,998.3180694859903,1.7545537650579128,5.798695089430192
20.10305787033084,67.81037354612948,69.41557961991012,915.9806568432892,1.0933024506211966,6.870929433058071
33.056848811560954,77.73075712586675,66.77829950329138,541.6407250474199,3.3402834477128027,5.810252552050879
21.661756179237127,84.66640589040176,26.125168563586193,583.6775158467211,3.0433436352540295,6.359955773333827
24.520656742011816,54.47029516614526,21.72596803981661,538.9874099712742,2.962603171829103,6.171023947908141
21.174078435362432,63.32540938931271,51.95957858980438,166.6347595435027,1.0602810405353207,6.5061679603878835
32.08626774374399,65.50713833876522,53.805395778547386,981.8466268783711,2.829746014460415,5.991973818456017
26.487608139761022,84.63420298639552,35.52532021155801,335.91923558686676,2.8425408587152075,6.583488560808283
22.816946309328014,85.84529211904416,42.999558319292746,496.0880806357811,3.2214248232649365,5.687861203785503
21.214556497938954,75.81585464338703,52.33554467361951,550.9522896359298,1.6219089106485134,6.640054441473684
28.99840225829265,68.25009682804901,68.50560510085953,73.75510265409247,2.8122853504020036,6.858996230486698
31.433845375401052,57.2488020594167,38.9788043047904,296.67964410757355,3.408655196015207,6.988668851486069
32.31569197266491,52.44640672532583,65.01180162913444,550.43146543965,2.227111778377262,6.350326818689459
33.115219451038016,84.01096474499735,37.41317406932069,742.775893155327,2.1901029708694955,6.832491611910283
19.319294151692965,69.36401321484138,70.90731682137758,535.2955281699062,1.114179668356055,6.781972900847244
28.042584018099195,59.2192165968537,23.491951776546603,971.4878517426313,2.111975387156212,6.892158790790711
20.25467309690218,71.74612291655006,33.68523610938339,370.3834482996736,3.4759591580835236,6.420512934886408
18.634064911629032,58.01984426538279,66.27186141137929,735.0442717078133,2.8786820331046945,6.314783704734332
26.230364492740776,67.03775426203282,77.74359034092959,930.1273345535465,2.0081250879531813,6.074005757903786
32.97693254205201,61.430689243455824,78.68022378605679,669.3924009252071,1.9286940531040775,5.75272130651859
31.833994399732468,79.38625706214226,49.99317930391411,367.3630892251657,1.4650260639526107,6.163117242315009
34.53372517286901,83.88373637964366,26.5763188440969,915.0492780325902,2.7848002266425724,6.682523042456489
34.23587926740916,57.315983005974246,73.69241929878703,431.7647266962503,2.6994279276590145,6.380375121633261
33.62396459565106,75.0700173799595,59.46662286574372,681.8636896948015,1.3815402585195584,6.827819772391031
32.735957612767706,81.59592966718776,25.81760393692129,528.3443257362428,1.2882924019582953,6.181252036387752
32.24137010999971,85.65917885685684,24.28185419145231,428.3623239575731,2.5647533978957995,6.484902358358367
20.203490989594886,85.53903563045509,26.995037215922295,703.8554753943979,2.014041923828898,6.366310875013195
20.491328552982342,42.233566922528254,47.49065489117413,717.4672328239145,3.0260325465844535,6.650081367393691
33.59439088774902,70.83041599028265,50.96118366737876,472.3670559961101,2.4154278071365773,6.923570556034374
27.268486375521796,43.815858346904854,60.60219119137318,541.3952831003556,1.909427224788362,6.439901603264881
24.392296012265085,71.87497852763796,32.50671740351377,686.8051850351305,2.731955677959154,6.4480383228087925
26.22122462400924,41.283466691484854,59.3163765689745,627.2948554152762,2.7695768804123206,6.778840914972126
25.036348121225696,41.76118572393711,52.339209093802644,456.7344727109831,2.425811759913649,6.608588572263496
18.414601685633812,41.72275537811113,36.174850956451436,597.4075532572323,1.2804044721619448,6.37249658958525
19.131694801660032,84.95534119304052,57.99970076854274,910.0777985182382,1.8975583246667196,6.988440533698801
27.54895410001422,55.40781853856619,68.77206888149287,798.2372554900631,2.5787945153865324,6.86229001182989
28.273254702832457,62.17263168108885,56.40723188786136,521.3886838507465,1.5189533304041158,5.758376487375909
21.806372061199387,62.09038256905755,78.28198242538399,94.1773975188922,1.9108346099599718,5.8511883376479
23.160978930747767,83.4339090603741,71.54416190447469,121.31001176647915,2.342613711926006,6.852546130326603
27.96483791203356,61.5716573064745,73.89203598730147,837.7999137687683,1.8619042774573713,6.141587308246226
33.18375162103173,64.69761990746862,22.55481321010516,585.7056490894456,2.593486032381805,6.773078896176331
34.86441173827396,44.497543231795156,47.9292791794703,753.1053335287095,2.9903482716182186,6.9492203490022035
19.925900497221324,79.0124422769199,35.83699944886416,592.9999652272181,1.2765554749726271,6.5253226573806185
23.898131439179714,62.90615252834324,51.21205538722596,156.30736070280437,1.0132715080676415,6.055695125269152
20.004288505650706,80.02706050198788,61.86546722225024,625.0162242726159,3.0515084947602613,5.817893732546823
31.204330223822975,57.42369272397039,74.83185632115655,850.4535688505139,2.0402765330561747,5.606191386276806
28.55643669108094,54.9047041257218,21.45429419789258,70.49121807390758,2.1499585052155537,6.405257568065643
23.754117378687592,52.75921616809359,71.54329087657109,73.7212226631061,2.534337797062569,6.11931845808725
18.762806641107183,55.05838761879663,36.81760251471499,932.0016922075307,2.2990075105277414,6.9199964664608915
22.508948767762654,81.81380673478537,60.62774773328187,482.0650328165088,1.5517561118953744,5.932388558503219
18.127789993155954,56.54188638906963,40.843119015655404,152.64366665629547,2.069062040214197,5.586320902749515
33.1163575966184,78.48120882611188,43.75113490242079,888.5851984399542,2.093643961691322,6.031454847109032
20.86016320379605,78.38086900755998,61.353519621518,437.1482526676865,2.646164670021273,6.948047811117203
31.803678064446622,73.0887947182446,36.985054728509766,856.0686014512778,1.5139110546160839,5.7453876655886
23.081066970718005,83.98778691923184,55.34784102756669,623.7202370244161,1.6444189974530057,6.113502621186144
23.5261693307137,43.84155332482544,45.7091466446632,302.8829702412414,2.5088306705522267,6.863845799605068
23.235286274131017,60.29813760700536,33.713714756840076,699.9470200746451,1.7248350470199014,6.86242982519083
26.053469071141738,64.25681770453278,42.89594781712186,830.0969105592543,2.4904544600801213,5.552381534839904
25.1027433186707,41.87556671599675,32.936912422262196,483.75575352061304,2.6709740989905684,6.0435637114187335
29.830950617222747,52.70807724602683,37.35205318074246,147.38597011315358,1.1736498499190688,6.810376916835395
18.49358311816558,68.64097106124925,69.31613896487588,632.9573314291728,1.9659065384507608,6.622673970649297
25.18975846731225,59.98239712041739,74.64397579723732,204.86292229221047,1.443727522693595,5.98338557362051
18.239668921066322,43.72548036764195,62.14388575946387,477.97313722752875,2.975798449871378,6.774075700798784
34.552061391285775,51.808377934782534,25.865281883244002,731.1151840401641,3.2110391996706467,6.9383605851912575
33.19334623414769,85.5707376042482,77.26027849656066,305.444052339768,1.4296155166298175,5.904148002650575
27.999221142222375,64.12674720807141,68.89495368763752,103.86262876645847,1.7740120880687331,6.312390763056024
26.824703138573827,87.22023139551744,30.934920398518255,284.66407967348675,1.9752708876986684,6.9284050600612535
25.256927752843453,43.311166780990455,74.22801870101014,210.75365431452596,3.2193592407566887,6.115927719186775
32.774988487748175,50.53787171199669,58.98090438671949,795.3205674607515,2.5941646463764796,6.656221319165211
25.74729380065518,40.781582694417324,24.794175543166215,567.0218925099605,1.9588158938621507,5.937246724294408
22.18712146474148,71.66244872550574,66.64223813901222,800.631995852327,2.5399587268695485,6.207400009198233
27.607770392561054,50.54242675770585,64.41414110861497,619.8642351205234,2.0511870857650405,6.068270606424802
29.336210445565555,81.23034187785166,75.63256677537643,213.02112136468466,2.6554242745562533,5.706043346164535
23.590224371935175,89.1167374292678,60.86123701806985,946.1281039368773,2.2892924285045733,6.67293932637985
24.2212253942381,55.44917189065366,64.87062387592442,634.3753303550183,1.3421505001810257,5.616880886321713
33.172589141752745,78.68507228827461,77.00706923305097,611.6948942847596,2.426398908074432,6.838174387472865
32.58194295395855,80.67205914018203,46.44424948852922,899.9612578470162,2.188132678522936,5.503622151652689
34.42343947670997,43.00783180870572,62.1816353772152,247.14461021532185,3.4377208063743523,6.940490043190721
21.761705997393445,83.64751506232344,66.65021262657419,688.9108480412076,1.744996170504173,6.275141477322373
31.57132699124299,47.93972160297298,64.82005257879419,625.9077598369075,3.2815718335552813,5.5800878934060485
24.703073236159202,49.0163684089544,44.64180177417646,185.45532988752166,1.7394600154221012,6.5227335466049565
32.785965974191086,48.439452141341874,40.44891870411034,288.0443636266173,1.4509481068463097,6.179258233617893
34.762203174690654,89.81560345446702,42.529145318198516,519.3223389866813,1.4161585449677465,5.535083309766533
22.57885831172753,46.99197576480549,74.35482053169176,963.2522437220239,3.008785530992637,6.022379790761706
27.992023274102102,72.59238879201669,20.299447924443736,127.9362531291528,3.327607716128836,6.690868579255288
19.41608684508993,44.14637856761021,71.4287842893918,121.00872814788366,1.4813526584941483,6.275150643520025
33.55523102092922,75.53213779480959,65.51722537869324,714.1546515088708,3.262052753030078,6.57643748183541
23.021313595111845,88.00484138724448,34.175814657327635,176.36611736075935,3.082224146945992,6.284993751687654
24.697993044153655,74.03170842052333,45.35005192769745,424.84643228573304,1.6136738524363468,6.501197141292962
18.62583022393362,59.68937575997229,55.180560612982866,407.06701249348276,1.7496835080153121,6.1440745145157365
26.999117140100054,48.81749792618412,27.27607109662543,58.935393046674164,1.8221470775213184,6.917681716044838
27.825682541798184,42.13481566947163,67.96826022095665,894.6318565230688,1.4669286869831832,6.635214795136209
30.69109031359097,45.99067055361275,27.353821368805818,65.87713742195899,3.031186129434506,5.764568752438333
19.389355167732685,47.037958766637345,78.70731254416197,51.46765945440457,1.0746232614918776,5.580438564622613
29.316379134256763,81.11511726386982,68.93437654191486,309.49175704491824,2.2196144188920277,6.387559351728136
24.35508437667355,59.16997594546393,48.000616721836614,880.65149631108,2.4012642711053833,6.858802057448985
32.812583071136736,58.5321085375996,70.36401179741212,474.4947750743309,3.2523493008902205,6.008002588502124
25.498941414691696,49.394624750876005,37.14148230681029,182.56173318626202,1.4289229708308404,5.97668274991507
30.148940315150686,64.65716489723108,76.69061385806083,809.7655363962213,2.5158289806617686,6.208374105755329
30.708818824594665,49.830870111564046,60.320606086440286,632.2231849887395,2.722092563370051,5.653061220228755
30.72329527555275,51.56618631887935,49.393664808421626,28.325139276293655,1.1842712335109433,6.705121629713661
30.11655930274489,56.06861124051515,76.53434853192874,962.6491665828364,2.3437197035242,5.587862503978846
27.118854197931054,62.02260369058894,68.33898519642565,565.5117935056737,1.6818957761779278,5.665557101154648
29.390080750118972,44.47845616389576,32.16614544016511,931.3161011765627,3.4764045406145345,6.514600066114073
23.560798461811657,57.005025642776104,70.3132093142064,39.22501232001052,2.9607246770290523,5.680549887741322
27.240909642357238,40.51523843690827,58.77468557747244,608.8394314564903,1.2095292001005111,5.880933161093168
21.66425419474974,65.81609150187148,37.3196983621843,176.3058537263974,1.5052682301076217,6.507403349112534
24.09025621166877,40.43345353920969,69.73417974161814,905.4483767274352,1.081371197711041,6.044000607137876
34.48225520947793,67.71502143168647,75.7832274238765,600.7088349455901,2.1234959043957558,6.228918013646371
30.839233054654123,60.58786166320655,56.94398558984247,767.1981419611543,2.122198329693002,6.440415133121555
20.985457666353387,49.44476257864419,72.92976087108647,29.80613772143348,1.730872514922165,6.550384548989075
19.27232124541076,75.1965071729989,64.9023256178093,445.7402601741612,1.8217336934415898,6.3520042810248905
33.19806265446338,68.1595261724288,69.97519844029836,607.0359747405511,2.8607673424195355,6.838683454877515
29.37941731573777,66.13441737362052,79.47673997102868,221.3418608777268,3.305425185133126,6.209030249925116
18.478173574422467,83.44699661743803,66.4700811578695,636.7792074230924,1.4377105889271493,6.486420265792087
32.09536036157862,79.01987245407943,42.20795394346562,357.0205967701907,2.9086355388335345,6.904971747493388
19.833997843902075,77.49574157894364,46.852429787028335,230.66476924465584,1.9404511401488933,6.971802406872621
32.41443621352738,48.66281265199531,57.686638205610436,747.183430503809,1.6243599295683473,6.629777807400185
21.921439076781798,51.55194002578213,32.05994926166897,327.1759085073691,2.0383260637147376,6.595478927886386
28.408093449299606,55.194172909013616,29.60330317574777,24.046643643409915,1.0067321239028992,5.698198876393385
18.55149840178138,87.83460785565345,38.38592964364632,36.475045328409394,1.458299163004241,5.95932766125795
22.648262081067077,41.70108097733447,76.10705034011163,527.9458036970846,1.028093701935545,6.0991499598467644
28.85870995619095,54.400169593534926,50.19575247655719,221.02476942460802,2.009691996444392,6.343083099343053
31.214213013374923,85.60539147000304,27.469302104402765,784.2384284859357,1.881717908165292,5.883480488377425
20.353176465709222,64.6413804187511,58.07502276180294,873.240075578476,2.7300114176724515,6.922340430171591
26.47370926102233,60.82598742280211,27.86044537293552,56.163246028041456,3.3163735942346246,5.651456201464217
18.556125861625215,62.255955417995466,48.115970223077284,192.8210324454085,2.3948411937939365,6.822263278672871
18.068782702388873,56.358196461274986,62.32933227172536,624.3157953435989,2.304264302543096,6.13658656876723
34.19601624684143,83.16334438510602,64.40289014616357,161.002503797248,3.2111309029393986,5.930789534310743
28.608836204168497,52.57358725524887,32.30856898596876,68.16045574780038,1.1458321980457744,6.392125710812683
23.42699611194656,46.63955244116604,28.265692482114286,912.0979156344497,1.9074582087219338,6.8078378512219775
30.860317052670176,45.76915844846415,38.19997629462708,24.007913122800595,2.1620025579775497,6.123015087106495
20.106438710574817,61.66867221898444,60.2189011538158,680.2812517323529,1.754044816439633,6.238736703174041
23.46160866124517,53.80686873024622,50.24087750320674,337.8064864494017,2.6070227361255944,5.644362396809403
23.502097532860653,46.54650626866013,29.891658087947473,35.1810815485063,2.8040877499445434,6.803716111761383
34.14390597763977,41.35493455641982,57.21471033531889,961.7616183287547,2.823614878919026,6.0948027340157225
18.834946671905474,54.869727150270435,73.41903503197695,253.41846297319393,2.9155698584906946,5.568270882935524
25.786516692726078,71.34525030637617,53.115590107220356,47.7340255968437,1.9525476091824063,6.921688693451149
30.520816267402417,77.78656447345666,64.1966971984986,167.08145037971568,2.637468920028847,5.587346546275634
30.21517506591983,61.435475697200545,66.16415394714198,127.27498246991841,3.0681282137944703,5.616444906545904
23.04633012636944,72.22794349741835,79.32241089638308,887.7976812832403,1.3451935135159272,5.937583313592927
28.168712581532922,58.677851277221166,38.15558392018727,822.7835052816363,1.1532036039854712,6.004206366207475
32.95580412448916,67.04017185490773,76.21039478852379,387.25785391799997,1.6371338353655986,5.844657292821019
29.916604734274586,53.314192290578035,29.770667166999356,402.5067992261795,3.0239007948881746,6.720247659189935
34.48726398377117,58.442955190045254,61.33815698010863,281.36995493741125,3.4404379055369447,6.453992445673815
27.44884523310911,66.40435030739451,67.76384784599236,453.3798834657297,2.4356808855704632,5.566545862340836
29.251383407035252,58.008018844271206,73.27832918984753,428.10907168917964,1.6234739535632061,5.990656237704777
31.08736296331678,50.45723394046962,25.145442304859863,58.30982804383555,3.044016500856469,6.127297302245523
28.926849990217946,86.85616420668948,39.54118000632889,154.53521357124123,2.0644660978034093,6.040685525338097
28.023096919304514,64.93408349591162,27.89785127052548,329.4988762794474,1.2747397527632018,6.4502473749445866
28.679438669069555,53.34586619632691,51.94420893726158,947.4448546631189,2.402667882827692,6.451574983168772
31.957698970069806,53.07115509912219,41.11417342085812,823.4539461966815,2.078983483396623,6.272552174181702
31.25063087721414,89.53706217117372,54.48817205593668,587.0230383829733,1.5641951788425783,6.720354856852005
32.74703992694289,73.32033047149567,22.176452870372337,114.42553789512367,3.0702179662647415,6.917804821170701
28.680994093681228,82.92654379075195,75.9344383036944,39.863457983661085,1.5417262418600037,5.787045901233396
33.0582300395847,86.37085054265337,36.016617728907434,791.0153010404133,1.389685340887891,6.901436475428763
33.16794319483901,84.90200294714806,60.418609877460376,97.6836881249321,3.1147572074797867,6.119899376946243
34.6895264841474,82.47075431924665,54.86801307647605,251.1665254642943,2.178971372115469,6.1412886011236205
24.758836761270572,59.88519601397755,43.16488573636279,905.9644225556093,2.460635043319617,5.834908757730609
33.84170971803606,73.00240920239438,48.142652538952646,173.77924485809092,2.1260199830709148,6.207390113229049
19.063055875926633,65.83456755056709,62.35934834831191,201.23061963731524,1.898442842064357,6.427761753028895
32.69331271707889,88.84395043180459,30.50640198465845,814.9996479973054,1.95514838580204,6.171802081369521
33.7177339010417,62.9899786150694,76.73358653365756,370.9262795209507,2.6198984354933135,6.4483426280252365
24.184029733962653,44.11322505023817,64.12410142903036,309.0168662636399,3.4411748825157016,6.424269718052308
19.50230354107995,81.6998900919925,41.681990155397145,850.5831993807719,1.5158826707887263,5.65075921407564
23.817472793230156,74.65097858489088,31.85440358626864,177.09868149135545,2.420236097305349,6.696167855697404
34.45685754052529,49.29441251465467,48.025952630121004,890.3004641889593,3.1912497442450003,5.81005126057196
24.89221666406558,77.62807893216375,26.659479397023638,786.4645446347656,1.1674027887591836,6.553420468573855
30.299831678509626,63.3272794870565,44.82486131056159,640.1182266064052,2.757522264059213,6.3549796546113795
25.418696004055075,62.755772015728525,50.933617460402814,762.7116897312947,2.6857906992698792,5.605716391452222
19.63225647059067,52.75882484634603,48.35619239554639,594.3674746827744,1.8038439930758807,5.981800245409648
26.375841829722923,70.19146872833409,65.85902726487873,885.5904509884874,2.730796211567852,5.909963355512585
26.361896193485954,56.93888816970012,59.831158761642186,28.48814965616253,2.9271849942467822,5.520043447765023
27.770375498625253,83.15559319540235,21.907677311295764,418.3971896895876,3.227219655394232,6.836410340762262
27.593109658411166,67.65203690759586,67.24080152391447,130.3781509046179,3.3814535427921526,6.04233836315443
29.37917328844773,81.48479641477516,64.62910979685151,413.48150236277104,2.860082041878545,5.58654104777407
31.810142255963946,67.19089456108847,42.25733884452592,749.8981477033848,3.3616413360696304,5.968498754483625
34.61640465765241,40.007324597717,62.76229055660371,310.82061389359063,2.776001773116861,5.960888235827118
20.740201347624314,69.53789460753461,71.77370305239437,900.0859546930516,2.967232553306131,6.100638815919886
30.77919121626323,77.6512310158433,65.48780498461105,247.39910485847327,3.241809909309308,6.950367978066923
19.399410197936,45.578213506576354,22.740316413423535,355.7098097574554,3.023789590671444,6.172014050185822
28.28157407850184,63.98813162196443,24.96303854024726,931.4204381714176,3.2087234019705324,6.336957170788141
25.589342526486682,65.93622081928177,50.14083724990572,361.5681548642781,1.483314587816882,6.15154083316187
33.73949997462575,83.57896733965175,35.23817535218708,214.3894563337667,1.8896241866803443,6.934889603930645
28.873085185704987,86.51934628531043,60.10019779942523,483.9189764849302,2.238034014575012,6.437742785595723
26.566932421095323,57.922414454587724,26.85875649201136,302.85961747809677,2.091585959565018,6.711011503956072
22.850820658787676,67.38998744186172,78.54898154554229,263.6837415111516,3.475247141724628,6.398510966101245
23.588079466143853,60.961601630066646,48.68384833990271,678.7707409104867,2.9257945450915592,6.774071999540531
32.55696704746513,52.90740184968096,78.29441628560981,284.70950567737174,2.1701985294827724,6.073839355192034
22.265713467847696,80.63989762822294,27.425395729595394,456.63509042383174,3.1012023464462075,6.358874724725286
25.612091900311412,72.04519191633297,27.161196509260115,395.95634812580846,1.4549654350392602,6.984862349432296
30.309491554003472,45.09602242969713,76.89565374463064,153.87638666331495,2.1279842626836807,6.802520441556083
22.966700185647195,52.29610986201761,32.21568798320477,504.8107222574478,1.7614484234222676,6.231415846033947
31.48742772888788,84.511333384803,37.9209100038103,711.5554870571175,1.8078485498961554,6.247347381499226
22.774413411866668,88.69109442946518,20.2885465916783,784.0801345062778,3.3198433508188665,6.695770641099411
26.527081686880777,61.7689220349247,29.780345079533284,180.2665544056119,3.3485526395523753,6.888476348908758
28.88964883934053,82.1865737076555,45.37528164481786,742.4671389522198,2.973809876374934,6.380605968240334
23.000168471716616,88.51435772043321,27.652516434978466,726.8915493347222,1.2941696102368099,5.848346688520769
29.76055649622859,89.96314297657776,34.906418921561105,613.5862330411608,2.855140139022411,6.180144726985456
30.107003931459886,64.03595713072642,38.13649430204478,943.2921578789551,1.3608012574858868,5.727469996542594
25.20430138993531,79.375446684103,29.87567967925798,952.7809898828872,2.0937328157388304,6.295408667999717
26.72447059720488,67.18249790082977,57.65947426195998,121.55759157560753,2.3836259420667023,6.290871578953301
20.1304309769194,57.57065635668663,64.97326782113986,439.3992708539386,1.9947720071912403,6.071326017157282
20.429471377227337,70.69974963215249,70.13079052416546,241.07611594730116,2.9700419266813656,6.131719434898411
31.164016469452264,67.68849638995272,26.32465419301655,218.7399050753518,1.0118003524712396,5.828368807646664
19.28933624610751,59.19981820074479,35.31224373204378,467.418997495985,1.6795407578984398,5.566085163629518
22.44931119717769,62.87139568788553,50.966861891137114,44.37503650883967,2.016601874872978,6.290522876363898
24.56586094686716,69.33455402553753,68.46039900394906,684.2260826937521,1.9952257030842806,5.526975313375806
19.45314224950593,47.27897315911573,56.65711737880932,249.60694069427936,3.262508395680684,6.0719626621898595
18.640811890546487,50.38554586090886,57.64937337372911,358.69336073483527,2.1125295811857194,6.757886421218943
18.198657784290624,83.00525254729205,67.2573073353212,939.2154176738525,2.2227392287290533,5.951708478384415
27.821749944771625,68.86818149379891,65.8945023312169,988.1556393075027,2.011166394404457,6.866962749959703
34.94391205171134,78.47956381076148,28.009037146803177,252.0483317652952,1.3266321332780602,6.967079133335999
20.549595953354526,89.22029353420871,49.90820284082292,826.3007265857709,3.4347197194177723,6.159066342665302
29.498432992646656,77.8661925362706,51.15720644229404,627.5031680224043,1.720185543616561,5.565343145712445
28.300592280100908,48.29304691568302,26.681149854041145,934.8565448892477,2.1007150476998313,6.982905445434602
28.458966807081595,78.65515651151556,55.270633766364476,215.00541732911194,2.0204948525166104,5.768227842948967
32.018818556249144,57.82813989473616,27.525431757374662,217.0279721695967,2.866845692989478,6.290545839305826
25.7664333750427,74.47639177265273,78.50905084931632,100.21008551032395,3.365413056965131,6.092906408883325
30.512008933943413,41.97171572971927,59.10490803055959,522.6601364812598,2.999123939388908,5.716646393094961
23.53891494307502,62.11704775024376,39.87061608766,829.808241929684,2.0951587910149656,6.005706232168698
31.65819848194404,86.27371262500333,79.4321394853239,377.60530436094797,3.2101749165209887,5.994908675258134
32.38631531671044,80.8983939637382,66.54482364107938,690.2417916685459,3.302055055297308,5.9319007129251995
28.529970036501396,45.693709311485875,64.812195603967,293.7039690244667,3.3373120947420194,6.595966926684166
20.4235442371556,64.21601480375497,59.46977277235169,292.7360380790197,2.5179093274292015,6.0330137581137695
30.2719728546216,83.78681076722387,74.93215800745362,291.267815437928,3.215333545410674,6.9632576723849375
32.85959804169362,74.6405471880224,77.35066136599194,533.962679732956,2.0745509363357693,5.669588949391406
27.864071245839263,68.39283248818717,70.65278054592949,961.8642241086586,2.4712289297486656,6.720734210137161
27.576764327656164,85.04642860305513,49.52266209621283,361.4434278369111,1.0239589654099013,5.808308257087423
26.89097586554534,70.20877202362959,59.14253400810138,265.7622913052426,3.1005830532224046,5.985235538186246
30.321620687539955,64.05946408575004,52.29892027114188,431.47540123222814,1.7373153509317159,5.512712597639449
32.348914825290365,65.16609477022709,60.17691773049042,941.4218276991501,3.3647208599362326,5.950665462752628
25.52414534542264,47.00139477890934,36.932619866884025,963.2902139937715,2.0437284635997495,6.035416154862087
22.130073062079237,82.81661110344926,72.54631610134282,690.2945996213301,1.8588942401729103,5.8049194917462374
31.703816205141386,60.43742899686009,73.14900530643783,359.18774679780876,1.227337401437471,6.524879686318924
33.56327641968057,85.36721636731616,70.13058272513834,331.49935159929356,1.797147295213332,5.948437594334827
23.62410378066442,61.773142693655046,46.27603365553175,114.77538554437238,2.6654536604307664,6.497027659011822
18.31769992818191,65.51534648923234,64.7169867383663,407.7686698483368,2.3155596724142975,6.694162842048073
19.445178755754753,66.82287616622207,48.911193228216405,364.34678630935804,1.7377681212561116,6.857875421377461
33.749287915280256,64.77206297102539,63.05376506342952,872.1756510065717,1.3943615506595635,6.037582644200397
28.974013411016976,73.97120916644872,29.510971109954337,730.4662958459846,2.5689346790665146,6.793531629588619
24.82981579577214,81.63516384694321,51.817924583513914,120.8824870373888,1.7765900271134965,6.857349094869427
20.72689005552881,58.57587011583478,32.90001339140199,158.05639857125541,2.3678643076514785,6.15774556425992
25.805945195851116,47.48194200797153,76.86225333160178,733.6212534265638,1.643488591592226,5.626586510450075
30.115628636802466,74.9576071951519,60.554561126306425,290.3963228134391,2.3333424377327283,6.632497202108389
34.137589130712904,56.86805217232124,31.333324987889256,916.1901498810142,2.8386665258055532,5.532101267379052
30.559997627159703,82.00218584634389,79.32258465430067,34.67727332591164,1.0671522236657176,5.545861184203237
32.35039346714993,84.43942852542853,50.966268881055484,825.4580800641538,2.853828526149944,5.86622829832057
26.287279172876264,49.25091304635009,61.90405104406002,957.9137624580436,3.02498582182962,6.173311154219681
34.18329148103231,65.60645252792902,59.16317281680907,775.153764884659,1.8799391126761202,6.0505267908039135
22.647767302194488,65.17838313553727,35.40501118059042,609.4580957391897,1.8816799814940857,5.882709854283171
27.307864228310613,68.86500170449374,33.87699505642889,301.78430382923807,1.1994588140953604,5.826190748286797
25.80322163804565,78.77463888768018,22.51500098613329,992.0256118638421,2.0213020165077005,6.457029646044298
22.01269122382142,48.88288111453511,37.94763908719929,97.47522534520803,1.5891725446078917,6.458193882365915
21.570602908193532,47.202424967135364,38.73464350260532,686.6114277785425,1.5878877452391449,6.740813043355194
25.558485159562803,57.981911577534774,71.37313240515836,584.9925263285767,1.6953223746383808,6.196040986145868
19.426034028311918,86.72726664529287,37.820605250599385,867.2770444383185,2.2492323646419043,6.343460165164242
18.309963488473276,70.39745288255813,35.892306394042386,579.6169418221042,3.194895731672262,6.2845333927655265
27.098815913800856,61.330845453453506,46.992135918086944,430.2404848143915,1.5725473019107963,5.859008966181884
32.40731171000199,68.53552447538303,74.21512441471455,187.57021413788533,2.8639627408637276,6.8703721190035845
31.63119907181258,84.67092554751338,61.935950548276956,428.2128153858289,1.2140675300439727,6.689408407319875
20.45416845298441,89.32643044258374,78.09104777797778,695.3368557109505,2.9151089368818544,5.949533534565017
19.392559872029754,48.831450611388945,69.89301748934056,5.0682990172271625,3.464054421942415,5.613617215692452
18.915453185986905,89.78795206826953,27.3504798100343,733.2295317017082,2.8152066797493394,6.5359285669774705
23.28113340367124,59.7900894499858,20.287879093972464,36.034096722229016,1.5420733366032848,5.941025920174934
28.06189182274636,88.78202399325903,76.89087729900108,587.05541957013,1.3203080589925573,5.506608783849163
28.51972870031425,63.87961142402034,63.211347883674904,197.57846274975566,2.4815045495138075,6.088590535917531
33.2891647968443,64.92527068554197,56.761488516405336,25.74722319100964,2.214893861836598,6.982663715070014
31.21956842165571,48.28119096673484,79.7607248549825,49.454970556109814,1.2872765438769211,5.750506319367418
31.12564312295861,49.82626326924772,35.05029956401288,182.32677329838265,2.5527504643904835,5.845866360632048
29.823341448722374,67.2224103098755,74.09448456144725,390.193038731259,2.2173408746067143,5.917709730683869
23.708141050532713,69.95203635537749,45.21914934508291,72.94722531447961,1.0489737867815458,6.6710067715963035
33.37129002670618,41.027459267459335,68.10890362129369,4.077001453095197,2.195608510650502,5.831545192531209
33.30830224252587,43.30114037051498,34.780758905104136,590.9111326420696,2.129159137802355,5.594722464097593
31.854386745877722,86.98879775648165,40.23386788410134,389.94466104861567,1.1754377334481851,6.003938342986531
34.366702135302575,58.161553047980405,79.63186356914845,639.0888326298639,3.373519028431684,5.787724734426532
29.766161197859805,53.519798000478964,31.52683205578701,505.6272000271782,2.544708925523901,6.27193032051922
28.69455473577449,69.59996041968873,36.412721315211066,570.1787782210685,1.0171296682317044,5.779199238603155
29.838857794646458,66.85384670931737,72.73467634146962,166.0805666547892,2.639400786034912,6.243333819839382
21.241088477105485,56.58832628683483,44.210332913977844,333.29207796976567,1.5419770502493608,6.102754153612521
19.309915445912047,84.78673340687433,57.0606142973297,259.34668741541356,1.5552462613091786,5.578317976016188
21.466292498959767,57.828316524500686,26.45901986754332,385.9684249684432,1.9918075972526825,6.2409769639510895
22.029531509344793,82.09043309203861,33.03850176460919,74.95619303521039,3.4460570393675036,5.572373262952976
23.264536037901987,57.538328683550596,36.74066167266979,383.51345963260906,1.3697465431593148,6.569520115952564
24.37836380443872,70.35860218197041,25.816702813440905,344.8518238071079,2.219385404766018,5.716334879842406
30.951172338352176,62.101526062368954,20.087760325618383,466.01998147290146,2.0988580146394815,5.797177566108148
24.575240098250923,83.73393363732548,43.095508429312034,616.5599194391215,3.330024407192723,6.574864492833881
34.203808171901755,63.01370808711002,68.44018052772711,832.5961178031739,3.453596805697913,6.684366819722357
33.88771450641003,65.68332522657997,44.28432778646047,709.6448716214111,1.3887737131183688,5.8582718845661095
34.72978261512309,86.8133400920477,65.85940261352407,600.6990947184366,2.8442859705764643,6.206821577279351
24.048338225062654,60.80111413431581,22.320632697433435,745.6330395647411,1.6843559907696586,6.621047426760947
32.40868780454237,63.530385473016175,24.900891306199274,740.9669083703781,2.7989336722130576,6.483559512709604
32.44324002543053,46.16351721287148,58.64933912822865,936.5280645085995,1.2170828928929438,6.685990100115498
29.625558006876666,57.4130176687589,67.71993043709818,524.2683228405058,2.186614810405192,6.9052747468218385
26.442991809593146,45.989077432750896,79.17483136743644,547.2873540101488,2.161171585763222,6.480815454586525
25.395019311529396,41.07555086320904,57.32797513546471,111.04114883909921,2.982914542146102,6.878086515727104
28.908974733650766,77.3161174773156,55.12190434060939,842.9939459926059,2.5867438847699176,6.889537482478327
24.656571492785588,47.90673291355575,33.92528449523793,962.3823348808653,2.6193711521070107,6.6314184506368
18.1395606259114,61.909048233814865,24.925177965248864,474.2891371541216,1.3487238385426228,5.598906351582835
30.669691485722424,46.89302915530775,56.535150402986076,284.0554045471583,1.8878499039992116,6.903347831157328
19.533860814627293,67.18562289366564,63.83033049025318,521.4254073241262,3.349560887161401,6.1817498817946
34.9724410562702,89.20959695515523,62.594828493770315,126.63657198605205,1.6492657028905584,6.710936293407949
27.48736223168241,80.80873313730496,47.610623421162785,962.8524845428012,3.332123980281961,6.741773784544414
33.609286658809495,55.61750938658554,78.04296596020419,979.0843750358442,1.018056924123323,5.502787941381177
29.19619553737505,87.15882525323538,66.30506580336436,737.4734671786189,1.3309578991818374,6.175640141749712
32.62203894784027,88.17864469420128,23.823316729316666,620.3996603304208,1.0898318408375556,6.699027256630849
30.388626256535154,72.89221022498555,52.8411217384471,30.02211435280944,2.853891851248021,6.442509660018138
24.968267033424524,43.50501413851526,61.35880136284042,42.72671273378381,1.6935756644889313,6.486656049505271
19.144353788250843,74.80637270060569,58.02184221545628,605.6791497603756,3.200332020353519,5.856280412242161
19.65633084971886,41.800144463495876,68.7711667835932,533.1941566863504,2.667726559235379,5.738231677436637
21.28636837431882,87.1313567241381,51.37443626597624,189.94617602289,1.7988233346385178,5.978753547025632
34.69738725476854,72.84984910027586,62.1701830109644,3.0678958355506714,1.8084084611598357,6.351306770583605
27.857083841035287,53.156997393555365,55.67430437779556,906.0261392736546,3.010123492480321,6.79441351899281
28.900798864355064,41.37299814026237,51.25539956803199,394.9446109373157,1.625104998804467,6.146082585485392
21.415366605734445,41.34833808522569,67.52244101032863,80.61389793662754,1.6829460243693362,5.768885635886768
19.245338396093743,50.936862781817524,61.144660080180394,951.8118043654381,2.937686864331092,6.968394666830293
26.849396791593733,55.50065338614739,27.25831199061082,95.00885804255455,2.71784385237468,6.111760966329809
32.86605222228868,88.12151568367014,56.112147876523224,781.5257312793516,3.251363678947707,6.764528872403857
32.56012266187995,40.32485324721711,53.654942692433586,72.366073699344,2.868508359951649,6.475313454812534
23.89789984195469,53.93327661374132,46.14843357009888,675.6980419891795,2.9601568855212186,6.2070825126307
26.202490875288518,61.71918349813216,66.58893834835516,599.7132748895863,1.1483777608808419,5.646720970076803
18.802915017143025,49.737933783661916,53.22301682285457,159.19489677136113,1.7851676825581064,5.746879674861164
20.167612302960084,65.10504306837976,65.67600732714384,104.57593418142241,1.7077122809874805,5.880475764069715
24.571767313676705,74.09692279885124,47.0671869494153,386.004705156462,2.6343734324217185,6.00761180108048
34.19977863288725,76.3548202701252,31.177995645370064,49.53733152971962,3.3951985282998334,6.732769897454075
21.508985582947854,47.81640633697923,23.226957655988862,485.78500470210054,2.6397760311804226,6.2099692955168475
30.822047003180778,82.26600167745988,64.0139410017888,265.55908314555745,3.2891721893863286,6.854476752676547
34.0744335331402,81.0672793193913,76.60739727962661,283.688531553168,3.371407846596461,5.827346306306448
25.77494155107637,59.45744003266877,37.80780804357919,77.96716761723432,3.4170989680438253,6.805252334737936
34.23969470259418,76.13799724792301,29.27000609967598,679.0663298097578,2.826029394042819,5.950883889677386
30.637486212335,46.82877695458125,71.25487876240986,292.7099901392543,1.8995770650519777,6.234185355420724
26.227438978243256,48.31002923941989,63.459569500865896,537.8939211094222,2.2241014025559593,6.322188719820272
21.164495598598574,86.97529797283588,61.381299075293796,741.7757127173168,3.361910200145114,6.2361396170574865
23.68494669118301,55.54306979607975,71.6262093052069,670.4892263534496,1.8049624045798232,6.699526559053639
30.115496458324575,85.44138811246532,76.35776265236761,984.8596044591388,2.308290091530645,6.278755767695487
20.339625356046366,47.55452391613311,47.069565824357895,813.8829038837015,1.8977796901742587,6.181129894845518
34.213708450070044,61.673210384869236,54.92309392517925,183.3595074417115,2.0595424376221843,6.475303924560383
30.64320236646401,55.84539609392022,25.636991472017986,175.5171586803862,3.3560951048449685,6.239502227824078
27.10740591945126,58.409655520002005,64.31871831829565,189.5731030009722,1.4632336858632358,6.201593419513941
31.915594503979342,81.33490404433678,51.08764044257249,768.3378097083564,3.2371449811030586,6.873526253480611
34.9790136225036,56.096537489582175,24.565015035371523,840.9268688425985,3.3282463720062387,6.16591363410984
34.95429290780622,46.5365800982736,54.871701650166166,789.266246028896,2.2599695751215547,6.634138155331607
23.925967442297814,48.01814123110995,32.47447863286442,979.6791611745143,2.8650027666835722,6.280220335549682
24.96502427035424,75.22445860948815,23.11546392845349,585.1367617745075,2.0935765992821205,6.066594624540223
31.21621936374885,60.943884848558895,64.65893177669035,74.73475019464249,2.2846318770756016,6.3089064032257385
25.241668247962913,47.37445100618721,54.75017790474848,115.2046642580411,2.626910677821771,6.8037445132347925
34.24521910994841,46.095953764883106,68.02210272525772,233.39474119654557,2.1097102454625167,6.095255845485262
30.738747390274042,42.00824782115917,29.62144059888375,601.9619121595086,2.415916210894728,6.044503926235605
20.226662784440254,71.31213114735758,34.62175681463141,945.1281804051847,1.0872355123342854,6.651285633882974
29.07663991369553,59.206583886026436,38.03784923344166,698.9947041386598,2.1618170451271426,6.829948116727486
19.60935716834529,80.78849752208117,63.50242684149744,484.25639356560157,1.7388937735183885,6.016418000214395
29.289277373706014,56.36086370670483,44.57703826192571,785.7159845895037,1.8021133269263045,6.583896802609017
33.30515147102363,50.63914655743126,35.973520816410016,796.9949655152009,2.995048974520265,5.837780426890237
24.496168078636682,72.24650870547174,44.14961449192573,561.1584310360063,2.4354952869603936,6.498370676151785
29.24391111152105,52.62688050479256,73.44326883860762,762.5533478005481,1.3740691767889928,6.35717677778415
32.518486177348294,66.6977595300188,26.837340814611068,492.41418047120777,3.0286815577275767,6.760385492319051
30.583033674362785,70.55782584408539,32.44165633630754,997.3646391681043,2.951582629766391,6.454491521673155
21.12677789542564,82.70926309305327,22.37488574755119,966.7088775627542,1.4450864989857009,6.390087225404983
19.069565285035377,48.32420506775554,27.670942076848185,483.8233337775496,2.048227850557428,5.701383484667032
25.77463054624593,59.47345417802861,76.40623446670418,555.4427095499375,2.4182812008894317,6.96325061835627
18.083027642343446,60.060525803474164,35.70813189714215,187.83382312528596,3.3929243167339544,6.8781810812459385
23.770658006671063,69.83438687389713,38.41595599368036,263.87252709684196,1.965564722899463,6.099296367551968
21.052511753146113,75.806543235339,61.14520722481484,996.9106493029105,2.9178563771396413,6.89968769729932
33.74218345999714,45.613567825128605,52.305545410723596,458.35390901031445,1.5870554509616075,6.202651842484222
24.55129485010361,48.307359555671496,27.933963399654125,350.4982468462431,1.5349528290528751,5.567794443265831
20.31342896365514,74.84346428149546,40.20800392155056,400.45091455379566,2.4672109766981003,6.381671038504022
22.475274255903305,72.07363602272257,71.67166877861317,842.8567125237054,2.7054274435175656,6.899663274523823
33.93999509025081,82.07074048972767,67.4854324000081,812.5426929784883,2.0347262541979014,6.385292749005045
26.397056405283685,88.51327658020415,48.92484887662931,970.2884385148673,3.098537385960513,5.614014447550392
25.66146919065978,49.597437899361516,65.86689992065077,978.5133239686795,1.157871617575024,5.956927236026001
25.16876583684371,87.95079078593454,21.360900093573324,441.03802446270913,2.7137870277070415,6.214751209483704
28.456581431337625,66.76870786966981,40.13601775820848,757.5009522613424,2.3523067979661683,5.869546755847069
29.83316757357901,53.42784197098156,63.80775690795528,642.579818742503,2.879533553172612,6.777740569921244
30.87802155224152,68.09547355705551,79.61649656152943,180.7089232869945,3.0188568495786656,5.919177867382366
20.74480431841402,41.80673057109933,50.691016905044016,171.25270128407632,3.353140062034283,6.719629773179111
33.26519901921161,55.55083601719344,61.37899770590822,961.5996347272685,2.318529457365307,6.069402162079066
30.888348293275776,78.4880109257113,33.9897139738774,989.7440677751656,1.5164493439885687,6.773012407882783
27.075994845848435,42.8127891918355,34.56602569112615,80.97048898602533,2.86304969196555,6.42410869238333
26.53112837204283,43.40818363423441,58.72607433230369,681.9020144811827,2.9560429094768934,5.848079573835849
19.22229448414048,47.04611370036233,28.48055397793472,583.5402521725762,1.4000602971785028,6.698210479825658
33.88621048950194,81.72523852387211,56.976010107398295,382.55871828409425,2.2930478974187043,6.984138419419963
25.895140640102376,45.35971532340203,41.32374957701164,251.17794327182875,2.9438649161156363,5.603260116898531
34.923077926774766,42.58427366191831,47.57985287027149,685.1129977679831,1.5127190221687647,5.951030435684106
18.254090189311015,68.17889742511417,62.73974258509597,694.9509037857422,1.999589869845702,5.867154234114285
27.139648940722655,45.10436817277615,76.77081870638455,203.04300905905626,1.892934034801289,6.478709089153255
26.692219841737938,82.32957005259146,27.360143375723787,365.2748949239649,1.0969903495761204,5.664148108002185
33.24963979627271,61.325788241392004,73.48338557988167,715.5790955181466,3.3164317860770587,5.501745034430836
25.466690248585795,49.91462792184872,27.63065306662521,378.18486916998586,2.1545135875834083,5.9793152113162344
26.840659931838026,80.05067470910855,43.00937156621127,680.0518496551825,2.1585293431401382,6.276382664143056
30.60352008171732,49.5671596065678,31.141764317390894,60.32838580791244,1.7144948639199122,6.317524885256609
30.853491737279512,54.40163511540501,48.66790331952447,835.8716398756638,3.138090922990087,6.282456804860906
27.008331593331143,65.580102791998,73.25561008754568,194.07871990076143,1.8064883502307585,5.591249584239032
30.044789896958026,52.14302208239076,65.95627634364516,221.3140411025465,1.7336408773091443,5.743409954686232
22.999455234157512,60.02265047175584,71.5900829690375,915.185392296239,1.5127054169704497,6.7989694973636885
26.696519457253654,45.93355986572936,55.438336567329806,444.2627116725051,2.5014203326919136,6.682540482961452
18.833231801068823,82.09074698101735,35.80212225255873,126.25758021935962,1.7941953759783429,6.051114915218527
30.748593775078895,84.93872633765048,43.66915478398341,882.2408773198904,1.8757915938252838,5.900072083175526
26.293529218692143,68.25831245199424,64.20822795358069,162.86916566867848,1.753900721881977,5.8851080355791305
24.1799393765566,46.039575904438706,31.61480350476427,86.44759234660194,1.7672126756299016,6.426488622945704
25.44750972789989,72.2017632400827,65.85000143376911,541.446683042186,2.020350565684598,6.483618946836746
18.854238661070177,50.49635376931804,26.665274516408715,605.1969454964243,1.7020435027912086,5.825459654934319
20.23906916158844,76.78323933986047,30.187989027476288,809.2880944745602,1.2142805257226197,6.29775139771169
20.47096329821846,52.529876533781874,59.191414216468395,355.67543255765133,2.420233673364348,6.327580667331302
24.33954101697886,57.26963956897556,35.89902110102183,857.887288080555,1.287541709878385,5.595227183200512
32.740623906253674,44.06204545983613,75.92722617131056,977.7162182293507,1.046911375812477,5.5754851911962255
33.313692511757864,53.33285609092822,28.463204906047437,567.714341933701,3.336768801777639,5.867625191507818
33.0140693247605,79.10380805157658,76.94816130920469,181.07432525342514,1.366092196511196,6.72302363716512
28.70555775238244,61.52830975293853,31.19963149910774,885.774009858147,1.0511135612884537,5.743604704688275
21.721861704873092,53.880387619117805,31.143330467388743,717.6339860281922,3.1805330761633317,5.687370588081113
28.946153488660034,78.471016399397,61.21279093026369,759.2327489312461,3.1469761152178766,6.119318098090205
32.5024328133906,70.02668334041033,42.875913278952,116.78056385427237,1.2516935778957254,5.620951535254657
19.50683437450984,74.80844201855211,41.124724783672775,950.811497146967,1.2032858973921163,5.83243094325882
28.363050493869544,58.68117980491241,76.28231052567892,179.89675539360573,2.51973793272616,5.9255907847564675
22.22559795747253,47.755255721254976,61.891017060698964,609.1937124929516,2.9274847366568704,6.613727714955238
23.371945921977314,87.80850262518084,79.71352825514779,173.55289775900073,1.196031875807591,5.973938001690801
24.21545974682965,74.57122917209668,48.66726527807254,752.724601162205,3.4871953958104758,6.801329690658948
25.875200896741266,46.81161176560306,63.88338531859037,361.0724638908789,1.5778309550934626,5.688230083943049
30.669605516477233,62.70245158831247,68.47765211636082,367.0261467950601,1.1072116010732684,6.463567611673573
32.702240024577435,47.48288080353933,28.17100525683164,922.0319256246224,2.312197060850175,6.221919703863697
31.43713926859437,56.90456081944747,30.450939130745677,213.3994705995005,2.1294554145842284,6.260766839210602
34.60278860369246,80.47156669210241,59.25503889346825,388.0592600005551,1.5880953722069173,6.805318274372208
23.10906858692334,72.13222284904788,39.500547509130314,38.461502638380665,3.219087943948324,6.016491182045526
31.7193391235489,71.23757398759264,65.03004594292976,684.3052901957267,1.4275680406902915,6.586084341606616
33.01840259654401,45.14683546002864,48.97485682732944,543.4877743440992,2.752748626643456,5.543138058512141
18.106017975931206,52.70905130800956,45.91125303440893,354.23273624859144,3.2828723449802624,6.932349888709039
23.083405279659672,84.24537766296365,20.596093089971525,141.22937833420258,2.4504267885716886,6.610602687262859
20.450991759461516,68.27824322043901,62.4637143117788,570.2454298103269,1.1284000720420568,5.647975039710482
30.900841806374476,77.54757661473855,30.00019371152795,396.0043856007638,3.2474531891493825,5.713960931427829
19.229949555333427,67.71265864555355,57.245623233769194,934.2751142542365,1.7126622896471646,6.00192456898726
29.072094139098382,70.11477017945944,67.67311129520326,260.9180525106926,2.780118777822501,6.128054962546512
27.345920594742857,51.63929382798368,25.90701815966547,621.348471676812,2.7334948216906865,6.213221210510946
33.564437103064606,53.47704382282811,27.463183465455224,661.1931967080228,2.911180601615907,6.712130859602023
34.1223405675741,48.60491179434847,51.050207269595575,738.9150437876824,1.731947638909127,5.923924024643073
19.648838812232732,62.30501962371136,63.56943095971375,39.6365228115626,2.2091574865106844,6.204863691091386
34.567706986556416,69.26737347309351,44.54725126050329,540.5286441370682,3.4004706297081815,5.91083968542684
27.243688266169332,80.27647131671465,24.89014509461621,391.5131789644871,1.8718039023704587,6.61668728480213
29.51326631094389,59.186639485721244,26.39118535383511,583.5100975991929,1.7970237239225368,6.918835900771879
30.009684107871315,57.6501401249665,20.56954883514441,62.34213331344884,2.799828757400069,5.6209842625758215
18.792941557950797,79.73167806535665,51.79791108203406,508.51025784417413,3.3792143020304017,6.358879981280177
34.080746081194,63.537009930978854,69.90155559069235,282.92998472253316,3.0582872725722163,6.432494654598989
18.322599102949074,71.81033972957653,42.69580095775959,612.3435726517089,2.7846227139962103,6.532084529881562
23.17406146114567,68.9142751471433,75.49704587021856,584.3272436675669,3.2017459676320867,6.420623920917109
23.822622985492583,42.57976894026466,76.84774362200967,364.0565835833184,3.0812420539318173,6.4068305782769785
33.68901504633004,89.22117347335022,59.5647120604404,367.35249659279424,2.637850685288039,6.3784669050058564
24.50313561474171,61.465978646006775,23.764179161705258,860.7186587887647,2.8547248343598084,6.259952248125611
30.335509469825503,54.17255876307921,40.21145023948655,863.1938626538268,2.1685591028419093,6.833685812083329
32.01645669473773,68.61860975647687,68.48425711529451,89.09984377620539,1.569693795250752,6.647471901767378
19.46036674916619,41.06663651807503,57.128472837789005,761.1155900715488,2.965524913312353,6.253371806702225
18.944217335465172,75.45548834527071,42.9098958593695,846.8088273297174,1.0611755319048286,6.966406558033835
34.56378810381589,47.0319549135268,40.78648817023874,709.0166165869224,1.953294297428318,6.7526973993862125
30.033781809557887,72.90678544728654,53.34836664475005,183.94762819941567,1.4292329521747975,6.1899454853715365
25.21453278512059,66.04049083418035,24.87324702028598,175.5130766227654,2.7211200022169044,6.472770464655738
30.16750908677696,74.14949346289677,42.31287794325955,969.6619769333706,3.1622826470981042,6.589648274149862
21.06019591612465,75.34406818646491,55.57678348249506,850.7593050335817,3.3465982338977005,6.283111726849569
24.283811491974173,55.49856620668565,45.25388017697941,203.3563570912722,2.63291520544264,6.140471847221136
34.406768230268526,69.14827781833085,35.3117825096798,578.5593846245258,3.35708688173843,6.434739897899043
21.455680522065435,56.0631340734428,79.548917586076,611.3837061701973,1.3882471919112844,5.707239564594378
20.522284243789045,49.274784461930885,23.216785976082942,101.13027302648125,1.2844539711109935,5.894317275990488
22.675571991473113,41.26215517550623,54.91955160979419,796.4992427225739,2.6759401239494607,6.978653265196511
23.66435732545925,49.40346582323397,56.96341531496155,135.46660937805,1.9084816394825763,5.954217539828836
26.42487321377495,62.519507368047044,31.958768652347946,740.0064802964205,1.6212022877942212,6.300763959093619
22.752869439169057,80.61267246783626,51.85290389607709,860.5631084894854,2.737021727286849,6.11870462011691
24.016968645779222,70.9254345426238,44.31061469357468,849.6995709558038,1.8615922404143206,5.503534891995891
28.43490352732632,74.38062771302879,63.858330670831215,67.46696976656963,3.373012801759838,6.407145612027581
30.426940649153824,71.35235912577643,45.977883896641025,35.41747935592055,1.0744159927966268,5.858905474304984
33.47714139658841,74.54050890206955,59.94530796069631,175.8222281750501,3.3254779711801628,5.828283700106524
29.833750392074887,81.50744701006643,41.20400464555387,887.1128564544658,2.684820959574872,5.896841524933939
30.592095170883784,85.33516330475302,71.4701733981953,853.5842720114719,1.1474917184367095,6.47870349630646
30.03421413327913,47.535354077493025,22.37723077492273,273.5271654503004,2.11185538905333,6.867648650688338
34.58187864968278,74.01313792247538,68.97191391467541,842.4475072435745,3.108190146011165,6.81299101238782
21.6056012475843,57.08643945613262,45.73198648644198,353.96237681603327,3.305940384951718,5.797558957299882
30.861806907133342,85.63809848457973,32.13713534517596,383.1618567540161,1.9966556742789776,6.184826519736948
18.668008697803216,46.15221589790942,42.39246235338517,942.3874176816211,3.1466034646056675,6.641352973768892
20.831921006232655,53.38034245069187,53.80046810795369,532.0228638830621,1.278843839990894,6.524978417365874
19.225655194053648,54.70789759666745,65.05787251681897,272.34222164274547,1.1647589541465966,6.513151309482484
30.54630318540707,85.45868068763146,32.64870276990475,117.72010121268161,1.9087481132063209,5.645643645994386
29.0312394233204,73.48981606605122,42.045070800488446,666.1359113658104,2.988568486819323,6.232899495940265
21.119892396787673,76.20543126920316,71.88982115264331,284.7255637133761,2.3101746552253517,5.840851150129583
34.23039481389296,80.52522714269935,60.465096525133404,594.8462362189972,2.507860806496626,5.544665799182441
34.26253744189414,70.34876856342503,55.67103054630242,787.9966695552938,3.1704910486852165,6.226652737234673
30.969457660543245,56.5244608476181,56.99847857753666,881.8516177181674,3.3715020773402444,6.767641492066648
22.975032086716475,89.5628090313501,68.3454785481226,297.14303511099206,2.415982379412039,6.20651968968593
21.62030953102952,87.99158690557496,52.97380504757211,1.9628769386118572,2.39440734848268,6.174441663715637
28.39557870535473,58.923706160563285,42.35763200372523,667.8594927062223,1.2096137154714137,6.210132075378694
27.44542803130547,43.37105560592768,69.1622434509579,655.5053437868609,2.708994165125307,6.179915568708065
32.13029049537468,76.7724520505489,69.45358294869939,874.768203318783,3.4724592388983515,5.655001284683895
24.71529836388172,83.4382872723343,46.37559918839138,41.44520819010988,3.2425424081854692,5.894703373520953
26.578133319009062,83.59213768816461,72.3914386217305,568.8644640345826,1.0888252361061457,6.378941418895831
21.472768553305016,55.24924998053234,55.780126435215976,860.3735667158035,1.856301388471744,6.668948699065972
22.378989796438535,79.81572939221374,72.21119908467944,434.8692999948982,2.3614470867439037,6.176975474961621
22.157923642401343,75.42590865385395,26.13907735823656,245.76054427018136,2.95564158552475,6.500806274512372
23.455154265962104,87.18360310269155,49.47868784104014,855.5578273832186,2.3272070740970126,6.676040209510111
29.10883437249801,55.0252250050769,52.02871365041595,175.0296724336754,2.8013355892773006,6.464423536112224
23.86760485552496,41.34394723520163,30.670530600086806,678.8669227559518,2.410326412569407,5.927424135491124
24.33809040000731,77.56732203404077,29.609344518848463,292.8851509948963,1.237350417970339,5.526761584956318
25.882253992200425,72.93019862782663,28.34362516330178,588.7908710036459,3.0867888947917166,6.445794137670795
22.330357433498516,60.114365471904236,71.22430179680286,65.10336189017652,1.1005905167965824,5.640666834751538
22.092093451717886,74.4463360978028,55.317644619821245,731.9688424008324,2.350004838187825,5.9802185039817966
23.245469800307696,51.84061812174534,38.72304483837555,801.3537549348291,1.5702933436623536,6.556713996962351
18.983370594756874,57.223121254905095,67.29322257697095,958.9318323285603,1.8705602384128523,6.255646786462853
18.95868660710336,89.91139190065836,67.7540012267374,560.5782856967729,1.392069992430026,6.53029118787759
27.965933860915094,62.92305179951477,26.9878886062743,581.5318721693864,2.2445787890622535,5.713421287313124
27.400365160867757,45.79302279337983,31.571908742744878,240.79830380633084,1.0972550000236838,6.52130130654737
26.515955853135367,70.76828936274217,72.8048177043549,301.00573530500765,3.0380078279292317,5.942010324187379
23.316397184341476,58.35477956166862,72.45104114199131,873.0151918898889,3.246885513766185,6.130176343206021
24.89014788014345,60.79170511878363,35.9717252395281,255.69308764809605,1.4474810853069897,6.464381525122338
18.691934341159886,65.82084373739832,55.917249963484004,225.3645215893334,1.635614619250773,6.194039744302711
20.085548654228166,46.87290014724666,60.70015663480346,730.3845831110996,3.033630671532928,5.850726403798182
24.0476452180728,87.80490299532482,58.05313586339197,386.9140711296165,1.090221071995622,6.00012553197786
32.447578419874496,84.97907574785425,24.4726836821999,771.2272253223703,2.9431272337639274,6.024618701299912
22.51535704628477,65.5887282284521,79.004159354664,563.6397932306469,2.4317562629047575,5.61344962927751
23.93006145612519,65.08615781876885,51.101307679702686,187.48628716671612,2.1326860913948913,6.819120947903325
18.660543416932512,72.28880059422693,50.74233975307877,225.2525843371288,2.441249893972565,6.596330707746617
20.28717497738852,45.29937587921545,28.006560238343447,470.25504823523534,3.347234029104239,6.924137815089443
23.473330751421187,88.50195826340233,64.53967207138265,548.3335521990591,2.201354481517539,5.819583220047089
29.90360829077061,84.19715612328872,56.00271558846427,169.10478235300909,1.0491360028172816,5.796195916795518
27.614687638987917,55.48243813730207,41.231583106456405,373.58938800153254,1.7773138321994812,5.952268023312835
27.808954923054436,89.21779614572685,77.96742099227518,285.2814554033589,2.7342574888796563,6.869644316903477
18.05244503187754,66.25350559109927,36.201529762783636,534.6810987691364,1.4897578390443524,6.976663813285219
31.56767357516813,79.32204271653852,52.38980653048375,914.5987100051747,1.9461740139332964,6.81717147826451
24.157169593968383,55.67596849876994,28.104730405123444,180.24981450892363,2.0765868239572844,6.666775396603209
32.362964315652036,79.82936649248302,70.34627072847131,977.606088335542,2.177193055124921,5.683830732065808
21.615468786323166,58.589708770291054,57.22636033212685,975.9480169003006,2.0487649997499746,6.048281816814638
34.12192663627798,84.66947321061866,71.96758240985147,139.44046651125797,1.6820734650956672,5.7203729648342385
26.226753655915466,51.95423131979975,61.67316334289287,44.96740689469802,1.2605574698704962,5.929734125337855
27.125035970107803,43.15154649046882,35.62817856100849,802.3404520824312,2.713521025801582,6.438588718430129
34.81949790169965,56.50231778134571,50.591613266280866,436.73600532316135,1.003559020649435,6.003694053919672
21.63864056399671,52.49059834646559,32.25193047076379,760.8909401432189,1.721189055608777,6.07340663518129
20.28664688430372,77.7623723739285,72.25048287053144,560.0402135107869,3.191113243628623,6.085584631925941
26.49031684444676,72.09781675655674,76.30854617432948,45.78755771904852,1.9514976113643125,6.281720355629188
32.394093454670084,71.35868132282306,39.176627940226616,356.0431475882879,2.2395972693765955,6.6282145964495935
32.14312322538156,89.13733864589672,75.15190714497089,978.3642893438368,1.092425083126642,6.3320137199817745
24.7260834063618,47.62784139190018,71.21007654600383,716.6287261489144,2.631453205775123,6.30168225917013
33.41141136741338,59.44228295161731,77.8582694410129,139.64649628288396,2.2910231290927214,5.619976159118941
23.299871520713257,43.968754064924305,67.37659171191709,305.5564977430072,1.2638973439058154,5.895175869254128
33.17363657802079,87.8818350285598,33.14607757810297,591.4132387098994,2.69342963976723,5.729290066950941
19.81118021972197,64.50862726895659,29.913392741977894,353.5772215454004,2.713590086927499,6.450125221580026
28.879111642228565,73.37073366240101,46.818375372885704,921.4308030139352,2.0876494355288644,6.137655592858303
30.330563017699973,77.20950332942401,72.05920496028317,849.3201353883314,2.1491362372296754,5.535711398753713
34.83762094664016,41.88276717592159,42.51074230870461,694.9866036158917,2.5539377595276225,6.448208395146102
30.610242040447524,57.95383380191251,59.442469048212764,778.1360994062846,1.92707418339361,6.561870817044801
31.54268675480715,50.84784578778677,20.484524793600755,576.769164141825,2.7784090121447553,6.1166702020186
27.185236195905553,59.51339718349977,66.30467092012957,580.6688493415423,3.0075012509446535,6.213887072295401
18.566106944443924,82.99887595984919,26.857689102017794,353.807705172862,2.8524510212559195,5.955373344143277
29.543030504110032,53.19979063367752,72.90112559207542,44.06365385228661,1.9466305481371142,5.9373771940985325
24.80217449549122,57.11524025119613,52.54184164806871,902.619234122456,2.2500211642360424,6.6488966760661485
26.88581779379333,43.8390995251847,42.753095085069276,619.335617014887,1.86867242495398,5.911876864321062
28.77236494080366,54.08844874168269,62.55973328653588,578.4610812519066,1.7002409011037405,5.6022029750832685
27.85725744991254,62.260396637476674,54.88743064871427,278.9810829616861,2.8229012020039757,5.971224294694505
30.135466406990304,78.80175553525454,66.0773597354208,414.4452696493459,2.4620984183760006,6.63687205751992
19.771041829087615,48.35843995488305,39.54780778152587,148.6815769411507,2.672840180628699,6.980748095914361
27.282955966705565,88.03351551842677,41.50558056496364,545.7384893783831,1.1441275638231068,6.7389656792173565
21.417056592102906,74.92339350148517,78.88788677325908,114.06690348723214,3.458708215498037,6.603669195534618
29.45886009475153,70.39819874309885,70.84027664153122,387.10619851569675,2.025155695909609,6.271019851722652
34.26658066565297,58.213672119201775,21.70132587098261,962.2203852676413,1.9471538113246283,6.841872279165979
26.158955536732027,54.280507252161854,67.76424170727434,544.0183907632969,1.1425035667715924,5.98407406023384
21.568206950591204,76.14453040110402,68.83154349803198,733.5551934053583,3.414054418599685,6.011864744017982
23.542410220872284,84.24515872224686,31.355454585615053,790.0330577115813,1.0472660581922462,5.5449943080489925
30.78356634417541,76.25719514046159,68.49629535421224,796.7048708916091,1.8806317384671003,6.3976902304648275
20.766454362878918,88.62324685463321,24.117490791978298,50.58216766981316,1.7925362964156233,6.364820597322947
33.60372309850393,67.1326595888648,27.606216846161896,804.6868343687922,2.6610086407405493,6.237220305713857
25.186913972037402,43.56546205556846,47.530744975910096,687.3815461175027,2.825374907509419,5.74127105716899
25.25389643339319,65.96283299854863,64.11542338295052,589.1527696235962,1.2717647611537566,5.589325334892769
29.523599163642785,58.377472090025464,78.58150057569233,262.5286353306101,3.3900306281208485,6.672106190845781
28.348465046583605,50.18880818921757,60.66307750695045,608.731040029089,1.2878477926204905,6.534185772335426
32.60491344005521,79.86840118523793,79.7958301802062,72.1130289395635,3.1904438938200164,5.772808463154652
20.723617743518442,55.80402120115927,54.4093387119163,677.921773003354,3.344932405368603,6.255946179942865
21.71299293497137,45.03259523918528,47.020187180811426,963.0867613090691,2.0320115069280544,5.863748537470299
26.465645106915744,88.64857686312419,59.21202237260277,256.6945878392246,3.319321568190546,6.370393155234425
20.13494870250521,59.07386766475025,51.40990512150374,103.20225837014496,2.41905550738653,6.4830641683567585
25.42395306582578,53.12566619470883,64.54657725832274,368.28239638673597,1.7381334548017864,6.447004008994516
25.714994047612716,48.58298150156535,40.9901493303076,399.52068105282723,1.6126810694850895,6.0937133543622
26.56765577837976,75.92881769997825,55.12870613427913,289.0716495548775,2.888489306976255,6.291287857946066
19.66080584711062,85.19388910988442,55.95844423365419,519.4035575952587,3.339496083994714,6.184497060361997
20.63859952811256,82.31480432767653,63.50580838994886,914.8227016201787,3.408747123953047,6.602088290449332
23.026558826451414,80.93732237765559,35.726161630806054,786.695033832038,1.1135559351415714,5.876592704756855
32.63541132714853,77.37902232175664,46.188960158399624,445.6427084055742,2.843660574508405,6.780636330581929
23.257393027411414,88.2202251524153,40.62682326612196,983.5392373329638,1.028954711686119,6.452575693018208
26.955412554085164,89.1221617651781,74.62835047157832,808.1349460781564,3.0600906288441214,6.487323977265845
20.125319334515705,62.27981566125852,77.36002459405928,5.4320612087988,1.6379856681819778,6.325941761032576
20.75809321466404,65.64665281926239,69.53079887228085,927.4545156657554,1.387694241188795,5.64192083747471
26.55744349119157,58.02465651078034,65.3982116247463,797.0407239505237,2.609053635744104,6.18644956869997
22.606311357614036,79.79822600450338,71.24997455920246,396.8971029866735,3.143805042795764,6.508658571949968
31.84583986325476,88.27077197242852,37.011557794122,30.36786653522372,1.7428545743323043,5.764968223563441
25.785845219456633,53.46076195228916,41.38276198347039,732.4625803408039,3.3802218053675572,5.519902826161294
28.895963213436907,41.8760951654233,44.62147587250364,42.58255161883795,3.173864352566711,6.174143238516315
29.19723819031743,88.216919661943,76.37202265795952,623.4641388614743,1.1977897294311988,6.277441920303918
26.345205231712736,54.56539943999115,22.992957905942685,619.3189759314272,2.6351242753501856,5.808107089958743
25.6420711127335,62.68493256803306,54.76686138711545,483.9489523505174,1.652048842434204,6.109226667926647
32.99990773806104,86.52126855670329,42.07434373083002,814.4347105991782,3.2048523663594897,6.739294133662589
27.203251368226006,45.33588967402906,26.933890519383475,845.8908717943294,1.7154485351774196,5.636014400206645
25.185280563744026,72.28687442641655,55.34038544353134,35.33939403099817,2.088839757811634,5.821880042216632
28.432555525862753,57.78535896354738,44.31860061408496,276.11686919169796,2.631183251064743,6.300321547132718
21.604244896542966,68.43281696350643,20.377782471052637,99.33856956013076,1.9224911961989746,6.423157445441275
34.91133285677853,87.7493361782935,51.930863326455096,445.7708469929822,2.800444129180382,5.596317043344004
25.874649199832405,71.95154523416645,38.7333459210149,841.011812934301,1.765883628945032,5.72374414637973
19.20050548017295,42.67617553058493,79.93257030801587,135.46724794543474,1.790855789042365,6.226168871183267
23.385601174210233,53.305263086249155,72.0093506939946,29.822781047860513,2.409006743520927,6.974820551024308
24.721489405772004,68.66451074300541,30.269271422812878,780.2299711419421,2.9241802158952206,6.429677486977585
18.620164670368464,63.89357958983335,25.190381394841257,220.2023270321678,2.0817066994181133,5.951686611912918
23.536979866775432,87.77720006716103,26.548546960267295,630.1108870864341,2.165574920211684,6.861359014794429
20.882555173275534,47.74266197222941,78.96721275777787,365.7540429868459,1.5145451044795428,6.045203073446778
23.16480936639521,86.92211572229809,72.03495255168451,531.0583033712543,1.7753734439006401,6.81893385717199
28.50771739371123,46.67315029626831,28.7974820622916,743.3106150576665,2.848423060506763,6.0310873047470475
29.60888307179194,58.20058085531764,23.620140011025295,552.8678232958093,1.8855482180761356,6.083750286942202
31.22029548326497,59.30696467816641,31.853412758349386,578.8461117345634,1.4956145598629014,5.778897684939421
26.755166308617305,61.481669406342796,60.00981832550488,489.78568389129384,1.2450802598753796,5.955720281834025
27.444343715904143,89.32031301367275,64.37988667459427,421.410230325095,1.0230531392143787,6.33225393136706
33.436974320255025,43.375283076098135,24.446777129287984,375.84373547359286,1.384999161513425,6.204856298913498
34.273575670584464,78.92300407239762,60.71816513128487,691.5173724574348,2.687961663051212,6.8682413907750846
34.1172614927536,67.30724099428699,61.885789085108314,664.0311597364627,2.197380153317365,6.9843874687899685
28.406393934966424,60.776782856186536,21.28121656969665,781.7406979570679,2.613991188417296,6.826594320146308
27.54087860009819,78.61906837894531,69.79174103574502,187.76278005868073,2.8674821210299877,6.830879351058339
23.491685771511523,58.009620462490574,43.97482423729689,524.0139689412492,2.517801016870914,5.971301093122009
30.053961490529655,64.5039879918114,41.726018758395185,75.76969002989952,2.2885933795505,6.679159803854998
24.683297348496282,57.70292499815427,28.52142221159697,910.1339479454273,2.0487510624828538,6.227428886346332
31.803595123749304,83.44602031766064,56.71100155660785,938.941643070717,1.0851697271608298,6.988098144097957
20.196246530990383,82.49986940421331,62.41454696901136,222.94406252731636,1.1858078211906224,6.810788132881423
24.11415312162708,57.10168680724415,38.45210602384216,871.5976019361314,2.0312070990251687,5.95837963288407
20.655986115791556,80.62559901212612,25.75573756826678,979.5830135007016,2.422486985621756,5.707500793599627
33.16815825562581,48.74469902246808,29.79373390355159,163.79596136477292,2.599722406985472,6.245109580688718
22.785015437653527,51.440724043719555,75.8460136217147,217.90630419413193,1.386877747212219,6.649263538967825
23.784617306531544,67.9755883206146,31.765284898260393,288.84536547847364,2.9781447273717108,5.64362748078878
32.044616076487706,44.626296774860904,60.96870064354512,848.6310592355344,2.8919562917446404,5.901182720346118
24.855235834917135,89.76831281901366,44.57137508854322,328.9483531158932,2.098717575273166,5.748092867950142
24.794935127218096,45.13658540706403,35.744914969892214,343.34365067513795,1.6554527643464767,6.109255430837534
29.959395460031395,42.70757242894333,64.49797249505545,227.01982623226357,3.3951155999980176,6.05987026536453
31.64989111547306,88.42958191591879,78.0510114603395,234.58525285241228,1.968175975516334,6.18226420082781
25.39544932458233,57.24490931760015,71.1486504663402,736.1674680148136,2.89641286608952,6.478797969246428
34.842609680287204,84.77704437175076,59.465440120827175,62.600294991450255,1.5197759009487175,6.073648345058658
18.98099326650864,59.0985326884164,31.998695063881183,213.0508765993443,2.116520954515902,5.541548669760269
30.283101582159553,45.88617360898809,65.74738194868095,251.61803862441613,1.9700872463491108,6.331749273221041
26.457591982711648,40.01566132861487,27.840898161708374,893.4054146417099,3.4628681213961032,6.55566760119803
32.9362265776074,74.0728893051164,58.17364326614836,743.1392845016036,2.542553903956912,6.708197539551457
23.025070347144627,44.132332090117856,76.14551628400577,152.03404467363524,2.3029518718845994,6.9251053272955065
21.284069713992395,83.11377390753866,32.17359123049002,226.61207367912772,2.477523091117006,6.23165775246165
27.80433535011306,64.58328738876087,74.48964787070719,890.3654930090073,3.2684002605153757,5.813275557031894
23.417490230626345,58.25150026455299,67.05508549890635,701.1246247552895,3.2669150892604986,6.490029293124313
23.66064551100677,69.71155148349041,28.37715727439992,598.7393725191004,2.1014365831242166,6.81518478521838
19.717937362722424,52.22959356327228,65.40274766952751,42.56423858045466,1.8756178328367525,6.633537867991216
23.69203504195012,59.44810327865606,28.48153930207284,385.5939081155073,1.7412720557982548,6.593204902103087
21.394437380636802,80.32739223619564,30.106904394330193,464.0706424289104,1.055524875676657,6.436227606320206
27.332520352528867,75.9639159312334,28.845934914121116,854.3222278000052,1.0824621002358492,5.605285582800116
34.00199169289734,62.39655888771506,28.519512520609666,601.7862342296424,2.416410585630903,6.3498853318878625
32.359078154836,70.49140562853518,40.69998504193444,27.673610541310122,1.370519896133781,6.199315597446197
27.590670292614355,78.06486090512584,50.03989511367693,733.7886879494757,2.1574296406954354,6.447039166189365
20.171117123688035,75.96660564529867,22.228161066609303,984.116691752087,3.146319113520466,5.787849272717993
30.19113932871589,65.39904501977867,28.08369688867387,305.2161612808757,2.633871424567954,5.56570676748996
21.66638023232961,58.09856151983834,22.325143263815615,905.6269147613921,2.9663064495302254,5.593996229025465
29.248964214689966,83.05577556456677,60.513508100895166,287.4481543722277,2.8688257997290254,5.773828301523878
27.71671589370066,46.373132490111374,43.472607456274204,927.9859635379106,1.7534281049698515,6.968053600892887
33.35842001779181,57.66338912051067,37.26553176506753,617.0201488634564,3.101740161284718,6.072881962497401
29.389861947153214,54.37704934719973,66.84223735270774,958.497783687021,3.131109463425157,5.535509035993766
33.93189818456355,87.2378380453151,52.58023842457472,805.0894497370332,1.1931250974475742,6.0760091449728035
21.575095215457804,68.80840457210553,42.73630743010103,293.6718438387672,2.796662816567541,6.125920105231081
25.610294556785934,80.03931935118987,79.21436971758432,861.1390343987757,2.322550213043402,6.867533471871921
24.830474940523445,79.81083911596998,69.87849885738912,308.570188435397,3.3990076518840944,5.856330266578079
30.316395371842003,59.06622634639541,66.99220906140664,911.6607875894915,1.8800612785463828,6.116914254611657
22.372785125017028,74.1738314479032,41.522473231567645,70.58065649201362,2.6414791612310875,6.611841865222745
19.061697382746132,68.66688491761889,66.551417307891,745.6921589533099,2.292408380359829,6.9746820701851515
33.8324738535705,48.728315264665255,73.91875788184234,511.64988456220806,3.4323389222985874,5.723635633185823
33.956373996828646,73.09301192916752,48.857222546918734,704.9795667306114,2.686727608385832,5.988089318989045
28.101836937304583,74.93573302035546,25.4201736383958,133.181179999444,1.9479721990569772,6.517673760296438
19.81448707780246,65.2787085557557,20.467481525020133,78.17446866167077,2.644106196543199,6.100109350534224
18.876310485516555,86.10807684448557,78.3103685675589,250.71426875447523,2.517442953883093,6.506367172717471
28.622075439751818,58.63204827982268,30.59124100695462,727.9750043867562,1.9841505314433907,6.9603538689727085
31.173560128670168,77.99221765160232,49.584447072476245,297.26016979955614,3.2993464929611456,5.826301271008372
21.19230863676855,50.90548769569629,49.05087994965082,203.28430263899244,2.0168729963887997,5.6089689494896815
26.144567007273224,71.30009480042472,52.30555373312377,396.96913826424753,1.2719158980704335,6.126797756349925
31.32933348947618,45.314733641635335,70.16745586391566,17.199515838964953,3.313062720915674,6.320595241324316
19.03850432178526,82.68248347341812,36.809178486985644,876.7165755863622,1.523272828840998,6.219487821386127
31.535644237462233,79.24492518231585,63.67231019253055,495.6634929835603,2.299755537219318,5.606379259387203
33.45939338693205,79.9877044218423,79.03174105316573,775.3101843796304,2.3954079840930023,6.942860205654674
25.452881999053773,68.20152989606959,64.67192459430629,712.3138482546633,2.122773324035904,6.473350512415163
22.097356380816912,54.512133864671924,34.81571584544536,608.2594373595012,1.7309120868734396,6.246340242339045
24.638061934158635,88.82247367261783,34.200264148905234,769.6781140832012,1.6750363117616887,6.705311268984309
24.703063554841886,61.1949882656218,36.40805354133665,299.1511526111259,1.1807869087751366,6.0036782293195765
21.559079897102237,46.948518943113754,21.37459421023105,831.5476471418943,1.851281939234962,5.789791452213422
23.459730585865827,75.87751364408678,30.379559024629376,227.17677367787226,1.680880319397192,6.164055646444582
25.97932200318225,65.1179842860676,58.81627801449178,283.3603487359683,2.314532113023674,6.7441768878025625
33.16453748050372,77.95078115338575,77.70441397835984,115.42774348202423,3.0630041570161044,6.5422825077640745
31.61227452063108,65.61071004471157,48.86252795164975,332.48805442946684,2.3237038997118202,5.639139279358043
26.882440772206373,78.85888980523254,73.31114375038436,992.4574776500692,3.057582264036471,5.542349202864527
19.980185621719347,83.89106757848592,23.156271279350488,630.0237340045206,2.4562127524976822,5.902351287712437
26.29181230257332,64.64254851148513,67.12181859833473,433.35833675812006,1.0517487054821366,6.908534077875691
27.74638000649953,44.292157449996964,59.18387394412477,19.113556158883995,2.059070623322815,6.722510395432094
24.42160348701129,70.37697226615344,58.2407840645909,329.9813365557952,3.060610068522893,6.198064600578952
23.2749328956423,58.320876439505874,33.057369066809336,50.19026765458578,2.661818495901275,6.4128313908143655
22.528305626560922,83.3715876991118,41.583931088300496,700.565300313106,2.9393807078630982,6.147236854842089
22.293621854348523,73.26124597185849,66.05986615931147,552.3118842222633,3.067295548391428,6.826643923747869
33.61106471425829,71.1745920432503,66.01069847571182,894.959880147916,3.1021194856158525,6.145629354001776
32.13352406683866,49.108631340733496,52.99911642528597,429.64190289350415,1.3774863807088837,5.845783494562348
34.13647538792996,65.53708309841991,70.29611724582558,255.6754653546417,2.5266094325882795,6.775974597591879
33.20735197195535,86.86154292873132,61.72004102535493,345.87426631946084,1.181884462551327,6.374701444696993
18.868730663380276,47.194520585823234,24.50192085602634,43.16071814496725,2.0053140061367496,5.792203428933769
21.53907599613386,50.75571038534272,39.046158218543965,640.4605623213886,3.141060078183264,5.568522112491067
24.047262681840444,62.53635619832406,31.154858827159728,383.76301677663025,1.5301132293651545,6.458449536053919
19.472960600183516,54.22022794052039,51.41059302206538,695.3045261000714,2.8997101000231176,6.294220757430278
33.723522338710396,45.61745785358356,47.089840137586286,48.862201903073995,1.033023408151619,6.003882627228463
18.609647718643586,59.99922536672878,48.46402681906959,172.05061983953007,2.870934209929003,5.86899419014246
19.11313031276631,72.28554667403544,27.588389663050116,296.6000945234301,2.6163295048699995,6.892803726222731
21.42323325179836,78.25240601283267,34.71669387187802,473.02135126606856,3.4357063394924445,6.226851671714641
27.82429808363797,88.66495832789954,68.56909621918615,447.98640235550624,1.2828161989934714,5.705222467816089
20.58181645551136,88.49141027942468,47.43084457018041,337.41557163923494,1.3956762285799371,5.653395139211852
32.24629912812757,80.14670865593853,58.13144273342262,980.486941840503,3.0093423215508737,6.784323251049326
20.38941236985805,64.83045776836931,28.713457290952846,508.57596419957264,3.12141893958215,5.728350680801853
27.745416274186596,49.70182824444731,20.984020308141353,614.8395003592009,1.1322539642854148,6.815094386441256
24.393239624221188,41.586334794829256,23.187252930733447,169.53618894022304,2.2870786750983023,5.572202857173031
26.514370272617867,70.5456571866148,40.384576729413844,682.9374638090013,2.8720889646593406,5.722098387538711
29.69228253715206,87.24784494129383,62.45446396038653,946.5849361939012,3.0140659645634242,6.22061749722849
20.931834142082597,51.04644700224497,69.84532823054653,683.1750621198754,2.4018065671670503,5.8595457945357925
20.36211951388578,78.5225199873289,63.6365593948875,250.9266401396608,2.194675550898605,6.076405581926101
24.88213531126027,79.32986614505768,27.942476401441958,264.4241057368192,3.4905858532451073,6.147708626659442
27.718453791784437,43.41973239259193,28.126126743206356,60.503457751824975,3.1447353910441533,6.826598300638176
24.023949402377404,60.074839144210486,38.40919959441053,708.7436007031508,1.7833871004579904,6.766981519145768
29.39891404340363,75.38152270343555,27.519474196467524,304.8782407582232,3.4088868413493394,6.738219914661807
27.625644920666275,79.23623570407851,50.53429419086669,826.267626755759,1.565441115107306,6.365971826140795
30.327294166494887,72.01803391037954,44.20223309675941,650.7338788723986,2.2810577630357516,6.490301502453194
20.113312597600597,56.268238200886145,55.09852990420302,593.4619817272811,3.4668216581778797,5.897390283816084
26.666766129905938,82.38563160704467,22.057566900918243,423.60254338273785,1.335204321791639,6.083603361657272
25.860386017834387,79.80026778091596,55.867071965474906,579.1508462165611,1.4878909044420696,6.834721898827259
25.782847107066083,61.213327436925084,43.61211703282021,952.2987393847235,2.8640496107010356,6.078880861743885
31.05898371145738,40.36412435756852,43.88940366988797,214.4061238627506,1.6396376709969143,6.060766741354816
23.68120206416625,70.48152838041985,40.537909787053835,537.0325414266184,3.2155057258050324,6.693889792002933
33.86486755432537,73.54971777760332,56.384367840563165,264.8107590015296,2.102870703276728,6.126258161396176
21.71310320499552,46.53639614867413,27.47785258550334,283.77817767165294,2.13709200557211,6.858289133298301
24.175309935212713,62.065144125739444,40.573317956503374,895.651152779798,3.259974126698377,6.202624537197984
25.641666344087568,88.7859222668611,34.32660695813492,987.0473085392755,2.0389499716797994,5.753908556104763
19.90233911230404,40.74708073509914,33.08123856102228,116.7538539732198,2.0108318165860677,6.284570250279226
23.538035684361443,73.35057898695958,58.319666859731214,802.1600984177545,1.3351169761087358,5.556818030535243
19.11157669503814,59.74200695978979,50.44338780628713,471.03031652514835,2.035493980862979,6.785759965301247
32.33246117936204,40.59344473084893,23.84401727542915,488.75188612996755,2.436936930566034,6.614433468313301
19.38651431775257,49.78926611164508,64.52937187497933,872.1881173819773,2.7883084417974615,6.7628665618483845
26.21405505996929,46.6986676710166,34.33352447504197,180.99908492271877,2.868227635822519,5.678410458061739
24.27553370408023,61.30611377051038,30.505054003111923,631.1780765630609,1.3295269322516772,5.770681962198915
22.118685697689678,76.71346496567642,72.5560601794598,324.7519344856692,3.17562810079705,5.570190582726294
30.48451141944352,55.782678048151745,40.73954561282086,316.38926330606785,1.878372620132253,6.927653108686611
23.791908340536928,83.69394359444877,31.53779621555873,641.8505284170744,2.4782879274726257,6.503105688976761
18.021525284700328,77.06855508585554,77.82645505199244,667.7440758326283,2.1041945340425046,5.933152898295343
34.98127128459042,76.80726816096976,51.544824179716144,7.931231640936898,1.198049255834519,6.030428526013409
33.64258177115004,50.95912973516796,41.449135649030346,483.8745485062706,3.102566957942446,6.815652349077694
29.105322042371384,45.71749141958683,21.264508706690393,58.02658930329141,2.5339369796252083,5.600165594474142
24.297987200907457,70.60613653543459,67.08217491588859,858.5575924695606,3.241324207639927,6.741341989523866
19.331239094891885,85.00136582209663,55.190055590241684,794.016965575983,2.9491763408360843,6.017913468660677
28.904337588004562,72.13638722085082,32.01606065078444,273.74597073549677,1.3717199309098795,5.6400309398180415
20.856643072735945,58.159282377543356,47.60346635405802,65.06710811908701,2.8264123919323163,6.213462569427556
25.18747207016481,43.77692007437341,22.418062720416348,718.6436188273171,3.050129209734463,6.02206851798513
19.8285512802959,61.12936167126353,47.981101568400376,40.75969473361829,1.908367604810985,6.632705407254354
31.07579862549043,86.929304528703,58.3198446206474,942.2232026738658,2.7629183591543667,6.717910765173446
33.789927946353856,87.4222446899459,69.00025870280217,335.7687609061759,2.1164694358373213,6.284098542174899
29.10810470065322,47.68112913180456,47.96723415223427,421.5139025476953,2.342115064875447,6.318577501917226
19.973545949876492,55.94672295785527,24.476621299969047,751.1178061701863,2.52673696743259,5.533974210708936
24.489424160247218,43.91736757604077,36.17130785745931,494.8308668655382,2.480085509286643,6.3398401391522885
32.67856884057156,80.18489783611618,57.699473539188645,612.7437181248504,1.1233807692853304,6.311735719844162
20.60921665197576,48.856472952854574,51.8236097763205,109.78123934395367,3.4358800017018263,6.752734874088375
19.480841377026135,54.54023986685586,50.53727415275473,43.557443218973816,2.5668109485647332,6.007116206115078
28.491403643387684,61.83173495739665,39.00390954294547,825.3441761143611,2.8530987574652285,6.554137972509304
33.32236892604031,59.13159962276518,61.01022916532241,756.7778933829414,1.3161847961140687,6.455156817287131
32.45591189185021,58.18146910153771,21.651562486795353,531.1970737424808,3.101547819666562,5.761709309943186
30.491044371584465,70.33490694080544,39.976580494558974,268.38007934347894,2.447782068583739,6.123259062417231
18.07237858982577,53.2736985503872,69.47372359335995,452.9115719200143,1.9535928879573081,5.991464225775112
26.092242654002796,56.720774972536894,77.10326686768994,474.15642169364526,1.969426429101672,6.326397203928095
24.913951142547905,65.70027099864505,56.81776229801264,706.8108604515452,2.894474709403696,5.658098549011287
23.708627009507378,46.51482983712333,24.426530266807056,474.52858466325034,1.6366681388646989,6.064244873345307
21.122420485138896,78.87212466871645,20.123971376845752,619.862369121308,1.6772241086513269,5.824583056629883
34.49124799110406,71.55661669582874,61.35999823853949,142.76344113200346,1.7794566342398643,6.923345698310733
29.54401461132123,48.98825031087112,46.625755733999846,511.62053689419696,1.5425728961448457,6.32186370139813
26.501394287879055,82.70582555450738,61.90573202561744,576.4826950996018,3.0450773119137335,5.802823409235436
20.439746940063316,78.5770069031183,44.58741597650934,577.0340688367952,1.6095504389716833,6.659648651595707
29.64154786555425,47.601795026545794,52.98378831003484,402.830334607933,2.590189330877351,6.101534731933388
31.195882544564995,43.4467340086536,24.185949699414635,585.629426861999,1.3508830151346378,6.206874227952497
27.92394174192448,53.36097645564715,30.75403918204338,552.6057730613431,2.548010922275724,6.838106510273
30.64845105344035,50.51498485664122,23.912967283635744,556.709642455691,1.2780412974509316,6.829540054281401
21.343224645535955,80.85533480775841,78.66482163299068,364.2287557108578,1.5830262393090344,6.091059335786671
21.07408434880798,77.43480021611407,43.61297831110487,162.67437204830503,3.1151711689331405,5.847414645576574
30.271852194766293,63.34307958021293,66.13063601238358,158.5099679983072,1.4537468244998875,6.6798041055949104
22.07792138251598,77.51565221399794,68.5866141544811,655.4230149756303,2.5155026937803293,5.746179549752239
24.798679499320535,77.23248341187181,32.90572780213718,922.7031975283185,1.315483950949692,5.619910997380694
31.87315071805407,67.2821277478123,58.309453503368985,860.2779478423114,2.8415356193447607,6.7940032911549935
29.229342968711908,73.86510526187023,49.928410867433705,306.579629288373,2.374836241458253,6.254949171967031
32.54168391796811,59.38361151816736,34.88952299826956,294.4788123046213,2.0718754015183145,5.69793592711221
22.70723281209783,49.52737598106907,53.54690778597515,150.96243742832593,2.98499683136175,6.654057908463999
19.267481819493593,45.96166958444158,60.36016901341871,412.85014425911646,2.592919612402505,6.822844605087242
30.956576124878243,60.756755882702066,76.09470829943967,638.2860277614134,3.064854902912986,6.503552617506648
21.20951771246917,82.96948996411702,44.743757696214765,918.2992136029943,2.4009224707031023,5.801714360700795
34.05878488322748,43.49196831273939,53.78956277771619,520.1073862988512,1.7405101976574033,5.820056409660272
22.06996177102517,72.50140051328911,47.66402215722944,26.46765213903446,2.386929898451984,6.242103638306866
19.988334459193503,84.5941214392059,27.471812979152542,241.97684379679907,1.0396850691965989,5.989424698924572
19.50589982649067,79.99201512037303,24.285471262351383,48.83714884106982,2.1254624842303005,5.6731852158647404
19.627274538282954,73.28480735653878,56.31044168307189,729.7571726797514,3.018159296539184,5.650401954838545
31.94564761509604,86.05971006500313,49.23258980042876,570.6119409949911,2.619614384838558,6.598562749671573
20.723562405268805,54.257855057629484,22.531714098203004,659.3548953539413,2.179689901697511,5.865199881474321
18.332042863653516,50.52449664429208,36.46277043068998,829.9948244475557,3.491839513959284,5.782383832885652
20.23905854331874,84.6556778890075,28.00528283951829,952.8891954409393,2.893145182633465,6.300315464568155
34.79635264791274,85.6328275935643,52.37246337131729,939.7057482295512,1.920262599010878,5.832262822068491
32.63716230507268,89.04479515901406,58.406806239258174,883.6326387817799,2.102772949869783,6.659731772522857
28.874521723537903,48.656883630522266,27.233244279993176,930.4815020634053,2.9323138858852396,5.941797973968523
34.10837799439342,45.23531988038311,59.95728747078316,773.1317696334364,3.2408112064806907,6.316077385835811
31.048242759162846,80.25684196683439,22.60714487238478,406.8650840858181,2.8447147141024423,6.508009817868285
19.04559268162876,56.56994868375781,73.5978013463632,837.9385286702818,2.0832396578882517,6.729884683975762
23.029586726685224,60.94349187163118,41.87622586193132,871.6889688561429,2.900257579464837,6.8312429153224
30.73208204493732,40.364940200187924,36.03421589247718,902.8298962431587,2.8283912219460774,6.981011991133963
18.92769495323112,69.13823055361735,68.05712849027726,997.0418611902072,2.2018264428468344,6.72288171057931
27.28876204380923,64.61952212940636,32.873501653532735,258.5876015257372,1.11478461967234,6.5199256987762
32.21914847411668,76.70527574024565,44.31055450714964,381.3954266773479,1.4800457491458,6.513051293906674
30.152704351078185,50.44565728766787,56.91276223911747,9.101394850288603,3.0770066709455355,5.851292198677566
28.067984833982234,66.46390581486898,23.229384326015204,283.34764204143346,1.5803303958007022,6.748692762200669
22.64195299179149,43.33864790193177,62.86324533430164,196.87441654008475,1.6197914771205837,6.266834484439042
27.530844399304755,78.35306429513446,34.77219320502831,560.0665341524538,2.7599767469536003,6.060951145760393
32.7594266486816,58.339946950815374,20.13102377783574,951.5424650390596,1.2599108536227637,6.216428555326196
27.193855200222433,65.28442040837699,73.25541504018159,146.75968466877708,3.1323568152523737,5.784366463404124
25.78458958674612,52.171525327121316,78.11977582860166,448.2023983827742,1.2854040901085,6.341911646172453
24.694718015779742,71.9435798803894,44.015499761524076,389.7085074510315,2.5995668140643873,5.576643948950696
19.340617611095063,73.1490925578416,37.89219126740522,675.8815011075179,2.979178516879725,5.817006783034252
25.22984274485561,63.42367265920855,35.86276398199752,447.75485600949736,2.228319843174706,5.77792071243082
30.25452742215965,42.00415581373052,50.765251665964556,415.69563688423483,1.1350476575821773,5.587633342473019
33.66894111282521,53.025375790172674,67.4650022345987,810.9123627534038,2.649071095658343,6.734631148757372
34.949930609563374,62.30460715928824,54.07528791688111,246.16863115967092,1.9105913014491311,5.982461794874319
33.679532927730484,52.09703125562173,29.65030779067949,388.8305700896079,2.76614247883932,6.1168579818945625
21.299859654491677,86.10474758169951,34.89222452430532,666.0713349224048,3.255122197644766,6.738773427379596
32.007210849025945,65.7574626767706,33.738422513900026,256.4831337049236,2.109792787295971,6.488605627696852
25.103389942853134,54.940648731835225,45.03221882864247,271.30123702699905,1.8380176001493702,6.308449631478739
19.222918303354668,57.909612671112015,27.955200705895038,55.829776108664134,1.711335413813401,6.629140804129083
18.449698877936427,58.27582658613727,60.66423314141737,934.1483199946052,1.2068665735752608,5.964515356496527
34.47267506861021,81.25950332513429,56.434152827809505,972.4200475188721,1.7999818243132477,6.252403881748764
22.767514854460686,63.82075931864448,21.16201203068023,68.97034908992717,3.0194782430434013,6.115209695149581
32.42177741233697,43.071196383061356,36.356380119852105,583.4439890508604,3.0921881067677988,6.244951531249312
33.545830163587574,73.94715073863907,42.45676744693827,473.1944773476654,1.8999546854128009,6.9729372183101805
18.575073229071002,79.26287702365963,73.93819831335293,338.56909739999884,3.1680808618111636,5.717232529647139
31.087622393919247,59.951719637421604,53.401217681247125,880.2972404170291,1.3617769922804488,6.737005192833366
33.08209966480227,85.74381462968714,42.117807279398875,377.6073603287615,1.368918211954827,5.978768040012363
30.732057809975032,82.25888865997513,55.99284237096498,484.35287621040925,2.8370518176791517,6.379595587801751
21.535532874355095,60.24185311770245,55.36200236793996,298.61817012125204,3.33206270985659,6.513468882695195
19.752034349645776,59.713478866156706,38.53414469969235,325.84569150480513,1.7979283971316107,6.338760951476235
22.641294413691128,63.43360464260223,75.6004233585099,275.90025933772944,3.2048339685127676,5.586333542243787
27.650505829598117,56.60552147768392,21.417087362093838,932.2961639931631,2.098139956512474,6.945931945894571
24.31225496720608,60.90767344237341,38.944401824883165,394.5720833659282,1.389238892315364,6.97555484647798
21.956489622750794,66.58027995878403,77.24023740691912,62.16997676894531,2.146593834878731,6.558670503381498
30.153988179662612,59.63932869924324,72.48457033962015,433.0697739548869,2.6280448197993587,5.919374112164572
23.274016257223117,59.964591532131934,32.969214975690676,917.2652279547677,2.776908533171995,6.976811246033811
22.564394605736602,60.946855656777295,68.2600979966028,673.5544495330705,2.5944472269543457,6.200336136506304
19.385650759011007,45.40686671389234,39.45200981157811,999.2793780861053,2.8684052048288002,5.84444955972987
28.705947872494267,62.30419784987227,60.418886114202074,122.83250425501646,3.109316078590586,5.9288562431436675
21.656426003567134,89.46390742330965,77.91067911973673,526.6828871319293,3.4953226151827996,6.868789692740801
20.25508203200601,68.41284266220984,53.779802078829064,134.25669040903833,1.891552610758283,6.5786580022338015
22.727099146480484,47.875860784301,37.91506321962998,547.7167909417675,1.6129281109543163,6.517170392511744
21.155597169184343,56.481069831713185,58.422204625998006,85.23275978535327,3.456194377741004,6.478392401224729
22.5198974202074,78.36382957921481,20.356549605245615,0.8761328479522934,2.7336860590931282,6.763109121952441
19.053177687633013,82.56224327518905,51.93024250849823,0.19143684439482112,1.884988839021953,6.584348519183898
19.57303685820768,77.37924468248893,26.731442696699162,864.6941444833122,2.132198851828363,5.9933808115871665
25.603140891280958,82.74859754869948,56.213141401795966,53.908923118254684,1.8555931798837648,5.849481515731255
20.497029021748887,76.62766464435879,72.8103544854321,326.94308682888794,1.4871457391949603,5.789015527621843
18.739227515873175,46.68105404768776,62.469256107038,342.4210060496367,3.210373399954314,5.858952175997863
32.21470098749013,73.15807141749124,70.05291781401155,176.47529020996467,2.175065928288047,5.62347092946391
31.272498534304155,59.15631874724052,75.4049784579315,539.9919185860301,2.0294463305157526,6.457036221030228
28.782466333624274,88.19486307119726,66.40767768527303,425.3201286535605,3.321565446288921,6.035121982062504
25.80586364795139,71.21340281678287,32.48531671878644,215.73800063327852,3.1682028761754024,5.603697063376124
23.35394345345228,80.66602674586068,34.87589787016734,348.9898539641367,1.5566434063374008,6.379701923878486
31.6158301646487,65.25157710045796,26.597624844757853,753.4623697577493,2.2429794177777875,6.365318252847702
34.43651387906212,73.68680012903027,59.18250521510649,270.85409447641587,2.50777346195974,5.691032879420684
26.666647258073414,55.87904257379585,21.086140713351064,968.1413124624065,1.9523068317906838,5.793309484359513
28.956074772352316,82.88669470319917,28.444781849066565,819.5210055943087,1.156360704943865,6.3155872795855466
26.533693846283388,85.88320141261701,49.72768756844947,137.07498402139782,3.2227513290401157,5.962560067532556
20.156385251161325,80.33396190563033,42.73266019166925,763.0091809187344,2.8236398748354548,6.726526794511825
31.14085650492732,43.24830826116602,52.412925670207564,667.5863768947676,2.998319607199371,5.96686585828386
21.847431416532533,65.49894572905825,63.41381002801396,489.2273598578498,3.0581435322365285,5.932030870126742
19.30897565242872,72.48317876177514,62.71698620427484,504.49237074300214,3.0663290502791494,5.949804425021256
31.80103986357571,83.89764307766033,38.92656196699542,204.50297862793033,1.1975127645383044,5.694126839995773
34.03760160140067,64.23254067567628,58.318721225171664,580.5357908867543,1.5497705526336236,6.396084612850419
20.51070240327847,72.72771303190024,49.69243674244251,180.15023939516118,1.9359931059407387,6.874955073531526
23.344864976719393,41.14628042119046,67.84541128482388,644.529641258181,1.3770900136513613,6.269568904390244
33.51459479886073,50.22612191399183,42.988601348405645,359.83956472944925,2.0243228072826605,6.769096272060743
30.56937824924107,64.9674530390611,77.41467851910157,847.904379867598,1.570749250358511,5.968636670964308
32.000800259400854,72.15035149453277,72.9626459714577,576.1343523496021,2.225803949015162,6.74742515572773
29.72863230191865,43.71514886979753,55.5802542852663,941.202285094672,2.5521451974066705,5.825614196734543
32.25263935631199,48.10573627026123,20.455661018047355,61.38780844154334,3.377528373801188,6.685194435347293
18.96744065458527,57.1936482411414,61.51659156125494,988.0651018523864,1.5838176915879292,5.944030427203241
26.668088905115113,42.612863110945646,25.568517596487865,907.4523356088959,2.64891571641518,6.953361827755774
26.737429995469313,71.63928871526258,33.43219901137093,788.0408588388527,2.4841219446525455,5.93599770399226
29.530831675249843,47.241678263068195,75.08934461126388,44.912019328174566,1.7402918344547962,5.911901334277878
21.202650394406643,50.6642413044373,70.44070840425962,814.0282320434636,1.6798090748968608,5.589870602639741
21.35195754911816,43.35185674239659,66.25548939585298,194.05024384067704,3.380669232266897,6.73525044367136
27.29785533594182,72.81521115878306,61.217890897053096,345.3181996480862,3.492903707076687,5.855902105161283
28.4267701201011,57.903893450968695,30.894037542326565,477.6407938938073,3.2038456697514683,5.8752489011309414
21.79401244162159,59.95651099668552,78.17117802867655,794.9133511096529,2.769082945609033,5.580008608590055
33.88268728478339,80.21847061475023,37.511784987982445,973.6393855017125,3.313407147812012,5.637566912133086
28.583460027658646,64.69176364360288,30.582418746982007,477.91190770959236,2.2019301776692526,6.045407753421594
23.000543765436888,80.43185690764278,74.48274309856552,334.2537678349004,2.3543445205696716,6.554779659282893
22.843625300025714,74.49787972922493,66.48031526785228,861.5310143300909,2.9293970861032,5.693526469187547
19.155649952115677,60.93550674468953,64.76943818846954,927.6425007935245,2.9655707009391286,6.268349624672097
30.27909616281343,64.97728984020169,28.075292626220026,951.3708468256611,2.114182352628635,6.721329285440271
20.863235768932356,69.26071122739054,29.83680888112228,312.4896025722429,3.3269607941920762,5.7075505031360585
33.973860250331384,77.7975812178471,44.26173141878919,55.86322293881552,2.5290856450843218,6.026642978225612
34.81112553319467,59.829506330073286,24.53818431144512,508.7801823944842,1.3168068560995323,5.926449598244113
25.32247114737191,88.35893197047817,74.84668854420099,161.52757821545816,1.4517467134534778,6.369267398281677
27.845675391333067,81.21176503052808,54.54985300049882,325.9592116627432,1.8116566239515413,5.759550847866204
33.16228874111361,77.4246538650865,75.06100080007032,511.87031526681005,1.933166592078907,6.837811318209313
34.19400007884641,73.34740545372237,40.6236163302696,659.0421504040851,2.7919289582051823,6.247880189695043
22.137214444697573,84.40587981346641,70.80785852292874,736.8108052155976,1.3395329925243438,6.44317215386926
22.550360939789638,81.00118491344158,77.4484139748145,810.1132154219499,3.227674637032815,6.4890570670992425
32.029341810158755,79.84302732782493,47.604841876154154,17.01127190448204,1.9206433358257526,5.615973661673474
19.352524865014693,56.64709748722086,73.33680181287764,431.7170866308918,2.7095159700497997,6.552504243068107
22.733309875335966,82.3507058449072,32.81873876692829,831.1483832064529,1.2089433974325927,6.865444447580798
24.446870874504746,76.07597068668416,32.40463619173008,719.0729171072682,1.763298351603291,6.038403529668206
23.561985489703115,45.158585920909736,34.065998396485185,942.2717018415412,2.564618241962834,5.888471223018962
20.862991449313533,82.36370533755101,29.743372182031965,684.7838165397065,2.8573800005421295,6.645431381863872
25.02299020745459,57.01460529851924,42.19202925298595,92.94788465031046,1.9792185474397734,5.626761472616409
27.268083244640124,47.70003417465532,45.443595978186536,730.0423996376719,3.026745935124749,6.196483794111201
33.326928217200305,73.06168263202059,34.193127643960324,253.14243780615354,3.0747815363072655,6.852972643995141
24.14494148653349,74.73583073054024,78.1762097843372,435.4201941428053,2.4332904514342726,5.619458301660623
30.469907963117365,79.37577900033992,28.035001693742508,590.8877756548077,3.1419554161434906,6.01627307736042
24.38094845309265,75.27140958066005,45.21456089483003,718.6964246639296,1.5037334449943858,5.524746718710447
28.226908294134443,72.62098714611236,20.387704072261922,647.534642176032,3.451206822406768,5.63167051655471
32.61208115420653,46.528564216606554,60.86891771158969,474.88113935216046,2.593059598702049,6.990513814438449
27.868158333418656,60.433941940776705,44.5529805369079,26.349757041710163,2.7679376925165995,6.108053561135106
30.124819644811033,63.02476044335902,75.81581315751487,932.9257046173158,2.5566868179110673,6.614499046300826
23.72738468430653,69.74835307869469,58.70426146696511,753.412018048465,2.683070995373584,6.772227578123987
28.63202195143047,84.19947772624829,30.84180933734516,705.830742770009,2.6268952705752895,5.646264549665417
20.344103963608692,54.367675679845384,66.16168884284676,844.1042021720033,1.5302112903162282,6.757157613804045
30.224252872692418,42.265873347037434,66.81444013191478,551.7742179472735,1.9206485135634066,5.503958848024513
25.64297149981791,80.32170082389914,27.780878365883332,849.5998479405695,2.845433105173311,6.863009627514389
21.975447287366276,51.47338663705714,77.56379969842966,675.0903731628289,1.3593486482498176,5.9054934021344865
20.31393058679024,70.53985545493416,43.411603676921196,128.7535150098946,1.9308502096583493,6.068726087279376
30.563347549277513,84.68807598096014,50.98575176821997,188.31662204315924,1.0665287879259555,6.376871656325001
31.581121856064534,69.40008698392121,75.60711544103401,108.86856221912733,3.029984842368066,6.422712076144232
28.509450738109145,67.2723805901253,65.9733264671929,427.00724788086694,1.195174518452701,5.95591250757529
21.653275604631382,53.65905271275404,75.17649727918047,188.54987816706404,2.317477933110176,5.605508072999952
20.347176060683193,67.30451658214989,41.2009674679898,334.4911629948006,3.2842175187822225,6.594971644629833
30.716022342367594,55.920545615374834,40.66256719056918,762.3976245370527,3.158466257409593,6.766565843770033
33.84418523492595,59.05335427704434,38.50718164071403,148.06542774404653,2.074493099415247,5.865642793065255
19.80446979469348,46.038703809009974,47.701969442591256,325.40214181384806,1.6395100002855367,6.4836589673600145
20.903977055995156,45.58162873442423,52.278549631391215,529.1534221331608,1.0430915440213833,5.805387883844437
19.235216873592606,66.04633118930421,72.88874241212488,965.6108174134729,1.4030846581213778,5.740793117967019
19.976580213808745,62.31189218463196,69.76203762904231,252.5733482528588,3.164695160835871,5.719477797848151
25.347377818373488,73.42966227258427,74.56220142818111,375.4257884487472,1.6500025351623282,6.369686786890895
27.01245285400935,75.93218878014102,54.71335675565876,959.303382092936,2.797589429367872,5.958389970802688
20.4081472184875,53.64985373172727,65.32253952127607,820.9379972849268,2.62389520357733,5.75503053973618
30.639904924256683,79.9518015114862,52.481260327206925,155.1086007905781,1.0727071572726392,6.392149836381025
28.39537758743137,61.839420582724344,48.962511789450375,671.678896302437,2.252871366071007,6.046777730530153
25.647284546328144,57.17003847345346,22.601301513749906,17.06233994783213,3.208346136093071,5.782830524748026
18.42843503156289,63.78899165759347,37.809250333396406,242.49219977115598,2.0168951926132137,5.934990087749347
26.909545737141173,48.44422924618586,50.778834043560266,826.5538259763175,2.0302418965611304,6.208256218891117
27.30842752709014,84.85732645534243,47.83913953281772,520.0514042848972,2.6805408963308137,6.920280882974891
29.737421025986478,50.15981167310186,24.495487575421315,103.97482642293821,3.024179910167435,6.319411701975847
32.851893704383,58.688512531748415,43.47161138944497,685.3189062394316,1.6280193421253653,6.716361071199177
22.37402682875192,77.64937799068042,27.852750293250402,959.1193513407106,1.8549725662535153,6.066806803401119
21.295142202393002,84.12390660122044,49.3710354739933,905.2217409384025,3.4788209529157488,6.893187803402949
27.70507771715593,82.04234971430478,64.32222245493448,894.1797087775407,1.5176062199874376,6.222687519801991
22.540529268227985,44.16616923957,67.20130045526814,41.186927003746376,2.7362884135529684,5.543784684388738
21.247086184976546,51.25504062422961,69.59764589640162,370.0552645667202,2.4385934423687408,6.523457409995981
30.832315983663772,89.36258688596126,21.57202224263472,771.0654343145047,1.3275528224526822,6.685018407436656
20.097567635789776,70.63795655197018,39.19121696503271,480.9275953726313,2.0141058332641935,6.609907129881087
22.118436170847094,78.99954179406194,33.318048507811575,213.57582294953227,1.1122278815522564,5.793660869968449
22.915345981672466,62.78387824106612,71.40254718015993,69.88253929259191,1.2498828526342058,6.564645651616264
29.658810669981094,40.95986008378153,43.742071763080546,341.2413386075951,2.5724407424383253,6.118736947692499
34.06566939440321,68.98850259549191,70.4914299479764,458.56969501285005,2.0931244635047914,5.841435806373742
24.938039538198638,56.42136377977958,28.07388909949605,678.879756821154,1.1357371037927355,6.320953470510879
22.666289161628704,51.153245733250415,62.527788302302284,105.11930239612988,2.825033740854296,5.809073109430792
30.243620006116807,69.09301067110069,51.282481684599524,776.9374510942646,1.061147009843424,6.023153886389725
26.888321132302515,48.88044969043321,28.447399991906746,721.0482692536123,1.9224549806859896,6.989094174545507
34.818494949685785,62.68273506331559,46.44168102006756,536.3718409887499,1.709063518526275,5.508471170807101
25.4699123637077,62.02334296449407,29.16889689627609,877.5881168315996,1.1761852468535339,5.87235191240555
21.099325748304548,79.17811839122444,38.58012648455374,630.9037848372585,3.003126322812834,6.84587816667609
19.981141271634083,51.12744406794308,77.87595613721291,508.24616446816316,3.286520880220579,6.481130948495874
34.32172137291187,73.04074385094745,30.173416059818237,246.73360835462265,3.4593320987285487,6.768224037202293
19.90979327361638,78.52869489475069,79.37534246808495,964.6379084803486,2.1490497510640933,6.3086916407199105
27.76875623025746,84.59826656582626,57.14883798877273,366.95031300254345,1.130734826524942,6.66025457491166
24.728271291161956,77.40467124083465,29.09156075031593,531.5806959051256,3.4160537739018766,6.168924015492941
32.89332638520821,53.72924672935058,36.819829904314844,208.06585030377244,1.8163869690375511,6.567857875016475
28.84632946146906,88.10303425014159,62.12500779085296,653.3295602237441,1.6614499981733803,5.99456711813842
24.275692440029047,82.72039950478775,64.79856033261974,572.1534216925359,1.1656917942250393,6.798051430153575
22.786704217579555,76.47544476763676,72.06580022044143,908.1178418941381,1.4240158957224462,6.46339671811268
19.247456489520566,76.26005962323259,31.720873808356107,257.78540541422046,1.9473480741052915,5.56426390587487
28.69406820680664,87.82352810485845,47.94686437035459,499.282659357798,2.448348831915154,6.392727012321144
29.42926424743962,68.14652613560271,48.77035855926676,352.7720326015269,1.9229277595363208,5.648442110702495
25.46714190168492,67.08632926190047,36.7239865354258,931.7426011953901,1.526271013837024,6.248628863313224
25.520550943717524,66.11243243583667,50.740806549964844,256.1220688318896,2.383527486085651,6.079412158214903
19.54122075704319,83.19301321766639,68.81779882296614,730.1992334385966,2.0073454769087498,6.588209795918312
22.090416786097627,89.33511009602097,76.38675288247117,150.76893592973772,1.6361171965651335,5.71767927510805
25.697305619738067,49.10066283432164,20.328763944372813,84.50648998800293,2.201802641058536,5.501913667122869
30.43159663895776,47.3493852899648,77.40743146242778,932.3655556377284,3.2548875959474337,6.728876312298176
25.869395753907124,49.665997688668696,27.962199649566557,927.3305371430896,2.3534877811957404,5.750615027863989
31.63205591230365,47.31880192256415,43.72480944542695,77.14509252940782,2.1820963571303498,6.525008671691616
23.178150711970083,83.08133121770743,24.325680525789416,101.58964309165752,2.26740460425587,6.117566259494738
33.65817078966012,58.81984782992242,57.433638280285535,201.1084142744257,2.986449197597017,6.660019854310746
22.137661128015957,59.28654506672319,75.61085934874228,511.44767478381436,3.4490097906571924,6.151679279202363
24.828387172256363,59.219667196613486,33.279728946885584,631.8559286864196,2.653056726406712,5.957869062513341
18.16041262897618,62.02713929556315,22.15496275606837,17.41443244941776,1.4290209479967744,6.816991419634239
30.662228281897413,75.4285550825337,41.70615612973032,86.12807109164666,1.6533134632726503,6.29842494722204
19.863838058946996,67.55866828851154,39.396295929730826,290.69469384952316,1.7960720933435748,5.739504925614949
30.957607147453846,67.76627649208268,58.76727912663741,525.0417729306924,2.668666909893172,5.6462437706455795
25.638565054187325,68.26420441531829,68.11337610467874,180.15810207726622,2.2987235990114656,5.562709903434419
24.167962663421797,46.120472532542166,55.781178237026126,401.7692307594899,2.9156529156296327,6.610303880852862
20.528147310134926,89.36388470656163,54.30002160721342,409.45958880033373,1.614016176861796,6.156353039873905
32.60847259564587,83.96816939493512,31.87086010974059,353.07733003243015,1.1624955586844232,5.990567556674891
33.193108728700786,53.84413143629252,31.374864924623576,126.6740448435446,3.349440861302801,6.8244380774281685
27.577332853642726,61.622849201219545,74.64418709484093,773.0135865359151,3.367735907139841,6.163595275371033
24.68336233711188,64.80061906830757,70.20101828934772,666.5383268015038,2.2159244528809925,5.612777488767504
31.74252124057169,53.58361277077787,73.65023271400588,269.3895380875062,2.790359332747802,5.6695614572855675
31.528091979741554,52.786010717724714,58.14978360207908,641.8209356643476,2.458150965625295,5.866776925878458
18.129516480810782,83.23109131270145,56.49915758971599,421.82256441020303,2.7575071723767115,6.961955851455657
30.47068835930701,84.96829652614055,69.99427610453155,888.3686873553635,1.326406303293572,6.261223725702018
31.222301337676214,58.22200168404628,68.7568142016209,785.008521911126,1.1407226813034228,6.816478667056994
20.895721157436633,53.26914900225419,75.37304374742129,971.2221921578209,3.495638653831372,6.2975420672076226
23.32057005593327,82.88082774165282,41.247058399136435,116.18285271682328,3.202351804528937,6.438807984207221
31.484576665122166,88.95474624318902,37.13493592925788,483.43194082196004,2.7625960568624692,6.19021304524922
25.545570903154296,40.556513383561395,20.340877585570468,929.7853167150397,3.1071233975318884,5.807756521115699
30.274777561731277,49.182459638956146,21.94982505508016,894.1524924144123,1.334116353265623,6.920826563554506
30.39932432833983,88.52813425769355,46.918846116436725,847.0941168489696,2.1107093201591134,6.787197079252557
23.43959696977542,76.74022430612334,75.29562625979885,956.3618254822907,1.433182770987138,6.564235821447029
20.575396262407533,40.446394668631605,53.22427205990851,500.36704223752037,1.0675655407319367,5.967425407877095
20.561166506355956,46.4369532586328,45.8781521053627,530.2673731818886,2.6835983080014567,6.554647457344942
31.45286863668137,81.17804050272531,67.9109402975021,132.06245599816668,1.320263092685142,6.229850894505138
30.99732496479779,65.04960780600051,33.09075040905724,988.5986425725122,3.020778351106901,5.809558371816502
27.00789355727492,49.98275771004544,76.69845891704654,968.5075975879101,2.6293626260539336,6.086747499066654
19.804595207900643,77.74556587052876,79.9328317598582,900.4962532707253,3.2673516337428987,6.547604931552089
32.06930953789022,44.52174461851622,53.01861077090505,994.7726410278946,3.1761036503199276,5.50842978460215
32.14716422734127,78.1598752918997,53.07408073409339,176.12267537508598,2.6772489531842987,5.762772147186895
25.107842046993582,45.87008135532364,71.74673556343193,632.8220726326034,2.725975456369322,6.2642610388217195
30.31934080156426,62.303893522195054,26.46373819776796,646.6897121102811,2.615909119938991,5.97307124854088
22.483634138044728,45.43773387680697,76.50110863604496,82.75310628447563,1.294459810156473,6.21683513752224
24.370028836701486,72.24970355560174,63.02689503305142,312.20906947422975,3.32127266562044,6.943869334839205
22.0739630894529,61.86248894350639,62.08900576917556,491.7837080088301,2.5393581962076297,6.609643673859827
29.83153081057397,69.00129259647849,42.1153755076335,729.7985444952365,3.171709201141732,6.003982489165495
21.783008563686245,75.19231962194615,71.91939686786156,584.49176998919,2.39438880361265,6.950690925733554
24.69891677572967,63.106227094191595,49.74038957918599,5.766215192185453,1.7178255698620157,6.7686736611708005
18.877495492165433,48.45252002887994,21.123212900035362,80.2527772856092,2.2605660993179773,6.570322213053516
18.720734995625147,57.5215547352191,77.41139301918886,921.6486282171962,2.4387846720542665,6.846022455907439
26.25460853770036,60.13508714634867,40.87373645259339,510.05055398199096,3.2496711716329294,6.86446262703091
21.451850875051413,73.15781843358883,59.77103886269385,777.1848899980998,1.8031877836540233,6.441766942975528
33.94646264704284,56.51531242722299,23.730048366312737,428.64006315506833,1.278716781124758,6.356032951892053
20.48592745296959,84.66728835029065,69.83963475165069,591.0985061516449,2.673436684908147,5.8680104516365414
22.68650900813665,81.42463929870067,69.65072330757579,53.73293599559359,2.9579835714197884,6.1278566509064145
28.305162070982682,55.02136505186118,43.772777010862505,44.17636027428884,1.6807032828949078,6.1262728283078625
23.019307997087648,63.62692565422927,59.842992252643405,323.0444321789031,1.3459833247003228,5.623885340582159
34.093332353839116,48.79037621500234,37.35951258094805,7.336371913061912,3.142800093748996,6.024388277235666
23.29197937219454,87.16954468641998,34.45765159882252,184.75589612353082,3.3894469707693666,6.639041460671106
21.49772462812831,44.849891816056015,77.36746292433997,153.37693786612672,1.012491517155449,6.403693563922595
19.896653644466735,74.25964817469284,52.718745214828196,208.82567052353718,2.398134647985083,6.513202987626686
24.49434564793476,78.27100840326389,33.75491086026264,257.4724437707309,3.438970281642085,5.788484988375031
27.58792970624755,45.23578428232709,23.039714481884793,639.0649139677622,2.3800004150447034,6.591823016646169
24.183033356921513,89.07982164297735,34.856678117140405,693.7887616914602,2.2912959212097785,6.52293580314238
24.185572646985314,50.99583164225371,38.522478606230436,246.9257253877588,2.388011947587949,6.445865003818183
31.326476995639496,52.66058919771028,63.72749730189461,481.02915924893483,2.6664982574316607,6.023206244683433
20.33393622840661,54.14956070724079,50.942682921204565,367.2340119494659,1.0120753897674604,6.877210764129699
20.349535661045238,82.43839146220877,40.75461369516272,651.6361710230117,1.343595288972505,6.615316182265685
20.03987708971205,82.29697174670852,24.431684906129767,361.54625920408125,1.3184711014249628,6.283970960424124
18.235615863861977,75.69683166176128,47.12422344779537,82.5250118881793,2.916033049422107,6.530066686945947
31.760013774450186,69.8924769319278,61.384483892828406,914.4690303299494,3.4561706093543956,5.870163387579759
30.64246612528595,56.749039640177,74.19939777445822,90.80854013890539,3.382916235417465,5.730617873581003
21.41179059161535,87.07629851446721,48.34858554749991,703.6169832731822,3.344693675691306,6.181452981639329
26.797757479663723,58.216482300603005,25.57325398359309,503.23406487826594,1.0160067255375798,6.462597928713137
19.977967642880433,69.08032997506344,25.658688793896474,908.1508916302512,2.672280512546897,6.966396338504746
23.337243097260924,40.46088436075347,29.259020194032807,998.2641137399751,2.336426286077419,6.867151735207962
20.087199534913914,72.21855774902079,56.16907225440006,997.021893262812,1.724003603369685,6.659364158825789
25.420391959769745,73.78590374576822,59.723937145122754,781.8890881608281,3.1841649354911534,5.627177631712109
18.71669497990324,50.92999703991012,43.64842738265152,321.62819984509974,2.5210887402439086,6.238035583128589
19.281194836256446,75.69701080194561,58.74736934970281,245.86693162366512,2.216230637095994,6.345804162618281
24.183778889617642,65.9641664803928,24.70138546941022,983.0313735241867,1.2986037407317867,5.532399599374
30.76111409691138,57.009673730636834,37.049821721258766,826.274686661305,1.7942271419990246,6.61722643381806
20.46032736084483,54.76936411949737,64.64249883225368,284.5114362271075,3.3168094834013453,5.676081290653703
24.254844224573272,69.31385269727453,69.8466369252739,367.60369765185277,1.5483412720196292,6.305413103757509
28.04564892491677,60.2286750585307,69.13729755069039,144.32332489946154,2.2417371609588335,6.8900675136257625
21.219916385283856,59.24324180850695,43.67589523277333,479.9538399922476,2.729095162296048,6.3661279493548815
34.50960347548966,52.29562566226163,57.917423304374935,426.37752979484725,3.0639762913778417,5.599113439796109
33.01867943260093,51.95560084126733,48.91545449131172,278.9505565151238,3.2102684402580546,6.180854208190755
30.933461698804816,84.17350105631277,31.28760744687882,708.989742222391,1.1559212736480755,5.6798055330892625
25.409289426410997,63.541892547660225,28.582164095601588,74.66350207166283,1.974027141619531,6.908749945830309
34.422630537156586,60.0324628584016,24.323441889604013,123.99502193103817,1.5767534177121596,6.662404448582615
30.89774495256654,83.00482204640791,20.390597108012138,806.9925498919114,1.326455433973284,6.050637175792037
26.843217883557386,53.41778142130607,62.58452906060077,593.7262509299704,2.235552185444292,6.710535624909095
25.893751180959455,52.52473835651908,50.022855828503,771.8671831305459,1.9208655055623851,6.438793589402493
18.215605552374225,48.76786462232585,40.87999247389724,54.264533343755694,2.1565232450786187,6.625918338240526
19.658186273761164,56.17940134718765,79.92976753612572,183.41859150109428,3.1845435274892204,5.779760341350866
25.682169617760167,84.46739916740466,23.87388149747496,791.4902278238162,3.3689216166618454,5.674911913360025
21.291856025253484,51.78216847229256,48.20586269367473,162.6737146749403,3.3588432294954984,6.522402079468541
28.14325989557227,86.4492281499621,49.933704417675905,268.0727253835513,1.0822457553471643,5.524778570589309
22.16804072386026,53.72204134397023,28.090514635250095,157.01632395972575,1.522516424677927,6.69651684854467
20.301298733465348,46.8768800464546,48.16752815515265,476.27394340786213,1.1259356522067079,6.109433547728554
21.840331387151966,56.95985966924181,69.0214768658958,996.0765943220018,2.0654490411046043,5.8912793917541935
28.88678559371706,63.034062523118216,78.07899642249254,24.75401828857171,2.250387295234784,5.959331193113382
20.214127865302377,65.19028100974904,58.109535873384765,944.5332731415916,2.7766770719969593,5.996587545760634
23.375403895380874,59.52712164095098,40.42298523075093,251.21947661704291,1.632585334934535,6.022687240230706
31.53375789288124,45.276582062028474,76.6529857276056,187.55868567860645,2.5898216345345424,5.919397298452254
18.668059565094048,61.7388403503862,36.179075944576155,963.6033995297018,1.144888409472622,6.1669692715058595
30.920541612643134,72.55221704582704,77.74717543796447,634.9606236318776,2.4840526748194467,5.586173433764953
28.08860936596062,82.68106716643527,30.90567403945697,772.8949474680528,2.29897793323687,6.232546097818208
32.19902916748099,43.72440545171202,73.62935817578601,892.911411186139,1.199112722917757,6.384495544384002
19.97996366249968,52.59440809845711,26.567332841946094,694.257641020478,1.1186420088160909,6.259926267123296
23.68402282625043,55.31527619207998,42.49895021301515,269.5562175781359,3.1542534303450793,6.167329960929137
26.81732365968653,74.34307546234984,38.66726459212158,295.4547430348369,2.186295689554906,6.333160779760448
25.05598971839894,42.57432642404395,29.582604965748548,156.76465622655965,2.713619945542587,6.357668737574912
31.7484160776256,49.51133902838947,30.193039065508117,89.39671307715213,3.16906774562822,6.14899940791077
21.94255962856587,81.3735802623851,44.81898408367814,777.0597492963058,1.0986974715627382,5.631163917218416
31.294489443538602,86.21766847786907,29.815721585358155,361.29751901136086,1.20886487448176,6.675716841269007
22.172506265010224,85.60414433153841,77.12332031138908,691.9579713639657,1.704654711841537,6.916374643355291
24.762070573664158,82.94445195386193,51.386784778762305,157.96651934251437,2.503304627892944,6.553425374381872
31.36815953137222,69.45855673660793,72.3085839908345,925.8643153637535,3.3981959359912866,5.537383211384822
18.64600822158464,41.724014418608355,22.21728840315221,830.3069113238686,1.0055128092183852,5.5540296683880745
21.445804607455003,45.96177442622854,45.58745313026838,250.97418263373038,2.823174971910797,6.014548555095393
24.322372906312143,67.4809419433676,20.57664528073895,701.1014890260462,2.7722730641461464,5.944892669940607
25.119586201686015,54.666781814171735,71.59346443510893,160.8390416580503,1.9323148275378963,6.332087056629472
26.37825182015152,42.593714715513364,76.08704592825184,419.7402266838661,1.2406531020381641,6.035360087082596
30.275143122038784,62.28431356330858,63.414952291500605,663.6097999417925,2.6646080114048947,6.488323214919219
34.4462915454733,76.66133297077772,77.67012405758732,166.10413098034172,1.8836059730489152,6.483803853966175
27.86519082823707,62.03002832320021,33.42511350596929,57.969882144245254,1.5195088651047672,6.738800260230821
23.317127339215304,68.11955091804755,56.77501329408159,193.67213734018785,1.9063702203881006,6.356918941831694
23.862327151551945,45.57855048102763,35.638404577327464,442.2159935658659,2.354912631642829,6.4281565048385385
19.499108466393896,44.41766463630711,25.616761916910406,128.4353954644154,3.3231603277620176,6.890192990632165
33.176353001647186,78.12625967566709,48.46019652545096,315.38470987090375,2.587124102528426,5.630639337921015
23.569674566853166,73.13722122423239,61.525889573429524,343.6001445120641,2.760456976777231,6.639719595627792
31.009756319585136,71.522379950664,68.30523095654917,433.3918532212657,1.8771914922033253,6.30671977591998
32.13251023179553,87.84464287219672,59.14340110889762,518.2843267559891,1.5428899651093657,6.1515889908055
30.78859308859463,86.57901784848421,61.204707301301525,338.72196637812766,2.277299303600521,5.52845089028634
34.24164031539834,53.41125542407556,43.92246216003166,493.2335949044659,3.4649018604293422,6.9321283730200385
30.15853017397496,50.09160682463,44.88738320044139,349.86612317736444,2.2720409237922894,6.423874782806159
22.732970088358798,60.074030410956624,70.70938882871852,110.4059041306107,3.021834028469915,5.582621735647061
18.597849289539038,53.10282517910372,30.76836571710247,202.2227499503807,2.7748466533971445,5.7020455258541425
18.748322361463803,53.945182241060564,45.64158144570669,827.847403684704,1.9430841758124102,5.675147348199766
23.11827066873211,56.47908211424399,55.13388385522603,744.3469805417554,2.168711708685125,6.566834545810862
26.923697055539733,85.65805090767307,74.52611066286316,885.3973612806824,2.4729085913034963,6.7019365972929705
27.223358961807577,87.95295948145626,51.011924042624194,61.30934675347066,1.1218864972893985,6.710536342017969
24.477370196561992,58.128862561645846,69.90108497308685,626.1215355602147,3.376517494350546,5.853356286285716
18.90572539804356,78.08483140688062,49.565042693455894,233.34908955648703,1.4547342700128498,5.775829446385631
28.58715993987591,82.58288320347127,49.68508590441159,998.9615320846738,1.248568673758004,5.581735315240311
27.684339490103923,60.067028205055095,31.48544121753922,821.6951996469435,3.292052967531249,5.895088607417362
24.702066670761624,87.07487513462708,20.297240011234294,638.167406535472,1.7509655890392144,6.4917661737704035
30.927806084070212,45.07664013456931,67.10098706706196,541.1393025511951,1.0661806186401188,6.900669439976834
25.745268610365795,46.12635950164178,78.1964604526008,942.1523021177379,3.16165481973271,5.999487602615486
18.85222957483474,87.76277331937929,44.246282659895655,348.71712349630457,2.24475544579429,6.328927707665442
28.328717189581127,48.01566326188822,40.58529839282254,152.5962519786518,3.4366868450869767,6.2727650822438275
32.54151259527127,69.77667945230729,31.550175187257814,11.794255786190643,2.7144607643428893,6.6803975550090025
24.977610693042894,49.59968244563131,44.685186159298226,632.1977392378096,2.9459593270868014,6.796388795202139
33.03830262228707,87.01728715813431,50.65678163579686,886.943290711718,3.002705955496774,6.126781013179057
26.876633105223917,82.95813544040547,55.77781080360518,919.8245899177324,2.156315907473405,6.557627735680624
33.54332309083911,50.5740148022946,77.29816910803338,42.05952025216864,3.2435981186261493,6.202934814742934
25.327675360290925,57.92027760859323,30.026507515663322,617.6905412158828,3.4202474520068633,6.570660984048296
21.92050450033895,62.77670828762335,20.876502356096516,632.5496142778885,2.7390040248039913,6.145308938882602
29.228114552183847,46.240741223179555,73.41212887537951,803.0126661763037,1.9070436123157757,6.541571965613722
24.32648932810083,46.070560990531604,77.36568841096616,909.9568076062504,2.245669335935159,5.849649024432931
22.79143988686755,64.9851141641669,52.12370766334441,971.4952250339509,3.487972363905525,6.673915169217896
18.982391341164714,52.12196601176527,29.494191650892063,587.1671070821237,3.0831495116987577,6.230580127907504
22.11864173652264,54.13104101530211,21.422705885086945,600.5893149550888,1.32132063205754,5.543179377943632
33.02159043956469,74.23018423253995,31.708983096461623,861.6620285430827,1.1997191742757807,5.571938709651973
31.58282482587881,66.17469987237031,45.47210482616039,116.97728949366804,3.1821248786487524,5.8412807431937495
27.985100066619697,71.6806585420233,25.3298977763555,503.402743653244,3.040658444023635,5.796121602449952
26.072110282935316,75.2487782138391,49.216000674444416,411.11629714865205,1.646854026327972,6.92068363932861
19.756579811581236,60.16309604014597,26.14189233873606,193.58312811840372,1.631621902390807,6.268489553917136
22.88733989103936,61.48059614616218,62.79157053502372,696.8900852131395,2.602223206585053,5.57442038176083
27.688541442937264,80.54172385641485,22.47668219704022,291.46727612430556,1.1736722036130733,6.040125059053583
25.790681309633946,68.75172753460349,61.31786481933913,223.17504219578223,1.2381979065162905,6.333592794349915
30.1553585918875,76.65788636510331,43.43099381355927,486.0973985636554,1.5391990017330524,6.388811667616677
25.830958758859165,44.75755338696672,59.0401879007304,136.3093160757628,3.419461140206509,6.6307582918954235
19.814176280614465,61.14903858812333,23.080209109786033,299.216279328017,1.037775690921742,6.058035914915911
31.390467275343475,70.75983031594238,42.0343933883497,614.892439837698,1.7981582494700907,6.716645879766737
32.851915967574385,76.11926387875133,71.00873698350182,874.7177623255715,2.4771020247701094,6.823887323188723
22.340286574338464,69.76150011551788,47.06410889999588,429.2253834370748,2.5057294713873235,5.538780554862453
32.346002475030865,85.15637652340953,54.649725723340715,872.8761583630943,3.078707200157624,5.528616609136497
30.65453144608635,76.81823040598022,44.24466855224979,748.2444727359472,1.7643631894319642,6.735664491395207
30.929927306179017,52.91882226153614,62.82066446603829,787.1754645478226,1.302539328750315,5.753470360024245
31.87342275753958,89.867617020785,45.36259110190906,359.42992011147544,1.5180110003417475,6.916691193795628
23.769326754673187,66.27272353719114,35.89716272311623,953.9451802460065,2.222077955927163,6.4384205601281685
31.932287402849113,72.8953910635394,33.63855650118305,453.71112205070693,2.4661236892061633,5.73143853206577
26.60413781541225,62.6599749667354,39.70489715671584,511.94430236256784,1.6937857425002543,5.501716873555293
28.9418392302562,66.20237158911922,77.72714153568458,320.68948555675047,1.8160238733606473,6.969060424032113
23.519069194233534,87.23686927913415,29.83968993394144,536.0888722832747,1.337102939090129,6.973065815366881
30.43330198553152,40.71510463402808,26.69968421529395,33.30595340708009,2.299719614393849,5.647130833396519
31.048847822933,53.29528845519745,69.59460141550684,974.6077022116056,2.0325288454122443,5.601866207937901
28.713903374035766,68.12819577353157,60.498504632567716,551.7240454070788,2.53052233802285,6.640942744290417
31.24761083757039,43.76428068333139,51.34581868423818,65.47734262725857,1.8473311253927545,6.628073514615114
25.782592082855032,44.1017087890256,40.11548181803225,872.0238794865578,2.2492963732332303,6.5169822404458815
29.54928988403981,72.03571914136933,36.506821559533144,964.5781491073133,1.929402346641083,6.786817208397
19.088911940301966,54.63710528775099,72.34306489146664,273.7294306523698,2.360721106343222,5.68273388752843
25.53658006055094,45.9382089481621,28.965181982377757,458.18390673978917,2.5382161829371994,6.555691964600374
33.820496681087455,87.28755669777483,31.31446994738682,128.02829209323886,2.147553640344005,5.5037005443779305
22.307184702378095,89.33106424685187,57.80416060227587,291.5452291478892,2.433015745144531,6.447309486566666
31.500439042656538,47.074015706948714,57.48521163116537,447.0238998498639,1.439712468466153,6.821841210685977
24.569188347060056,87.52013960162279,21.745231887321985,742.237497891254,1.0168621286677304,6.9523793824471305
22.5622368070417,48.029596019823614,55.484017773442396,674.2076736596933,2.0393187630026732,5.808939447478988
22.435780720142624,42.955056978992204,54.31387674809017,668.6980909852366,1.829582653570372,6.470154303879105
25.258758433653718,75.1313607055372,38.05043878036737,788.3390706042487,1.8788627351281042,6.253425807685469
31.88743406807719,69.76110660799219,62.0501094638063,870.2552973248858,3.429918704179608,6.733427467756308
26.16882657111008,61.56236071848908,40.936854202900165,430.0649454608445,3.186709111299935,6.481189463065188
34.29150661781436,72.37112020601289,72.46832100890697,341.7248916086566,3.2809209051382844,6.6949164992124786
28.169181225906172,73.36846391613568,48.410812465203435,268.136745533616,1.660527900525449,6.52140111165016
31.214035752934393,81.24822370782368,44.45999070353561,251.5717549169808,1.092428031844189,5.540254607829873
24.299429681769283,73.53697196637283,78.45692635076416,20.20255639928603,2.2050770289019885,5.754446888870405
25.299913208308773,54.63289136692193,26.847652440260923,840.2759121521643,1.5917018366994775,6.415521162299641
33.92457154792389,67.75768093532264,25.27942363400674,191.04784663883856,2.589240900428073,5.741587176051598
32.697121927527434,68.5666600526005,49.4541072547948,917.663262568841,2.7636955659726308,6.982717804960171
34.71937592962229,81.6525354305312,37.2985028979147,438.54103333746264,2.4418006359016076,6.594141367392571
21.98787453631023,40.4258438640327,21.496581049650995,507.12075897189754,2.3698414060698427,5.5599646749872775
31.438618277805517,43.19593605819972,38.62858170338764,652.6277372187953,3.1049022237096877,6.063417504892432
33.58526415010925,62.327766048235745,56.87023099413748,747.945927731393,1.5453137487736834,6.561777981139784
20.12736504323164,53.630381750850205,58.52596491708699,153.2466326919507,2.1903983698582117,6.542027936059731
22.208465941997495,69.09160060941781,79.75681605229599,973.8932166582903,2.9778667725384054,6.384750541734939
24.481991466443283,51.119515887081114,27.875471714367226,359.2535664621657,1.7481618780517438,6.0438108144622555
26.13133849424684,79.94130093442615,68.48318790980461,588.9567453308246,3.3853495267755873,5.522154929804351
27.254736870147667,52.88203863419703,48.4248407089979,693.9670190636208,3.404464620967416,6.7418158532794825
27.722468409301868,50.49896749385587,55.94885931148235,378.045100194506,2.6618091746211476,6.396132933922848
29.60388407621081,82.74866256362849,46.79940782266404,679.7236210161986,1.6384747525162848,6.364142641544161
33.26522918033685,41.77636674647776,76.25747327888618,706.4258892296829,1.0729252347191656,5.941115648659953
34.10381304085465,61.01676981316443,25.485714526028094,2.3140559697814034,2.547634384446127,6.604608167282922
29.849557504871992,64.56666305975877,46.25886785960975,371.91098167086824,2.70161480811306,5.747937912511062
34.885895034232036,65.5769049539139,66.59473955735136,327.5377587075672,3.1181437357935664,5.599396017112804
18.381884072394172,82.09159114746183,77.79745309485205,904.399129944431,1.2693392456179333,6.406808145497447
34.239388107654925,84.71558569690477,26.25673534980723,546.7917388570373,1.7529939415105777,5.646144877786177
21.87655704958009,59.369666485418,72.81108285181338,629.5382625420665,2.2518519537469004,6.50221308831614
31.277339410774033,74.69012158536219,50.6464768355026,720.8046456264175,2.708617735168853,6.162278791077243
34.72294731784929,72.97149649113675,59.6576675626743,90.18487537262754,3.0433770368322115,6.51909478683659
25.357043589069363,59.04732146550376,20.22479883889265,870.7507764963544,2.22336827762747,6.192441650364081
25.921401184085855,82.5041293352798,65.44078673331114,10.827062323918945,1.1358960135797906,6.980886936104646
33.37641061845036,86.23770250061088,63.7516471301888,154.82169676816227,2.1711735586981202,6.196126258262781
29.64098683696114,84.19810082768454,29.677294826279116,517.6247700474411,1.8222229639816734,6.153663419891203
33.28709773070689,87.96455134464881,75.7441175851477,416.1571470624831,1.945418830518772,5.728373843150099
26.61432180957558,84.71424831589354,48.31075906646757,742.4802771710238,1.2383490804501682,6.0318100233189
22.16830336621761,58.973972260061586,74.72033116342746,716.7329209854777,1.2928593980514047,6.973032932267911
32.71217649940478,77.25384838988192,40.33463040317448,412.3325069010906,1.9267819790467429,6.501200006087369
24.422294451916038,56.70930577359826,56.22261750764197,72.81804624895827,1.3868385928119222,5.606056866621264
24.068090063660577,58.82497833651007,28.039674493969837,215.99067780653635,3.087701096219604,6.758226998013895
25.356268988399727,60.922106180946784,48.69351486879019,541.4121408067103,1.5040956113230548,6.1745349166097565
19.232945574564454,54.976395823471464,72.88036651207624,928.7823786453515,1.649752745881143,6.5220565860208675
19.199158145849093,40.69837810309701,31.31950020534535,5.321009583803327,1.0283665229722678,6.173997892955992
28.312397674812377,46.269562539925175,55.55211962802388,541.6071951416476,2.3013236350672774,5.641381668084879
28.73748912815544,59.888113340009085,56.141674106411855,310.56903963500304,3.0141424866244955,6.073900715748545
28.06932357595957,47.39146226330881,49.848181604239244,0.8718142014327857,1.463160797317538,6.674419252536673
31.173447495233784,50.65025502890359,22.68006732983559,473.8149063246039,1.4923719238795046,5.576035263582353
19.462796994208748,48.63895886034587,35.77081256967945,709.1042643152533,2.4379835856854597,5.544122190939401
29.415969051588057,54.98998569992738,66.68988528173296,76.21565381558048,2.9632394847209484,5.651696326858433
23.987900619373544,88.31681235960565,36.01122437084032,998.2374728545975,2.177113777118704,5.872780739148176
26.71944160711356,80.24838773510791,54.19291425582163,987.2963958403627,2.4001724869975516,5.624819403056949
30.281254771648776,77.92726132316552,26.779222583584435,499.05379648023995,2.6604401841632908,6.578550696177797
18.457206451842563,63.360475512908124,48.74091457552664,573.3267368521209,3.3156298895974494,6.885844517057328
33.220357398204364,42.25233521262346,67.53982517598986,561.0010850022935,2.8483471845845987,6.7406845633196335
27.185112597505373,56.78111823106509,63.019541755290795,252.66017770548964,2.2648267944066665,6.260423605786732
21.814994631951897,80.47384848926667,30.958111076921313,733.058882024844,1.8240873290278135,5.5554710344279
33.519016162832855,81.4421919676235,42.498032380749265,143.89751287495778,1.2124688736879856,6.953662683348293
33.95937406042475,74.63156475740107,29.284155236530914,812.1280923651958,1.3825312381468553,6.526129195343838
34.71450248060779,65.70095525670432,67.30969683860673,561.892356092084,3.1138590085578053,6.740806243317507
27.360785141472622,66.88277861517176,53.49783861178931,480.0341650918082,3.226839584561625,6.627241063034434
20.88840099815034,51.73583790255745,30.603774821533065,302.8729730775498,1.9593289827866278,6.8327724239173016
33.26072452083694,69.79546499866952,67.80647974056095,465.58749738642314,2.9673083459979646,5.76696979633709
19.60891540858662,80.06052631502456,76.52080907545573,377.7732800073026,3.129187909661112,6.4274794070368815
27.728980495832197,84.6946746449917,50.44437612738584,134.30693695867458,1.9106954624332704,6.252389863105432
20.95182158828404,52.83102824284438,34.1837457825403,647.7847013539803,2.720138587935053,6.398426058254608
21.938456497911982,84.84739433119528,67.79883434144199,805.9210592349259,2.945343370564962,6.903201955514492
24.453997787352247,73.62310111385926,32.735995497612464,585.9529683580956,1.017743228960339,5.733400840874747
20.198966571894175,44.01713078456281,54.14004005550255,744.432287332522,1.3569991483683803,5.996291653340221
34.51623286321437,87.57168518231039,75.96315330553642,159.81539419401304,2.910820160563942,6.314481128674931
30.26880164013952,77.86452604418258,38.560219278887885,768.6401384009855,1.6789689869579052,6.333738996240745
21.881870208983305,86.83932220815558,79.95267795902276,243.3136922693785,3.4643334889514663,6.234725371510761
28.561483438390514,57.81193433813065,42.79258697255787,782.4074608084223,1.9364585302250679,6.091969475339566
33.18654650510691,47.414859889817976,72.43628903714236,365.37643648711537,2.3728054021092095,5.728046743339991
33.90040882591341,51.43993955991065,31.740493017126745,89.77314041980667,2.618710035170442,6.861321376999689
34.6445694102165,84.996250023899,20.99279452013343,448.36908622273364,2.844335502100331,6.662316385387177
24.57524619294864,46.235589831605736,65.21727861074318,232.75829458080798,1.3308123058248151,6.436853257223658
20.727075509243534,69.0615140001716,56.68717811939734,572.3926536101192,1.3586303018397197,6.685340570129281
21.939178868621802,87.61677761266233,74.51345639275594,293.10097018698855,1.8692066180518774,5.654459246415353
28.410497320865247,50.73092638869449,61.89256460317662,301.1436828922759,3.1514980307582183,5.624022502626453
32.576985199853766,79.53990862601395,27.767007345616392,690.9435368255289,2.764799606309533,5.509766746439819
27.298866021988264,78.56987286467857,28.94998289258765,234.2423764147832,1.528721721355727,6.435982269321252
19.615196094397568,41.90269687588754,60.72288482474226,958.2876919806882,2.8352068730079294,6.881668228684089
22.67862981901455,85.80000400495447,36.44407003215069,484.66283325743865,3.3532437323654167,6.049141842976406
33.70319814301306,47.410187819024344,40.99587413740153,966.9650940661107,2.26718127364654,6.991527093628225
29.919337853493133,72.01013861815477,78.87117082653637,78.95876621901543,1.0576326229631288,5.810032166553496
32.47748567252956,87.53587408566648,32.93638777420382,606.0870201529192,3.292744759468923,6.566932227762642
20.052985121726163,66.82527531040058,71.92230408786565,973.5712129754934,2.0877351443543275,6.476945092148595
29.353356913009797,85.06796955589422,23.592414286034483,586.8476074189988,1.7127238287490716,5.946843543908329
25.353975354564366,85.28177857147112,48.720619356034916,839.0939194862763,1.282826753541344,5.65700517904459
30.715556226369873,41.577898006404666,51.2562246285831,332.5051899637365,1.1740090259945668,6.182262557061733
31.505156223920658,84.99171752127556,45.1397700778719,56.26866302187439,1.3299560017337795,5.7078476626257775
23.87058608054189,53.701273237208525,42.50431439162671,21.587821852460888,2.3226734140058385,6.8459853289450745
21.475003084087,82.26594147207484,46.45637628228681,882.3079477658781,2.011721577665473,6.014726610093943
26.527259813228575,84.63360525612762,30.460374419121933,783.9453634788237,2.0231191752972837,6.594478143316908
21.68429825184551,41.75366290884226,23.232604010392905,279.89256763937453,1.5233758272758349,6.407876468013595
30.21591795959179,48.61991242108927,46.513220345624305,204.43845226421388,1.2109090889855612,6.2783942180685735
27.007555184723117,70.84418927835334,57.79912611765228,863.477673210023,1.6557431318576665,6.00045808395883
19.482392433784987,55.44596822743156,36.16521255303481,299.6071561799271,3.244156975414006,6.542636321056729
34.748773951896695,45.89503254977629,34.89317356842687,617.8556341268666,2.2374470493008425,5.8445929744807135
19.373615794806334,42.414483357064576,29.138979482572545,440.08531750711643,1.630820790493706,5.798340137472453
34.44664893146873,86.66783908657919,42.682957864158084,895.1694921870115,3.1748269196923955,6.566394915924699
27.691930549757075,58.32552955999326,63.35121026327078,947.328750304918,2.1730866670122455,6.692169021660032
22.693224042856805,65.71678430522124,34.85183040341971,554.6702480630425,1.8190731182665656,6.405682835331709
20.45022051736334,69.32479940742459,43.89560362324007,535.7743969377124,1.0195725008896082,6.662807699517502
33.17197291395817,52.63548446108507,63.621705920944905,274.23108252740036,3.3486639390764745,5.895227130140216
19.437985973402817,83.05376302629124,25.278205868517134,536.1287961420103,3.268665701145819,6.069592838103667
33.9576522008831,80.35896072101275,37.31088818359379,119.56550609902095,2.7937516841752497,6.078651107676296
27.58054251872843,71.67771617198657,24.184625705014682,13.791524500599506,1.1071489184637653,5.757491794231381
32.28592809754513,54.30831977223566,47.590696996444166,257.70907684303836,1.7010651304287485,6.958564925867523
25.92064794695405,78.88420796563794,51.86224859910601,892.0058037892578,2.90439749289639,6.922910557399934
21.68108518161995,55.11827614248349,65.31617165755337,692.172645589568,1.1005052495288437,6.943972019072633
18.247255854569463,58.9351944368843,72.66011343563518,188.505622138872,2.9897554927919017,6.960803959284268
32.21222074357477,63.81699458343729,35.61886262056164,241.98282131105196,2.02748372478335,6.765810458066158
22.147917626666825,80.42677384215202,33.32537396143453,843.701567856649,1.8515036243500715,5.943697328591799
32.54995051330127,42.8826545574165,77.95228660982822,837.0431102914977,2.99507265253143,5.560470194554382
32.03338802690369,61.1235105296298,39.78367111923452,786.0937060815943,1.4407219565235616,5.569188989656359
30.933802438265715,89.62139661275731,26.395451200574094,522.390233982982,2.2569619245594934,6.428158341184453
29.30971653363529,54.33156201851078,24.103554955598636,635.4989166443876,2.172429605439873,5.653378888280456
33.66897463723913,74.78181243091893,67.54032825856223,327.89313857854364,3.3220129815949204,6.809797550448042
32.986862944979265,70.90814339759864,50.1279774948116,128.72330506841422,1.4244058508602364,6.476360835939193
21.716661582964235,80.593516847968,68.55985786508066,908.1762704316395,2.213128665158896,6.2849632657384245
31.66029131210133,84.40830971158887,31.80349567137032,820.3056271134919,1.7733076621944255,5.911353985326587
23.594836473943055,42.510828098516335,29.30393566223028,411.3268419281004,2.654837710067854,5.652164872287322
25.05780289704929,82.24987720144074,38.28536311964702,215.45201668185086,2.1362775752121026,5.728020099752635
20.35622032685855,79.63808362240682,35.93479088466966,402.0280276752237,3.254887063354258,6.082565219998269
26.98158369382254,42.37630417267738,25.606012234345563,278.425962101005,1.19847371543738,6.5627323694977395
29.980719285252015,67.56308049468193,58.91615091481507,122.69637946267665,2.766873507548159,6.125188935305125
24.419701135483013,52.01946892842245,28.822723916460262,434.55357872108146,1.456509842400081,5.728763955316955
22.12626025060525,87.20600428008058,55.70580510140163,927.0746088705798,1.7190463510803182,6.0625384892299055
24.89276688774089,46.581794793550834,55.18340615121159,728.8738231138848,1.1808988259164095,6.132840821440971
30.53486495890112,62.76915125095934,26.63625345748582,581.2145832450458,2.568559340160797,6.931131392803271
33.30643922306507,76.50334285213434,32.874896541623194,950.4722097283976,2.536461973058639,6.966221504750744
19.60616872484828,48.08198260787001,74.39253499634839,896.9776968252846,3.01349193535938,6.545701554827511
24.756305554260322,76.01262912540884,62.56674484416942,392.32433929478174,1.256028436377114,6.874720171125404
20.85056504914392,71.74377499158145,70.95682564333785,980.8427826858967,2.929828798354352,5.823894810793976
21.548959740963124,58.58927859143683,29.945108356730525,967.0786469715845,1.1680049647305826,6.712993245990415
19.3975593310818,44.85047814955588,69.33497857784968,52.72942676587433,2.3533409185566083,6.196556163989248
21.630740053199997,84.7661812439186,78.68284707327074,639.1448425465087,2.367579224659983,6.7616881077705795
18.636721947834715,54.22925193193233,69.5654519949891,259.9203972139117,3.344977780569505,5.744322041936147
24.46272775449584,57.99163983241496,79.33636236612762,307.1440303521101,1.5089962153360768,6.16508862423092
32.8141400892206,78.46817494866059,33.83965451611594,319.1843744392384,1.6316626426047613,6.200536513238207
34.44100989003552,50.806826532461145,37.63228466409511,861.8092429153161,1.0016200250560048,6.997211861942542
32.72336173567919,57.57907003301723,53.53229674946796,893.4141429522172,2.207096620730461,6.3835114113782305
23.32831039569804,56.39215533586241,47.7145564761516,850.4748210361913,3.411974894878808,6.29224539979458
18.950536708754875,88.31210717352289,64.08065774001842,542.3243013527332,2.9167217304687467,6.233197600300853
25.16983302095865,43.872826281942196,29.33088270208593,490.27819296062535,1.2169609014401264,6.298637084928388
19.64459321186098,50.69590413183919,60.86420339859065,822.0497244356089,2.8759715022065846,6.319882795070042
22.51082857620098,51.39294429700318,33.69756849469006,335.09448826750776,2.8772748294408297,6.263135820765223
26.186365741506744,50.688371506341944,47.427484603384755,311.54567675111156,2.2720438151261315,6.999680337760513
24.020910979247553,70.34174615767233,38.22541934566504,895.5830476262175,1.572824101651862,6.124782300454983
24.415922345528315,55.6953273281634,61.58047867716621,100.98656156816199,1.338436203452008,6.317391430272163
32.25623976203502,54.88187459070983,78.04780655069396,474.0429014437816,1.7717634567528115,6.736319997144395
19.878467704726273,65.02075941709364,49.31880311758583,928.8550168141842,1.1573553158930385,6.052365280489053
19.98928080189891,73.09076542223573,76.22423568387873,841.033221349701,2.4242132933134832,6.13187512300582
25.151599641587367,61.12799562474015,77.40251116134239,712.3385387366374,2.2616168202637907,6.060276791935124
21.04248883670582,59.76797889202139,67.01593583863732,429.99607575526335,2.277027200799736,5.785687819680418
32.35811841057429,67.30293833805865,58.56184625527206,154.74395886686688,3.4680965815001583,5.794388159777495
23.79235071452224,49.720216682974794,24.753679208456187,355.8347710308345,2.9267948518971467,6.298845648739279
20.70645762907735,79.79973144219485,62.30184699500257,293.3004667341318,3.142583936475602,6.034760927847778
21.92919002240672,56.595032774617195,33.52857451240321,907.4907142228654,2.8237131078035578,6.799042815772239
21.843059812881478,62.3349165528156,32.340827869648116,278.041747369975,2.562934789319632,6.923834404570232
30.59269493176009,53.706517888267015,42.73076440261866,861.8492614736004,1.6523258505298175,6.643553889781256
23.51866739354633,42.63379268363624,58.55408738235264,74.58524057444771,1.8422332759652897,6.90392611068364
20.982490815274932,40.74421716494654,65.09815057218319,215.6762594783125,2.1623910434012865,5.754933046666786
22.838885571855023,74.8985431931939,28.05629256182635,699.9897674494792,1.3112060322573056,5.55110252181257
32.95482472414115,71.4813913206425,65.77312676693955,515.1304894292531,2.3456689165522198,6.79790113596609
18.449977443812422,72.84679823488767,65.33547538933874,166.1847959107845,2.992774221333887,5.814082040662117
23.927080767394404,40.39962448365539,36.90606447643921,24.165339580879518,3.3651091585181154,6.0720436704871155
23.47286481998927,71.2667081271353,43.955782246548644,4.528769788168852,1.9518310061332091,6.384693270542517
19.088811092963294,65.45545929143715,56.69478642404485,216.71671735583809,1.8097141485844375,6.8117100266968915
29.870620366031126,70.12345982967635,63.229853284318565,222.3550947399272,2.208746182512912,6.326338576793118
32.64380867153512,83.99100884366399,72.22416685008625,714.4018569768796,2.8435927191052905,6.019065953597566
21.8598858531994,66.63393383208229,69.82333414090286,807.2640695644291,1.1778034063632419,6.052032405922491
33.93766345224503,59.08073525598533,66.70178400938495,626.4684828274914,2.715921020518342,5.576227697412241
22.610914059183788,49.08061161044034,50.27117959896893,430.16927803274643,1.9008569573802934,5.993121808998241
18.250897554841885,46.55689987218533,49.79385918867952,471.20197819633694,1.6011112452182064,6.456349420750815
28.462663981617276,58.45893726461006,65.0129109251344,512.7005915027505,1.4507093786392216,5.674315628403054
21.90494765165324,87.70616770635313,78.1025953679924,396.5677324214396,2.255000358569204,6.11309952629944
34.30224341721202,81.20457862763914,37.11196999446218,495.46522670231076,2.585492794591663,6.6966896558848
30.066696923127985,50.31325628463199,73.860411855502,956.9712392074402,1.2425044388900819,6.038225950824069
23.264998799541495,86.48693733531623,61.05490686673267,861.9789793511062,2.496323486999336,6.465950052310233
31.537046230219918,54.340198306718825,68.15195083326364,272.8940819054281,3.463482355519579,5.875856835655071
24.6404166742115,40.820168292981045,42.388380055255936,705.8179037379124,1.3969111361330333,5.694464511327625
26.846027349380954,54.79179435484721,74.94050236545144,292.9163024234688,2.49436817071037,5.968594850430527
19.288821225436866,69.36065374512833,51.25700175572291,637.7029001168145,3.3948634946664087,5.724628788588221
26.934703223074806,55.57035323117768,76.87746670771651,668.7576383982138,3.30422308802065,6.955320303926827
34.61915841806706,83.54037158815964,53.71979163452691,186.0145805871616,1.4029651938578407,6.72718990750784
32.18755805844904,58.084980483598706,62.30654150444964,139.3370280837779,3.3673341071589897,6.900954625046755
33.98014827631271,87.2958418122322,60.984121016188986,206.33312773611513,2.478283985098213,6.572571023414843
24.750633131926282,86.90259120543436,39.40954488438685,649.53600294993,1.3446333095103307,6.430296714725378
22.50594631181518,47.32489775111255,73.24388592157285,997.3981835863907,1.4843937581225808,6.591625941725541
21.173630390123613,44.06763052121338,55.307076947453076,823.0817787464606,2.091357822562582,6.599878935145783
33.13368267120432,83.10755680910324,23.60638110072282,876.8495810789663,3.47418490335613,6.371915480585411
30.29315405673413,85.74469220648713,24.671731426177125,646.3069543729829,2.241551181963337,6.719122319543632
28.0206951811737,60.50860928524894,26.203794745970804,329.33329989622206,1.8624276060212233,5.905885049710449
27.20558421217605,88.176773069218,58.135694108194464,121.72010089767882,1.6132333221729,6.188590709486074
27.756084229911174,66.10156757407671,42.184000086875216,78.3000524359585,3.421245921663871,5.915716932374283
25.01147333242198,88.10724999589773,26.439247622132214,505.8358760558345,2.434615176247126,5.702101292078027
26.683457863020774,71.88622433048356,73.51367770271011,453.220969448202,1.5115256704149116,6.457231960677248
32.29540432832791,43.3592745531857,52.67931724456259,482.2313662023381,3.085602058969283,6.131750757712531
31.23774303656404,88.10323042856422,31.09731835234225,460.1240996441176,1.858542420625688,6.970703856774779
23.06723690165864,63.91415761665802,63.12082867160697,816.4020856986522,2.276279701222957,5.780917135004726
25.111446050930756,79.72626735541164,43.36607983092064,791.1329241360269,1.7465581874608038,6.801299564801147
32.41116682443861,88.9086048977952,60.95798470132588,912.4009991413025,3.1891369159288745,5.83485665028234
26.33256443891586,83.48376491513997,23.422159868523917,619.297190415144,1.1590543210150341,6.227722721364742
27.03653225103529,87.93748485356869,61.53394002803237,547.204016017912,1.3720343421742331,6.474991408574074
24.47936057077992,59.1053246963956,45.199682349668265,494.5567731510999,2.8850990898137594,6.8391508237342435
25.199299837902764,46.2183682775521,52.69029074387414,769.7816647629775,1.259650934539872,6.575106945419151
28.376396640603343,47.49414382706538,78.40617067760333,88.38637687986406,2.1436047136936187,6.1004759112237
18.84934131548071,71.09392697215942,40.894335831664364,465.9366225340198,1.3804276437728873,5.783396505056581
26.16175689384112,87.73903327222894,62.546841177785474,705.1086871530283,3.1129164626317,6.258691890805868
29.323014023794492,71.54361274604153,30.34434216952009,714.1790920870885,2.2902775901592443,6.279640995934929
19.975581741051222,78.79430555759612,38.85117598056556,972.3502104187885,3.0207549897276693,6.498095394005652
24.314762200161532,78.18705266956358,50.59819398219585,248.22796209568187,2.805239323468454,6.103276699807858
29.6421055521581,43.92392609819578,63.96866272780743,417.3226307268674,2.743408844253967,6.408526241173661
21.520105544497394,83.33952034517668,44.61860299444314,430.4466802264145,2.9700060450635686,6.357672612636523
21.503765220229102,67.0189152628349,35.06010653307575,274.9651998239687,1.6146210676224668,6.338833113032257
18.603592712273322,81.52106191406378,61.3728878949726,555.4034868425927,3.243445644247423,6.64601858159816
25.797203616654137,60.490177670058735,56.41150383000128,588.825920291049,1.2537465753986203,5.88321712244129
18.849187005251583,62.56033794685307,75.51411422370839,170.6825707504508,1.7237989034536139,6.726309353580385
33.711570571086895,78.79638058068991,51.218974726006365,560.138576643484,3.3309596547112483,5.53524600448929
29.69770459146865,51.80385325050221,26.662491375612532,782.5017896872796,1.093203914845015,5.787907070661648
33.52709820637036,51.915906349831666,64.92548734537212,30.04039305703776,1.4278551473600756,6.579269663334056
20.890562815638482,58.42656894026504,41.84804917039939,886.1117413528436,2.765532062185069,6.766899229595525
18.976944654771163,46.39023669151338,54.65766901404097,566.9496976573128,2.9038774636113156,5.609845332050844
29.533360988826132,52.989483669623496,72.32790220508795,941.3555437377913,3.48387336683827,6.089883094442166
29.642887393741447,88.10428015296267,23.471040108186557,983.1733662481421,1.3255520111539858,6.447063543247859
31.91617077280756,46.009452582130876,40.10182935664356,287.21299966813865,2.985690285443815,6.381445207595185
32.067632788177235,60.97737676459042,34.72400479594585,848.2914974407356,3.1359391683207263,6.542044052581353
18.543877247900195,82.14943834173403,70.1723228191107,30.477221439529135,1.236115372259862,6.207387528967072
24.998080508732848,85.1774546172813,63.26819629027612,809.3906702712089,1.6495964314478406,5.777182117435207
28.247009352002053,88.17099094157686,66.14347468543626,390.2917574449779,1.7025351496843473,6.070697264468456
26.838321257210524,60.143271165628505,34.02668596982513,20.90543960437097,1.9202204028840626,5.676010257667745
23.603908153785305,72.63557133727801,64.07752694263752,760.2941792265749,2.524587082834424,5.736247321208296
22.38606890276435,46.92259549732595,43.969083339974205,235.79257826980836,1.3475271872483208,5.923694234975326
23.591297814901864,81.62521015754498,52.92087499758218,291.76571888085635,2.3148752252872464,6.7502220634169205
23.602579707969095,66.06441792355287,73.24085210099011,212.95432028656003,3.080700567949006,6.990106420903423
23.52265067440367,44.124696251135234,22.321653482391078,63.39033886538515,1.2497508857076314,5.6894117373321595
33.370065198814856,45.01275068369942,55.56187239470726,230.39241811111276,1.039256626756674,6.495207661146052
26.485003143918213,54.661847589992504,73.35576640675592,924.2109477367712,1.6717508430499899,6.066193067881474
23.4436351481106,85.08934519614702,36.36274242133405,640.8348711686481,2.34845233673778,6.48736601174687
30.355997974514764,63.87280200930523,46.66334612489455,782.1559057385692,2.1621193663417984,6.945070651862753
24.141477881953758,64.6922779237543,20.017717863958183,991.9595525812364,2.391365822795317,6.530781578275133
34.415394028199785,87.88734571267335,40.667043265202565,669.9093288209435,3.041187079682546,5.9160184132542675
34.843335551763275,79.51726424931478,68.45382449325356,770.4569662385153,2.475719093563304,6.2354085544750895
28.515863904398902,48.98492173148276,74.9908224515759,278.1662797566139,3.2924440521075304,6.430545767667956
34.732781105093736,82.87708001044382,69.28576322402088,566.903383419747,2.663923548060298,5.585048554997443
30.648454171927824,56.351455341475514,40.59981551881988,324.4011938149327,1.0940770875517356,5.579776136332022
25.015247672453725,48.67749239062425,73.41628884136861,715.5889584128093,1.449502581887432,6.7844799930606605
21.002720221896976,64.57839876134292,62.814147620426525,315.24874346231303,2.8929484351965478,5.717311201682355
25.46753219933642,51.60473239880835,74.33455742074017,119.64085717936901,1.2279531068608724,5.840368336507131
31.689781586578114,71.53247070509751,33.511175009107646,994.8166466222484,2.4666153221841225,5.613380910610473
29.287922305367008,68.8133241286729,45.91134791032087,941.870414359707,1.3750655099538125,6.044033978275313
26.116635909833146,71.83550347642537,49.428526282524786,452.9211252286346,1.5612512866457635,6.149102051949445
18.474340596645668,51.38374013539283,77.49385521505947,264.9777025664052,1.620632527713563,5.969998039075568
20.210516431086177,74.77711763568394,62.176240291056416,472.1633205522038,2.9583056384150783,5.965054830451974
28.54884773041435,63.36339888514887,22.365969492317593,623.8265728228006,3.042131476353492,6.735730660650213
28.633732320486615,79.12332177760356,33.122119803558796,526.528347622461,3.1010149235237696,5.6183289504774026
33.58905262422386,57.76473699764969,61.84289152151451,447.5327690777193,2.775657837512914,6.929064604843158
27.365553079863645,59.54134593783826,58.991582889878536,574.4001854160934,2.078320955294727,5.937738814662314
31.379513701108827,69.11592610903539,23.578940769159153,773.6966755031815,3.0540047084840536,6.656930360341534
30.958774028683862,76.24607062322639,37.618602624187446,916.8353671057466,2.5729794747483195,5.705838856557403
27.22002548628066,79.67674807154506,63.41552245928584,414.09185724436435,3.475288015624236,6.659381829968137
33.177983561476985,52.22376078691271,69.24113471266763,794.5474268737464,2.707772746347927,6.093353858904275
28.28264280761646,49.1958909565889,29.90893853650038,136.13409523668108,1.5456283971198685,5.919197477606323
24.2946628992446,62.00768090636414,40.946024879012576,457.6914262072601,2.2667194551344707,6.037886229041176
34.35080973949557,75.6481518306109,62.29696804689189,807.2295634252152,2.703792600618841,5.534825928507206
18.64489581036991,78.7556222302422,22.094536662141383,189.82555781092415,3.325597368618147,6.169993230320176
27.21527005240968,41.77240184543897,32.29768111647839,349.8474307258568,2.834129878626517,5.70657314754317
30.31547011522223,53.715314364774315,77.16066529810496,948.614504433629,2.5195330984192568,5.991219219695861
26.960160207684318,65.79335219961831,20.546070815513247,924.7939300671584,1.4198154026349254,6.1880798014096
27.94105590108896,56.90868189597615,27.472358404598122,520.8444576551153,1.1167971364248575,6.698039473532734
34.76731128846848,89.11182751171378,26.34497862050799,993.4554817569075,1.0698947984918616,6.683851365361299
21.684329487774946,60.36712337754898,37.43181006764378,877.093167995398,2.8964574328597568,5.858769749078598
21.203926043763865,52.524731260212555,59.26323867901854,872.2291588112324,2.7099742235353963,6.6056504975063355
23.87428597789851,68.0062140967676,48.95502789328515,469.11778135542323,1.643697029713195,6.442944032011857
24.870161788318434,42.32532659921912,29.438219487381758,886.5410798798547,1.8555825816370144,5.8724606833578505
33.72936697322043,63.23570877928485,62.737342772407075,606.9243285454851,2.4136376457826687,6.112728942492201
30.741227366802036,84.52077488983149,32.624776363050294,222.0095924962292,1.0588545070149804,5.720865812706632
30.615991576786048,55.29582576663992,28.221606213236516,379.2122736425443,1.1490704045813354,6.170371520973857
32.53308483861916,88.3366557826367,53.6159848906514,7.9191633037698494,3.289591131063112,6.9066107055149315
30.15129601366392,73.03969138734955,64.43996387050689,8.785022011729371,2.859145859878555,5.757805456444508
24.57529582244367,72.9589873771481,47.31232345369219,688.054802112886,3.069974513450898,6.202231461862096
31.134875780800478,58.6793635915064,28.496507253537963,427.24463700323923,2.946976772274361,6.587821290363504
31.994323532819003,75.52028221184214,46.16893915823456,392.7479652185213,3.334525377156154,6.461700112599298
18.381200060697022,47.97504419768324,35.34212468232951,995.9343104469543,3.2242851446893237,5.65445123463356
20.504346897115436,65.34791644063667,42.08446359274126,352.69398836458066,1.61807543796859,5.587428310592616
23.171947736778698,43.35557942663296,62.816139455623535,778.347339842162,2.5768130785295824,6.73494842264936
24.450433072646945,53.707066602508164,77.57125595879404,81.87400067046757,1.6417659079707412,5.96808033706914
27.29066601337131,87.81316595405566,58.08139249171112,501.7469053349224,3.260012615680797,6.588746238538373
34.04820726724111,88.44051308906765,62.30483954731247,459.6135855518553,1.2136884152390963,6.994538791879903
25.829710470686564,51.841528621632634,30.231910621952082,718.7122039441849,2.6057160840419082,6.717380438359683
27.16699150883821,51.366802861784166,29.036060179987004,214.40513632913527,1.2525277206607943,6.251728253767572
19.444853239887188,47.805836237431706,46.97632089867114,433.4194899466572,2.946482813970075,6.774272530405607
25.653357111531225,78.50945180446102,73.98261264057163,590.547971379119,2.786885312247626,5.971218219539345
24.46774842385391,77.08314541916741,67.95497267984071,563.3487765682212,2.8842199738928542,6.864325811965738
32.86775605660576,74.62423116704119,42.8309227656387,250.32723570212178,1.2496234292544866,6.989298902733946
33.074779335008856,43.49004754845351,77.20192842374269,413.1340276791542,3.1427486944657517,5.778957753764345
30.90963948550835,51.459558354993774,62.876673592464165,587.5683864170453,2.546566636846429,6.4284894911896915
27.02496801646251,45.13288868011117,30.6446453118873,170.2072847656967,1.4944403970369349,6.469208596904759
24.561665306379776,46.76832316010457,73.12286869749249,584.8224309414254,1.8986445042149453,6.751068042382385
20.872153905191904,85.99197692431615,77.23748769056742,652.02439518818,1.3633377984635566,6.864665326921464
21.7777213383169,53.58199988599753,22.319506635747114,136.72575013546296,3.4411250500004087,5.796672172387385
22.267059527792476,49.451519319447556,60.28454855397118,69.75379697169038,1.0188198836559552,5.753270756168239
24.572208992536616,49.86650217893542,79.03439430354885,688.9208678083198,3.1992477096167136,6.202478961961486
18.45591837129757,83.54924403737022,71.75631618683215,96.68435934234698,2.804675510215702,6.041678722592891
19.447892165925293,77.89121974246927,32.23270585927409,812.3627625504473,1.4636851954728294,5.984322331357512
24.671218772101877,50.22898373045644,36.79669526294495,524.4002674129547,3.097247117484887,6.498177130494458
19.93769824024901,77.75137200498548,69.0822754690586,77.68482369750829,3.4548998745877237,6.3441556116567295
26.570886780308562,55.75933286919197,55.02939297323908,211.46450746366196,1.231507648977645,6.142735303668838
29.93677818018569,76.19746722000099,42.836611050636094,448.0879168244619,1.3096738771218355,6.843608119018397
31.94708323229886,58.55827252036524,33.93307519866853,849.2877716618991,3.0117329836126747,5.5819205023970735
27.061200768399132,78.61564096564449,25.218682815261637,625.0200655484762,2.0413677304027744,6.249673612599081
34.568868941901854,89.06572984218164,48.18363988433268,977.1083168816691,2.738633904203701,5.788338229927841
29.12224684712372,67.01670904546404,57.81265643364095,341.2482753113422,2.479294687400392,6.281331960521243
26.955645380716817,81.75182079695969,47.45376935966607,419.76090297662614,1.7228207575820238,5.622123121276186
20.49230955166774,52.231769027121494,36.96199755693466,400.2100913299711,2.395226588699477,6.022335722538344
33.96221625210693,73.48189157281254,30.874190538465307,114.07703526776581,1.1485811577447755,5.968756887756664
32.93236561199055,82.90155353101528,69.11060499620004,979.8767103611547,3.299320871839493,5.949282642293813
32.25173012964345,76.38596082642314,51.74785136366781,351.404208185167,2.9472230608884367,5.502015935482306
18.902670983839638,82.6483452656145,70.26290357599609,551.954206255156,2.00887287337029,5.9312732459365565
34.10126415184094,83.1672623775851,47.5529907762685,745.8668909159682,2.048695123417712,5.564133975159928
19.37868842821895,88.8209631615849,38.03316510666152,491.9253847444627,1.7107955477968528,6.224546791395529
21.50235644230835,88.12275275905357,73.64794556615797,78.61244683353486,1.7262816285891573,6.117201105271625
31.368899076155564,69.18463652142154,68.37395343894615,775.7787882543843,3.2989391889493276,6.048106203585017
33.545219950345825,40.518057032430484,35.41903117431045,691.6950505314301,1.598747703530433,5.868050006705843
25.557514368362234,55.75247765557653,34.31833208129273,325.1348551208798,3.0816124015305286,6.555624764626296
23.94684950644853,56.81273977193123,55.69089725749658,276.97969523857233,1.1391961261067087,6.30081629672155
32.92681922464931,56.36002036830962,71.90233459236022,728.1137465371738,1.4471839407648521,5.69507752744502
30.883951146938166,69.36089471248579,70.6619909372073,880.1704505662206,1.6766016987124939,5.505378850874493
31.932749074797197,49.19609735913512,31.543396415179604,532.7831702577702,1.345804632372324,5.767995906154597
31.44269294060296,53.359082144160446,38.18475068482395,698.0242294744266,1.9335734714946595,5.536229760315038
34.171468237513295,51.15202039974889,42.63705489016239,80.45120791576433,2.134657027039535,6.870719258700949
18.256202174709514,74.92035115763713,74.70797527169232,358.4866267993109,3.178341248971641,6.439718573170374
21.27682627978725,73.08404005553035,40.09989986879925,686.297778155642,1.7508048367102784,6.17083996758656
29.03907873184696,50.246828249170576,79.29073537013943,10.661325131559707,1.0651461154971147,5.79480800915449
20.396578480486333,74.50785769339677,54.70806470058,368.17952546364086,2.321482350669934,5.824929760501152
32.84225667576227,61.11301653470934,38.65384193263199,555.5165449875861,1.5566290297656662,6.140167487467281
27.256909222553812,83.98409969617643,78.7620419493013,527.5044670112804,3.1376211993587986,5.748805058394171
23.886482365777827,88.68836160319003,76.05046545817004,945.3315755599991,2.818331345893043,6.185612387214345
24.94259162334621,78.39296632248448,50.127394429139144,174.7069151065488,1.450015704224376,6.983492577487672
30.756715368672808,56.14359982042804,73.56268846491916,194.20592958708284,3.3989629136549873,5.7770216968772345
34.917158991379196,41.835689097117914,41.78173855939263,605.3935827733055,2.6906623694834555,6.115019613494727
30.509004451126046,78.05072576972658,31.322006472991447,92.16812910026329,2.974212392763757,6.5291880775492
19.108470037731024,61.65858044218899,71.39888145282902,849.3776202552857,2.459201423768673,6.863709894317492
23.011908750090637,51.01317281068277,51.49087772764007,211.27437258684168,3.2032690363800795,6.105856924920955
23.692592916350996,41.59308827029142,44.304007051929005,708.4983016286654,3.3709938671528428,6.045595565164665
24.506417245402528,62.29678958645066,20.311104963961462,757.1450847221805,2.0209111795282357,6.930109460850243
33.47575532819823,48.99624963749179,46.34384817222319,272.6985366891932,3.148178873855299,5.942712457609919
23.544641751820027,41.30213381711906,74.16693910246488,109.00732414974901,1.0251620645574357,5.926256781662628
32.182556045634534,82.391196008382,72.25222836407201,30.121629284568407,2.326870765403984,6.61043929267138
24.51834020380252,45.91593327042325,50.6191477066386,921.757692893016,2.32619057871817,5.557298002745552
32.09778199452708,66.29882909682934,68.35367078305723,928.908956831744,1.2698012802971328,6.111092322145646
24.153685816454292,79.58823261419971,27.075116689777655,673.560006602087,1.7959729824168615,6.7017237960310325
33.995353495011194,68.61952078536338,27.361160726888322,61.633885833094595,1.0495788687814174,5.681407285252784
24.337105471932567,46.75015391020498,31.4658065852227,311.5502782138024,3.4645914932227555,5.874251276944117
24.963068518922274,73.80128230821376,63.49792583161113,162.67772718261597,1.8321460079491687,6.4377451491596895
25.940227060811942,48.836090452567916,23.166448087408497,572.5073507854711,1.187215534778993,5.563581482145755
24.87602940506434,66.6339685799993,77.76248916454732,459.5496208064618,3.4470941563563535,6.767894580244857
32.18354284386353,51.67071983693032,61.922807283179495,507.51416501225555,1.7640514122914457,6.756475004112035
28.003677799548555,57.425169464940595,47.8952229189413,487.5421918148044,3.0045987047162326,6.075044401713738
28.686485159260194,44.35688984787954,25.067611303377355,616.4983558351227,1.9187196227934429,5.582024894926943
27.93980062734071,47.10448393420437,36.013802142235505,471.71410878500166,1.8369700985874051,6.6657129948900105
25.323088892401632,83.85410189014667,21.790288573741194,917.4475647496122,2.6367874426307765,6.4155690725698316
29.597017704331083,73.14658412096563,54.93479786480089,735.8026963471781,1.464654582113442,5.649545862015469
24.001749427763553,65.04939257822817,41.939201117157225,223.27066373265947,1.9295844484005078,6.8741009012976875
26.892931668194272,70.49554669757171,65.07335359993348,111.61107336158516,2.9518998768711393,6.4719706039597895
34.148367905179924,50.69062034914624,68.07098453911993,982.5290128366707,1.7007701749577702,6.832361065190369
21.86053920214006,44.508329255322394,51.957428434799866,308.2145415969325,2.124445255989359,6.563865361106918
30.87901024231663,78.4655835036199,73.17355361072785,806.4063385956051,1.0589558867198723,6.358555710706967
21.118449609912588,70.92104795190936,79.12714081764463,801.6834847536879,2.7291029020217907,5.937875189145315
29.3400729929332,83.4651890563741,66.4122785721254,182.89764917697804,1.8337748817062103,5.531920923825111
18.27111426827841,46.83621429260904,22.92638471880035,44.375476364038605,2.265918228946966,6.019191227116435
19.500388887313473,76.73147638521257,51.492528881551664,158.2501922182874,1.089620649590124,5.517635201886991
28.35242772222896,72.88286476918714,59.45573675570849,724.0374046340876,1.7500928942187728,5.601861755919036
32.836969587798016,88.2577272056358,52.98958747453429,900.9026250797017,1.9339655682754784,6.26732250877059
23.424626601346308,43.18949053990816,63.48591819430637,286.54339803845863,2.2269573435052994,6.405110279875379
27.591443085278847,44.30838285022702,36.74827776091111,668.4958238579492,1.9437712423642024,5.801456107154063
24.635816634773075,84.88761028655784,34.55327610406932,658.3283116420067,2.3826298778191894,6.3152879237146005
21.22133861741048,49.71113488162657,45.47678771399299,20.90797880863038,1.7577408198815372,5.549552752965924
23.5408934395371,62.751726139289616,34.91686976334904,829.5041888693023,2.6282116292829936,6.244579471046982
25.504928973416582,61.48052229770302,23.983533674085304,337.0238879622084,3.150957998816067,6.774074633699675
19.971336156339135,78.69492653440946,70.16694367095286,347.98252567776143,1.5427262411706857,5.63762978971668
26.44822319608185,72.85653916553194,54.8074514515723,348.6271636927317,3.2578004709723927,6.132826449623535
27.296880083594317,63.99996833947404,26.402928188232302,568.8491171695911,3.3014578398547214,6.488947659185757
34.694049709212315,82.5215301200567,42.74650474782308,52.99279978501703,2.1646891587449115,5.995438862042021
26.692378170321554,41.75174618775273,65.0988571333703,82.53027950977831,1.6913036724648,5.5826328603913415
28.604374800982963,80.09645747443892,40.77648541209999,959.7409015620731,1.691046321974903,6.657258111803081
18.254388035410464,44.39708924086645,42.0226176744257,97.05285720118783,2.3353279178548165,6.068230540976982
19.80714751355153,41.8848188835167,75.59476024362937,976.02971507605,1.832559464641949,5.846482903673444
28.939179466799608,49.00575493455976,60.9883946274805,657.6780494787688,1.5029054567748512,6.32737130926263
23.864813376351748,41.47277158720685,44.2743421350673,584.8327287068157,1.6733403357389278,5.8994402869779705
23.31612618311794,54.91751792847178,52.56904014897501,246.23130844736608,2.3808157408939037,6.805622383578665
28.6156229780388,71.64677171262649,65.18827076693421,149.75694448200628,1.3350798777967992,6.465132610777479
28.525857623076256,89.19306896216601,50.285850225716366,800.0077663820529,1.0690769917222074,6.11464506326123
32.20892006122546,42.29593475705907,44.207389834576134,300.9895394313313,2.3168236567316445,6.433638937826886
32.04009621737505,68.61361931829447,59.861587862603685,245.77402630969746,1.959582181283701,6.18962907833827
22.28126680927732,56.701924567688515,48.00765571964092,92.18079086190167,2.126078855989036,5.699319926128018
18.09250292515289,45.50458771277457,31.2903146114924,682.7047831953121,2.3779849987729453,6.167652186454408
18.928432408658487,42.90349985896327,57.26445798313831,52.5968891997105,2.633154539534546,6.846203125995168
18.194000673241582,77.02935885248202,73.10530671004216,94.20785631167416,1.4114998629543645,6.01052670549674
25.06543970715226,41.994535810179244,77.05322637623216,182.58300970531138,1.8374245525686184,5.811301839089738
27.964788071039344,47.031971522919655,59.76708281626299,635.9863004518279,1.9291531355760443,5.97992189036303
29.118416835493594,42.90516213021534,20.406199048897527,742.1524648565438,2.796630877581726,6.200983057658597
32.87658090770789,81.15310990318125,33.80693597379566,46.88069222563185,2.9687832294032943,6.5143999819272445
32.63415150612765,63.429842801929674,44.41051021996094,527.1010776423627,2.3255624796363277,6.011083796814853
29.975572870074178,46.78016331527946,52.144417144075575,262.06470289852837,1.8998955769376642,6.0449771716523495
21.950456021589243,72.64410153563321,60.24464889182845,335.6238165376541,3.491731794691673,6.938865032298273
28.844612193961183,79.30818878944595,22.319303431234868,762.3896157992714,3.0816639839667097,6.043288758936508
26.919519653804777,53.67906269285088,33.02847799846946,104.12778562051905,1.619269168977497,5.968203177206293
27.624499811718643,53.58675614648373,76.63992582504576,382.4190462331322,2.718183151728425,6.536854914371822
20.781676892493884,83.89458374423553,31.536245196792763,976.7761775365201,3.4902799226805223,6.346136937754793
28.550641606450476,49.33508031902282,44.76937857805378,673.4625927752141,2.443128133491255,6.230159637705324
18.462357453357317,88.6188523734443,63.24413890677013,977.9813485688211,2.0759958780409606,5.521811326959293
33.42994404836326,83.09690385864468,79.46874471748336,514.4950339729055,1.4141358769265686,6.76786050157445
32.070658053799534,88.06742174654696,24.567497442405845,583.454728533725,2.193882059594347,6.720402134668028
19.943959213669395,54.0943923763987,45.743416858188056,228.24677477543975,2.1096643728189255,5.770996121002563
33.24270266354239,73.21878826935252,59.56469649627107,148.0731280634675,1.4695024193955004,5.563132232754688
23.547399256769815,69.7394646743565,77.13481907126818,9.0085415526876,2.1528467652994268,5.883675773042314
33.237224931199606,78.60621474628181,24.068095121642905,216.69871285594022,1.9570370256303309,5.545107246144488
20.755657762701986,64.50651868667626,67.01201442812292,376.2192365849734,3.190144733450042,5.957678094246869
29.695713086343574,47.52542932310268,36.842683940540944,826.5366179866026,2.0557959712445055,6.976886887345962
18.35067455197556,61.658248679697834,72.44333098885272,847.2403014343544,1.7529884741021753,6.353299280544761
31.400102676402625,60.21182204724375,66.47391435714619,340.2117794012078,2.1680637838434365,5.798598309351263
29.66421407432401,66.46194056923017,48.452606105022056,230.3880969289702,1.8097750725611483,6.557713567965818
24.677211574999927,59.598563471527186,48.35339016599846,597.9661371676929,2.8653984921985387,5.939263303820907
30.748450693452273,88.38090461431173,72.72953112951706,293.2540792270625,1.8417466140588605,6.164769786457169
19.958389450713707,40.383472218155916,54.72749816311601,769.327485145987,2.95194900151638,6.245741516871215
29.459595138387833,43.99594284697072,52.66246790194193,618.2133476664046,2.1258126741462853,6.217783182797765
30.48672296169719,53.67684510328607,23.24476133928203,956.7478770790492,2.0078015380099576,6.512756373806735
33.13900351178758,68.12838330113253,76.62419814865933,935.3570419011877,1.3389792518361399,6.275220660983997
26.33475015184583,71.47213688535108,57.83568487802127,173.88387247610416,3.0401754038916082,6.054209275598616
25.554666125451316,69.98941974464898,75.175196629525,928.1826897361861,2.2249027324357358,6.071859095739292
28.120318935144194,85.70418905394106,55.22092700160736,103.9432676423152,1.071585949044361,5.936182780109581
28.15921297425288,72.00797138271105,72.95180680806654,942.5325624025629,3.2595460998018466,6.247224566302167
18.757593829936475,50.17257330760236,47.7476063378825,224.34611895623235,2.0747531064464657,5.770081449044582
18.060146875919127,75.10398400544543,35.40705214019989,566.2152425144535,1.6223670355674766,5.514990918483285
32.77060011361198,51.23909920522493,59.93758126033504,543.8857948745565,1.444098471376925,6.031886935367198
26.333685128198226,66.42741889072987,44.0030780226205,629.9102962373898,2.593420023348389,6.710204761831369
20.04827821995648,84.32510662104562,52.38310139541921,485.49378212359807,1.0927228229533215,6.365402626805016
31.011496495152855,77.91419749222752,44.35324189882019,474.4613611687695,2.242832798265128,6.22439562505032
26.883553258460566,51.354444261056564,75.98914912665361,499.3037654621938,3.310938861685758,6.989759443586053
32.73064067505173,45.50478515214377,62.933463216387054,768.4358685356351,2.998286250041864,6.39231662650403
20.04053394615901,57.98456478154967,60.32804011234504,854.5014366196707,3.164153250378079,6.967607871244798
28.69700896719977,72.61947939916874,23.414031121925973,845.5421337432239,2.6866871166466426,6.940343989905189
19.204090288817852,77.01971207357863,42.20671849435058,527.2612132842285,2.3270010545494566,6.1574337055171
22.968251818544758,56.050917997229284,57.18662737641282,965.2589887167272,2.9876344624455697,6.836848980681063
30.784633852350208,78.18901219620406,69.00790342057844,345.8642624040531,1.1573797184578827,6.15967645426392
34.98103941793581,52.60677251154501,62.88624080363475,491.2891630417995,1.027447038107641,6.752236227783249
34.52874287683597,69.9923309377817,29.877380580614016,707.6034616479997,2.0305920785911526,6.940434888943055
30.484077982426285,41.50881719230795,51.95417889847648,419.74303464726756,2.0929240422610005,6.740598627483963
26.31905564277192,85.1273572827022,64.86959959919571,564.1493981700097,2.943395942293255,6.427561876621814
26.82164748138776,63.709546709439415,72.97029130985015,60.944319224148444,2.6051706596485538,6.306407969456477
24.276607079848656,85.17783208958434,30.7244793558558,757.0339505796748,1.814045799668972,5.678412443046785
30.81476054741487,84.41708769318996,23.083487305318197,408.87030899264767,2.922564060411227,6.175041294157113
20.77300173652777,89.14584905895475,35.85594873847906,508.4007290559427,1.7293323473025977,6.991071400336524
31.109268959646855,72.76541767030945,65.88634564704944,73.98816425652267,1.400850198511339,5.553066435043826
33.730393324967444,56.22808733529822,47.095455879581266,617.7889642414859,1.7533166805185376,6.965295052961606
26.495737156497285,64.18495629097947,50.43494811830915,10.68908064030194,3.2690449332846185,6.63276244341364
20.54730392531751,87.48666303214455,26.61483417492141,612.1245583762409,1.1500627698136885,6.198710274757742
34.26507628393463,56.81101399070122,77.69747765939798,997.5880950841284,2.4765436897460256,6.334503648074425
23.204610926505083,54.011957738369745,66.33147111388011,392.9607303269721,1.7087384512334436,5.542375541925016
32.295707102089494,55.796557510218456,62.42563367594152,793.9509403716305,1.9736468396498799,6.84902828403879
29.90776077085685,77.06810200953416,52.26653731188185,567.4974268334093,1.4767406383038888,6.010550387390597
19.213617500040293,51.00200362382895,71.08903456076575,127.78451093979459,1.8880202325902011,6.92171209941053
20.99357466300044,54.588085958844545,30.039659193613222,281.90262787611476,3.1467303529111863,6.242135942829179
34.06350773579746,43.20773446580465,78.38531163461458,675.4236893616892,2.8672231132767436,6.431603684350927
21.183396986754122,43.59858466633909,79.04576022642934,576.2763737468504,1.0489678261904027,6.250888248001154
31.1807812144001,68.728109388079,68.05422571840477,884.8985190540114,2.6550981080653058,6.213183769332414
32.5729350688481,74.3203789917119,69.65392669413963,101.55014278980357,2.606928811583239,6.4691789089474225
24.481866213056577,47.310968616930744,54.20386900573289,348.7564130930192,2.9411194738282855,6.297161565929309
31.04086128253455,54.12327851014656,67.36857122958011,704.8737432245726,2.985719385662253,6.047094923705102
27.77664781813212,75.45856316194423,28.409698959863157,592.7499247842796,1.2189684861200925,5.580841440537102
32.71097382481957,42.74318611848134,21.23282520464183,146.75014640790752,2.8867498613505873,6.347933902980579
21.40096283594423,51.46621182477515,21.274301309513245,810.323414327463,3.3869434508903358,5.917161146534758
31.490438129884183,74.6182896171721,55.03966880238552,157.2983359116543,1.2775350302294364,6.316124834797387
24.356384672282886,50.35713306521898,22.842815219530543,196.7690753263761,3.418089598113208,5.90290371696862
21.642989910176617,88.14847650983225,44.608454200002,692.3469770597538,1.3422497294221087,5.530248984287953
22.251023658976287,69.7533585568273,59.28543586634552,458.87438290644445,1.891002309280846,6.273395251919831
32.59022469329096,41.91331940695937,39.84286169258165,658.1836360754974,3.244514214958564,6.668523196941558
34.467065044511834,86.19390844369983,67.98626078782999,379.96717640445945,1.5845089224911895,6.795125633749925
33.82897194678457,49.75198396049662,48.52947496204166,583.6644006855661,1.714153690084849,6.469028831269909
30.937423423327544,41.99306674734334,27.147151835506392,552.0690601543096,2.3887537319036114,6.833698465719541
18.862129888211832,73.10909777035562,49.724002218363054,15.591731724555856,2.518922077645512,5.729667735767313
34.67466854888248,87.34294538779699,40.463709275460054,518.8606211009812,2.737601827096864,6.906519112435225
30.125436826383492,56.449751400394234,43.032042942903004,786.099980145264,1.129519584685781,6.628462522464407
27.54823330098283,63.576124797826964,74.69717854352595,312.0184153431145,2.803865381936451,6.2954780874432466
25.950189253838744,46.08482123369542,41.514912583889114,951.5593034856547,2.0318695424156195,6.346252319251436
22.934760640584145,78.85122849835071,52.58903575250369,758.2706662587444,1.7592115701129376,5.791947337163913
26.85722314419981,58.82322093686873,76.38129143443922,4.785625997380638,2.5235144675590204,6.779048659728397
20.28055538027584,75.02998081404317,77.05069859875695,278.2594788617068,2.2718210963189707,6.212224309007204
19.74010594184197,85.84837034131085,63.72666797806143,111.77936145697498,1.1834237773591463,6.182307594539694
30.013862121327602,40.66792940044384,32.46673495435654,58.87653025597517,1.5978153603122638,6.614706279482072
28.675581325950397,56.907614491025896,51.037833188568,663.9180319142913,2.6444312094931517,6.574655055281172
20.961237797712904,62.349998675936284,33.82931797259843,677.3904081177999,3.484477905886892,6.501620460535154
24.71410100103141,64.60823945924834,70.89968497346365,624.4783232859944,2.009218107309749,5.728910360783463
29.739465106095942,61.08149162395678,52.40360934605261,74.85695747025945,2.1921577045053593,6.669739508141501
30.91004852055527,85.4655757999368,72.4487313004133,746.2335718258629,3.0935652788408774,6.773538809937601
24.03411712557737,46.819292457626645,71.03072821467735,386.5547781193429,2.477566603991406,5.5474669511136
27.394688176315263,87.01753195576285,76.85340655734049,567.5060443499357,1.0975539393177993,6.9908755435185235
28.62985576709186,64.7245179618337,79.75670606590052,767.4664208298727,1.1415713581197449,5.608640575565571
27.71088161382739,42.19406291150908,20.06463790738646,80.7521285593431,1.4550931872584911,6.400110029058241
18.21901886992781,58.969014095630804,32.097745397252304,716.858150744616,1.9524412516295768,6.585776608880847
19.898030033788242,43.627002222578355,60.95366097260704,654.5507708814542,2.5059411961868774,6.2678507932879475
26.70252970993551,70.42084379057339,23.610488067986367,368.0549472711164,1.2480704871292083,6.564396334043104
21.137497286811122,70.21286088971713,60.14096240125224,262.14679393269034,2.0393248591723077,6.632503493088082
30.10671836982167,83.41397747313876,75.94399458877882,890.235234981986,1.2273958831360778,6.447134659370038
33.483542809873185,49.05447345361315,45.86460302212939,543.9806255279321,1.0840112411892258,6.477384709967829
28.977345950384276,41.94319593577287,67.79397790319122,856.0374808390892,3.029716736942613,5.5047974997618665
19.26573777554121,75.69686466421874,58.696049552734024,27.624219968244713,3.3355278755673643,6.820230379316904
26.5994107040177,66.01277400843591,56.250868720095596,519.0864921176515,1.005411731485638,6.979427831927138
31.95521134136697,88.57738113740288,46.08173815046825,740.597184377427,1.003742330093339,6.041115950352252
24.56286868000896,81.851394291118,47.06651250100579,24.612063131734697,2.496856261501766,6.654445772858774
19.385243857218345,88.62437221465646,68.9728099937074,858.9977105696925,2.9541752968785033,6.310988787781909
34.82489460360381,73.6357471315511,22.334809585479263,420.87083151562763,1.7276513490923846,5.872823444898627
25.43558471226918,86.5608919034481,66.32623057785253,597.393780272502,1.6887215528693578,5.8162550699741375
31.807337456834727,59.458308957092655,47.56992299666998,820.329456928481,1.7810682315332729,6.75876947804468
18.038259144282073,67.55847133070891,41.62041885098629,312.4111642394949,1.992155989953409,5.527844748139134
29.719359007179023,75.31344405612825,29.4497476605299,404.8196006831135,1.8272543669681238,5.625982289132389
26.58248212168674,85.64189660709086,50.694663381412944,867.1408410410342,1.7818510894374195,6.05873635871427
20.775354585129698,64.4487078554319,76.18438646217967,192.1935243840993,2.038515263473867,6.3076993830706085
18.59210964417204,47.942413498490694,79.96221704477671,636.167957333153,1.9785657890930546,5.8023573505374735
24.488287122540214,50.06110580777349,44.54827243642915,780.3010741870966,2.905904947144171,6.7270203209346615
28.085468617595513,81.27421783131297,38.22609946122411,70.2854575440146,1.8409176414361537,6.643172460047043
18.92376749464651,85.61318094930468,26.192035272490287,545.7266956469194,2.3740224329193307,6.128183499661663
25.134665100665945,61.189243470967966,40.1779451636349,295.39792374653683,2.5931293761314347,6.77414901974885
34.07162338390039,66.11533469469323,24.74846524374614,643.008066026537,3.3945926256931234,5.509631138291026
24.47470229425227,46.83408907397926,67.8090314128487,45.21797908938419,2.9272174181139325,5.828325390760359
18.59092993713272,59.380277265501434,77.19559671828338,647.4379525178107,2.5151670194083455,5.798711357616506
23.35972416788229,77.06032787236674,75.04229847840705,304.5729336007481,2.0628304816037137,5.99059742277201
31.234934327612887,40.932419136996224,71.9303840690884,651.5725252143972,2.6054947279595035,6.799778057861288
19.846598516275748,82.49664025916385,66.6393654606419,978.3010581371581,3.149816464753485,6.443538318486493
29.66324080031525,40.37454704729069,71.00289102452285,642.8575349409585,1.7573153474300762,6.109657877852441
25.67977153163389,87.4537212416655,66.71492911940976,578.6811778683742,1.2444704117240186,6.176295986234256
29.713186916506984,80.34137707703852,62.85869757160219,26.917946445355724,1.1853399257371169,5.939858316650123
19.801790705845036,66.78988598662207,77.12733386515728,391.8420682583913,2.6821332794159822,6.199533221596292
19.020351358399335,62.01466701220774,67.57700564082212,337.6201404485927,1.0741045486490766,6.532018764966884
18.282306751624745,40.55810403029211,64.94815164194769,468.8428446865345,1.5919550493232033,6.862249308112256
