temperature,humidity,soil_moisture,light,ec,ph,irrigate,amount_liters
24.367182020405163,58.682040923334924,63.799898659398224,638.1445683721739,1.7472801030110412,6.77085486654463,0,0.0
34.16214320896857,56.645604811570166,31.070719735922694,459.2924535341931,1.237044437905145,6.241775565579056,1,2.839392039611596
30.443897010793886,48.807695625143005,40.79838166219317,964.4985248639408,1.3158980624305399,5.793198415948279,1,1.3802427506710242
28.177194231349624,70.3633335050744,59.796838211469094,218.97845098423818,1.4516778204523044,6.604962679915139,0,0.0
20.652316887521422,63.831208025431444,48.925360671468795,587.8564159989406,1.5091333359123709,6.128017203524943,0,0.0
20.651906845715445,83.28504961620018,64.31426231809363,700.2100149902226,1.6056545230263601,6.391941225178746,0,0.0
18.98742140685939,41.60547902410291,77.67247407337157,825.5644893453816,1.638650072408736,5.660897935260908,0,0.0
32.7249944781739,72.19339637775632,26.99280126291185,406.9710304280071,2.13929086371884,6.447375984273989,1,3.4510798105632223
28.21895519963455,78.14744392557806,62.57406298388366,686.9219076574815,2.273932977065103,6.060325733417686,0,0.0
30.037233822532773,77.97432845941535,33.820649337926874,303.2014713842828,1.7721980203158898,6.001284624577742,1,2.426902599310969
18.349936403028643,84.30369835477626,44.868603644454154,435.4760923618203,3.2682410498018206,6.969873368166702,0,0.0
34.488467486753905,76.45168714147471,21.971763547708388,895.6271312033992,2.3828493083473865,6.148645964140371,1,4.204235467843741
32.15152489360717,86.39050308238481,28.15444293756194,949.9076093309543,2.968692320083517,6.517057567173602,1,3.276833559365709
21.609764881530694,56.632829991044574,39.18663734293398,718.8173469272647,3.3105945810521082,6.441591303360761,0,0.0
21.091024442520713,65.16047083757715,40.5191483172791,374.35189077618503,1.407837786439513,5.656455326327737,0,0.0
21.117876667508376,40.70398316414453,73.97511298772574,820.057789974664,2.0696862092890864,6.621891305596474,0,0.0
23.172118130312143,40.34787936516456,64.5087745559909,25.86708172542018,2.083026004286522,5.984738805150365,0,0.0
26.92085933774804,52.00633102257599,78.33097809122246,102.74591053942106,1.8861806260958853,6.698409323795103,0,0.0
25.34306531691597,45.04035985695426,55.94429062011443,661.3737363753611,1.0222646663790997,6.411461173923073,0,0.0
22.950895383366714,53.01056839678768,34.50282392547908,291.2485752700574,3.0399302694452377,5.975637234930234,1,2.324576411178138
28.40149921028045,48.85216472641987,39.659301795298575,951.3862184004778,1.278898303884757,6.034439440496606,1,1.5511047307052137
20.37139563108471,41.42600124193241,39.190155397518026,436.0606120923047,3.4887014948043973,6.5972610544995405,0,0.0
22.966459025098708,85.46520732030247,39.589659659795096,429.364820389177,2.9323962297779538,6.3250889726843225,0,0.0
24.22815133599276,40.41115656944458,60.37785038670894,678.0795101909313,2.4500250440162863,6.502526561006973,0,0.0
25.75318973168961,76.80410721685428,51.84847568542497,767.5685623061896,1.3865160443539937,5.737477481612783,0,0.0
31.34799134368123,47.60739434597583,43.12545068519866,475.5587381251365,2.2884824284831176,6.680465008342628,1,1.0311823972202012
21.394454296692114,85.61148109998,28.945386123722997,214.00090171172414,1.6527718521445223,5.980586978372552,1,3.1581920814415505
26.741985453031397,84.63979697949429,21.328349776528754,773.3086427256216,1.6308063113576736,6.42979190073651,1,4.300747533520687
28.07104767065472,72.69505731846286,33.13008065526155,320.3512748736276,3.0738231234562137,5.672019737863013,1,2.5304879017107673
18.78965701623996,73.61170749003026,26.448284238120877,175.1107692938576,1.9516110598985867,5.98213036173545,1,3.5327573642818684
28.328262482324455,40.266957098484426,67.12670185113436,631.6401899250133,2.1268095084770104,6.473300939599962,0,0.0
20.898910102683956,89.2435783056801,26.749877468833123,90.4536669903504,3.107411844450296,5.911309198435376,1,3.4875183796750315
19.105877080749753,83.89163017879072,63.45369423841017,971.3526750860549,1.2194765642971064,6.8204682951247255,0,0.0
34.13105413330666,84.7553112865046,43.13952138656496,632.3972644121369,2.486544632727624,6.49184259916513,1,1.0290717920152563
34.415744562267506,72.9622268525436,24.40270338462656,985.8955209217559,2.4455392034325945,6.805417589945193,1,3.839594492306016
31.742754917979838,57.239346432726826,68.76380296589514,338.89342347863607,2.063036423166688,6.093086053376681,0,0.0
23.1784340759473,84.68243245452405,54.7778342141968,971.2051611903979,3.0744366035602324,5.550977713937012,0,0.0
19.660425938108524,54.57584640755962,34.14569077181439,145.5622477286236,3.3572251533392317,6.364209945032654,1,2.378146384227842
29.63196145070667,68.13557716711014,73.68087045996008,40.694772347028454,2.1633396547840267,6.0087902540880584,0,0.0
25.48259239357322,44.98654861719412,22.715498832233088,32.984060454602556,2.1403676274959995,6.17228256388353,1,4.092675175165037
20.07464999236124,86.09778150663752,32.109176491865774,464.8703705992271,2.255159324176862,6.521665320884123,1,2.6836235262201336
26.418007471891592,47.038522888560664,65.12281566835166,83.00419747859478,2.807810077082654,6.550997000606308,0,0.0
18.584604858958713,51.244840286520365,62.56267581859335,512.1678841676018,2.670150726747406,5.541334622298723,0,0.0
33.458446835339295,67.90670790641074,37.35630162346868,327.50050350890047,1.5570873730172177,6.6539540092594205,1,1.8965547564796976
22.39925968720029,78.20465001064908,23.721492521166986,335.6289924741156,1.1597383714983582,6.240278372434118,1,3.941776121824952
29.26287883401769,70.96756529681494,71.48468433349663,635.6089965451698,3.3731353245419733,6.335048159986825,0,0.0
23.299088293519986,51.60669564000781,38.82185828419416,163.09800615162018,1.6526743993342607,5.946991277784779,0,0.0
26.841156360022783,40.04715212637451,31.74280489569591,766.553370339731,2.5964917117264794,6.131250679000871,1,2.738579265645613
27.294074748835754,77.85752901537197,50.96370934165863,582.0309197786347,3.0710950068593057,6.565562700968997,0,0.0
21.14252574393396,89.26036629555469,74.61363195694685,914.9446288475109,1.7506918763679657,6.6650707044163875,0,0.0
34.482938671997495,80.49565601530452,22.612794670602522,364.8406537675234,2.588583534142322,6.080659271751967,1,4.108080799409621
31.17725799713895,63.01033090783076,65.94824528185326,982.7149920671255,1.2697506028730623,6.536676298976995,0,0.0
33.971482006591216,85.18836306995533,54.34839367632254,575.8276467140232,3.424828610939152,5.887065252532657,0,0.0
33.21206495727003,60.4923836559175,45.52694699310902,973.4019561875338,1.1453956876265647,6.748033997766273,1,0.6709579510336467
28.164299639788446,66.24670421217337,64.6448266463036,27.060654047115328,2.095436684602441,6.414721358361048,0,0.0
33.67186199539299,63.85648836978416,77.94946546649794,727.976322412388,2.342048105150058,6.6627797741003425,0,0.0
19.50437253488263,62.38119363327625,33.75237266976146,816.6215242927362,2.97620444665841,6.2157322784767715,1,2.4371440995357805
21.331708661125468,78.75953846469528,28.618841904327176,53.17328667648758,1.302821292681053,5.8436639274729325,1,3.2071737143509234
18.768863911479148,66.33844536347459,74.77290471336183,578.9696640162457,2.1020199346379416,6.143846669970466,0,0.0
23.530615622975493,55.8358561012608,60.137184647438225,801.9422935894484,1.7492789238586308,6.072228091717481,0,0.0
24.607513924721193,52.907908382923914,46.27916129371796,561.0387252230728,1.7800267892333501,5.999074815160238,0,0.0
22.61293354015623,41.88736584837167,54.39557421585698,63.813590405466634,2.946969790163127,5.818260621612217,0,0.0
32.0885376555828,69.1597580941523,64.73683431057464,693.4472408983114,1.0136523625795828,6.638750712819709,0,0.0
24.064806553791016,51.49807077005171,66.38191392234303,60.59691467330863,2.8727091033399157,5.6295274919808405,0,0.0
22.775886664685473,47.406696100819154,75.19365084913787,817.4688950164385,3.0259960753077655,6.831341394828751,0,0.0
27.225833413690225,72.69149819138389,45.610567333737364,43.034183306694395,3.2534056096051724,5.76253708434663,0,0.0
20.395711824570967,74.06046289107744,37.6046546011637,137.3973810103708,2.567204508076209,6.969810477777312,0,0.0
31.637348672818675,77.6077446128833,58.379856007390515,275.10759052326847,1.833638320680603,6.9827020721306114,0,0.0
19.267360942556103,65.17884481692957,44.94367395677182,633.3647922608,2.0680868313721765,6.097580561861728,0,0.0
34.77707792220879,84.70273026019433,55.67590723693868,976.359099631306,3.4243402057185732,6.981731608948394,0,0.0
31.128161078043178,86.81713766991139,45.199147907357016,117.82285261993441,3.2029670660896308,6.80360277592109,1,0.7201278138964475
21.37816658608093,80.36854698962446,29.17974720069047,142.70766921391842,2.158814772748605,5.623645415419999,1,3.1230379198964293
18.093875991101243,71.77967410040935,48.1656050995375,368.87039670098034,3.357657517777306,6.920992845442927,0,0.0
31.86284428373218,55.18604767955944,61.455069316461966,836.2191377553202,3.0573871885161474,5.563771578856891,0,0.0
30.01657484540949,89.14724608101106,67.95702846005899,467.23095275081414,3.2527246541494867,5.772871440608661,0,0.0
30.393121856696784,53.70680835959692,49.59957660779281,321.6106002558217,2.7074430864398025,6.3768933112700115,1,0.06006350883107814
31.111595893661075,50.13284609952155,29.914273412624055,561.2038322088613,3.1441351086549876,5.62110576760002,1,3.0128589881063914
19.258759079479535,62.10770568932914,44.881262578965895,260.52319744575004,3.2294153533358143,5.742591635484054,0,0.0
24.093917385252634,42.84202853561942,67.17763573050189,401.15990724752095,1.2300414613516786,6.930237680668358,0,0.0
19.969774011927207,88.92472323358953,44.77155623702437,332.60514923204187,3.4130424416516463,6.992031827331412,0,0.0
32.67275823988509,69.42167782082124,61.79184761625334,804.1410224146459,1.8340327469101583,6.697204812670446,0,0.0
28.596068156068483,67.84760458320876,50.432820900685385,924.2557264380008,2.099748773958389,6.272814087197054,0,0.0
23.625266422495038,72.78981399498599,34.4733875065638,759.5721921569118,2.979759397982038,6.850451403537512,1,2.3289918740154296
19.080491954862403,64.85118238886034,67.76903048138445,439.0835760299835,2.662240763931244,5.667848156325353,0,0.0
23.28669946916626,41.60317585472708,25.052807244241222,504.3349774966638,3.232649781090143,6.914337803867514,1,3.7420789133638164
23.5281164744547,70.61556444201983,51.49341696530904,125.07369392943568,2.0014343769419303,6.027329391183148,0,0.0
30.403305031747088,75.80869384782153,32.5334620546043,746.8647111345377,1.9332204091903964,6.792234086849792,1,2.619980691809355
28.838477013038624,60.83745303120266,24.02393771248254,596.475679395044,1.0792221238532993,6.502560108978086,1,3.896409343127619
33.08261662379755,77.86477860355964,50.17603622499493,902.4399961374364,2.156813441674145,6.940411456083583,0,0.0
26.02765372775314,51.35006496692103,49.97372935609542,200.6111435751532,2.8101769258227716,6.797016921693727,0,0.0
20.03310218095113,51.063829553309205,62.414054100543254,759.7261219326122,1.75294679406554,6.831846720326359,0,0.0
30.125161382790914,48.0708493843787,64.6850415831143,684.6716617191897,2.1568162841846035,6.447631534180045,0,0.0
30.933345826487255,58.59973798945809,63.667489321573804,265.84553380975217,1.548494421213195,6.749737796464414,0,0.0
27.541712358681437,82.35060176945419,44.5735239750053,667.3786395408251,2.9319695146786517,6.635696726142008,0,0.0
31.106442059227536,81.39560310745321,57.90138723359375,924.3733805766495,1.1512789033528676,5.742434696355831,0,0.0
26.394525138194645,59.14121039817519,54.61671455863762,918.4359876671189,2.7634576375012454,6.472895337029865,0,0.0
26.8864580994939,69.45593679901182,45.29370536701518,719.6265745161413,1.9473500293624588,5.722263319780238,0,0.0
25.268197312095346,76.04081582374579,55.83276165115959,48.0731125340601,1.103990173467802,6.804184182828295,0,0.0
18.43212515464962,52.060338731401146,76.83487260237575,872.2643373201615,3.1336739682294645,5.598924699009952,0,0.0
19.834154258886176,48.40705429473735,31.57362462088264,657.7786070045399,2.2193046579529128,6.980570005289913,1,2.763956306867604
18.534296156674483,88.60479966061556,74.34632574713157,310.43425318273444,2.498297424040323,6.100939999206567,0,0.0
28.818976991484266,70.87786566048092,23.2073308389919,187.2503617056993,2.830076728811142,5.755944030552153,1,4.018900374151214
23.344051678297554,89.0707860916832,38.50335277409964,116.2038629973171,2.637686082502972,6.903512475491834,0,0.0
26.645701749799947,56.88779935661145,37.288714916691696,50.23689925776098,2.827142177036529,5.568138979344772,0,0.0
33.42863005674358,75.15158499870657,57.58190647285434,754.1032479507564,2.905704211444644,6.2051584517634755,0,0.0
22.237967895530872,51.13018182706189,27.87349710663742,235.84299894327532,2.4728788264115273,6.655340691886754,1,3.318975434004387
24.976509691605706,53.060008563695646,72.94085671038522,24.25293604325507,1.9140945772693918,5.975125713147552,0,0.0
30.844369355231827,65.5951060634812,69.71308450790248,397.27065184198926,1.6078553742908566,6.293252004854201,0,0.0
21.88956881335758,55.98090627540356,59.123949181116664,482.60708059233895,3.257258091631968,6.550619524470703,0,0.0
19.30865846708948,48.38107819202922,47.504829907531864,169.2302309001269,3.4248121115955508,6.927964631501981,0,0.0
22.925774699534056,53.1440350994663,75.97736252852471,44.048336162549774,1.8941568877455222,5.654053958906545,0,0.0
20.740761883318076,41.78741972329323,69.84479328323336,189.12548309806886,1.2807768226807505,5.73584005557238,0,0.0
33.80486008982374,75.22118107387433,49.95890888487469,679.1027618365744,1.5563433177910782,6.2633063427911,1,0.006163667268796758
31.73804645259509,64.60583285429308,62.112401267258676,82.2436772512064,2.676668364967974,6.127712441725071,0,0.0
28.7678638606772,44.71215332022628,54.015797130781074,555.0370305569938,1.4323334248958268,6.1161942410255,0,0.0
32.8148300331912,48.58469965642456,55.276534303295875,146.41198790816668,2.9503056826524703,5.94544225440423,0,0.0
31.66242530728495,45.126726905632204,39.85856416624827,195.68917358041938,3.3075755996867837,6.3410271977634345,1,1.5212153750627593
21.17169100106261,70.62964041379382,47.725076277493805,393.0778832666987,3.409128787697118,6.824932504248574,0,0.0
33.17350297432962,44.71051818062469,24.68728584738465,100.82533605373133,1.0233137649372268,5.741386510806795,1,3.796907122892302
27.168818112566065,77.7141166517608,41.44092149987555,173.20350278221287,3.3953854123860414,5.8229294942436365,0,0.0
31.72648263778906,41.02554596601956,61.74971092172912,348.9524114513541,2.8504860478240444,6.5062352466993785,0,0.0
33.233552098699384,52.4687893997946,77.19296183037117,329.66900549836686,1.2101255806595057,5.584296481430957,0,0.0
23.406059074521686,84.53333379459536,77.78384676578122,749.2714856757319,2.038101171946816,6.51064629934451,0,0.0
19.870882716970506,75.9265659061123,53.3433721474935,74.78230512642436,2.7501136864487727,5.971684226295006,0,0.0
21.87489776321301,43.64841664628439,56.39733510857492,860.4507356663435,3.391713731652623,6.036780897100023,0,0.0
25.260832406646358,81.05630522425898,31.14327113005805,816.2321707394549,1.4103534840284815,6.1083240607343505,1,2.8285093304912925
31.906251020682383,64.65175607701025,61.71848648561184,765.9916396919384,1.319333204817385,6.0243813422375725,0,0.0
32.632419915357836,82.33915135844146,24.239527560463173,309.3723624631325,2.1808676331546963,6.761814431919298,1,3.8640708659305236
18.118186219030243,70.03698872251967,37.081141147966676,822.8817855407875,3.420247234346223,6.919102686100464,0,0.0
26.68270414381862,74.09165160164294,60.10180083712653,182.8020802892808,3.428448038145026,6.322017212974282,0,0.0
25.095987053529242,89.67507801978542,38.61860789260936,124.40920585502823,1.5697868526322734,6.372817748252409,0,0.0
21.775832778002414,51.61677729620091,22.99081244686726,44.956333489487356,1.7983678699286434,5.605724662020153,1,4.051378132969911
20.037711244672607,71.19727873806941,69.91222456105783,939.3103630055759,3.2700799641116363,6.569787892541501,0,0.0
23.739457913861674,63.01606950286992,38.61980042807379,308.0108977052737,2.8371037271301605,6.376148309446126,0,0.0
34.029464966512826,41.972597646134574,23.786313491520705,917.6178801779059,3.4307910716440455,5.5755917857114,1,3.932052976271894
23.49444984435284,40.723532075143254,24.48728987017191,272.6135615193297,3.232870907538886,5.797638500607555,1,3.826906519474213
26.819440569637223,45.96142889089293,35.10552792732522,907.5659593363496,1.5377401257843584,5.802915130588844,0,0.0
29.951322301218024,72.45458702692741,30.680956833291575,903.9290528460882,2.8993171485317086,5.756451927915039,1,2.8978564750062636
24.181703240447998,68.35815439566962,66.45800706680905,923.6760450107129,1.1214130789002916,6.487968931934166,0,0.0
34.52029540625633,67.67147805818638,39.30104280002207,496.1534392841938,3.0445819468536848,6.8926594230336535,1,1.6048435799966898
34.361604014015896,41.59283812641301,68.28174710238994,865.946286798892,2.5038919061115203,6.644462988037539,0,0.0
22.28029902903119,63.465149818000356,30.430759869389167,950.7658961673202,3.3902524065911543,6.21606022782087,1,2.935386019591625
26.45322460017055,86.23114089212643,49.57275077264502,324.6169418971795,3.400081138672696,6.106076946976723,0,0.0
23.114931266885083,59.87959346553233,61.282228013187726,418.87440568255505,1.1270377725608882,6.079687157963834,0,0.0
22.842288404416948,71.24612348942281,59.119451231951295,719.240187335744,1.4013037138894195,6.401870436543738,0,0.0
18.627078105027056,78.99093378115717,56.06776459581612,300.3598217233009,2.2105176182967288,6.038830988416804,0,0.0
28.362593677658246,79.19626395709437,75.48929611587019,753.8093089126589,3.198733812365373,5.839182956783076,0,0.0
26.545543394890643,65.96400411976357,33.71150886240466,73.89214521353394,3.036112855740141,6.404264359863374,1,2.4432736706393006
18.87513877124982,82.89759727011682,49.623152267726326,523.4983842885422,3.4109250658794465,6.0860581201413595,0,0.0
22.736989892022393,59.56890466818734,73.03955300434453,122.31348408374521,2.5452102927783518,5.521187243715751,0,0.0
33.44052006143311,84.43466073923992,24.673625935709424,293.32347643667646,1.6414087989040516,5.533346670350162,1,3.798956109643586
22.07255214133853,52.011358319777266,23.353296095184515,258.625392486472,1.0627665987629433,5.911204916731627,1,3.997005585722323
20.46321282555079,54.01082034952855,33.99813725349748,838.9320735626661,1.5573162268013723,6.268633299260296,1,2.4002794119753776
26.320696924718572,42.65603120995006,57.98127317228111,193.51725540619748,2.6881829948840616,6.031359261501983,0,0.0
34.75605771988021,79.77909182711414,35.59277758698841,808.4479201591189,3.3156870583575326,5.536082728581328,1,2.161083361951738
22.114939615695505,60.852761811635276,31.41439302852794,793.9603459079219,1.8022591682706621,5.834727645629861,1,2.787841045720809
29.426304305899933,51.45583069556995,47.52813892149753,498.8830555572299,3.1892608257232387,5.644628963011924,1,0.3707791617753706
30.947533460588197,51.58951388082898,56.81588412616469,233.8432555961296,1.9872456208528912,6.922948002042125,0,0.0
22.039838247870794,85.06999706146166,34.913462421004425,226.8963399562227,1.7706781234213758,5.96925111344279,1,2.262980636849336
30.379677926401612,81.69583002305185,38.04147120342452,464.9246471158478,2.272110607014545,5.522149557393244,1,1.7937793194863219
24.252313256227303,67.67654426785916,56.813558288690835,8.80900739351631,2.105683731024038,6.490844877978495,0,0.0
28.74919912009085,70.80554002078605,76.74430531936716,531.3507546113661,3.2844996712925454,5.848671910761726,0,0.0
28.77000508293521,63.71627852751455,60.4845036462853,952.7795257670554,2.1706423685203164,6.350104382546506,0,0.0
27.108169629270893,59.583327143940444,66.9742486150736,154.7068818625965,1.6933384680576888,5.726118181914232,0,0.0
19.53492609092494,85.77384406091657,42.00860568532813,573.3456214756034,3.106413943754759,6.976019852683697,0,0.0
32.20014242501705,46.2806351760151,36.33526156306796,961.7786886444568,3.496873779148917,6.955388779848,1,2.049710765539806
23.45326110451951,60.9223394858114,47.25606459215735,860.5221394916001,2.62042854795331,6.483975027535459,0,0.0
21.170814676797523,57.228095399393766,68.42796972270042,850.3801163813403,1.6261534223408964,6.560803932733091,0,0.0
18.693177406430987,64.90753601255742,47.37797850743335,821.849930396189,1.5970376925329481,6.138818336937477,0,0.0
28.04518003420011,62.88159372725875,70.80352452739166,309.0236060561856,1.1442667405381495,6.943269018127253,0,0.0
29.5185941513188,65.94447658255407,79.32631884170763,890.6168312668123,1.1932325962852122,6.135609430556801,0,0.0
18.281993091773554,46.9959488613497,24.321599943820182,941.3403512331711,3.287457737956906,5.85920199611209,1,3.8517600084269725
26.705581991087776,65.65707507566385,22.72460936502222,495.7924232990394,1.2412177676238763,5.673067914405856,1,4.091308595246667
21.850428178364943,52.12094069436054,28.97538217480171,354.57104725945874,2.210859620691947,5.8121879504715785,1,3.1536926737797435
28.967937436960646,49.21656744940957,43.06218054406077,414.22901560585615,2.7453044492329455,6.358320255893084,1,1.040672918390884
20.964229293084855,43.24171093930956,27.862532548725945,334.2064418312656,3.125886956934008,5.867637576908948,1,3.3206201176911083
29.74594154774192,78.13262793780704,72.23986865712536,212.41844202454007,1.4281773756343181,6.481374142671317,0,0.0
24.574500887109135,61.372096042828,21.38877506162383,618.4484702528894,2.094446697813392,6.0732767798275695,1,4.291683740756426
33.92440980852449,71.33218416558792,38.94756298014935,562.5968862453229,1.6287004875344437,6.8303093581258665,1,1.6578655529775974
20.337856050481886,76.37966716523717,31.08167776965232,462.5850710392756,1.639557724916504,6.337717101198366,1,2.837748334552152
23.798127967854395,73.96583326567767,75.89235980945193,95.84538668483178,1.7595982687166898,6.433906079651914,0,0.0
19.929049861090014,63.52503595448411,60.16886029340168,796.8929647059998,2.4677905360461683,6.334839704489015,0,0.0
33.71979151073557,59.39492644758649,74.72181538708247,174.9335627507892,1.0414436792139705,6.828353161286536,0,0.0
32.91476900747668,58.79799548203319,78.3397226186236,114.56204339604814,2.0219157157888197,5.595129351893787,0,0.0
22.385007671157645,72.00243984650282,49.82589462064215,623.0713954829474,1.4670753380819814,5.601023060636118,0,0.0
29.219728782581043,64.73971774709366,34.05914648288157,398.64436123772316,3.417796271281587,6.552610367387123,1,2.3911280275677638
31.89277740342067,82.45661239942552,31.62372717179536,59.808475352329474,2.456822898125776,6.6519458530722675,1,2.756440924230696
27.43841379719086,83.73509921633561,33.37513170115043,355.5683549610582,3.1702386720758065,6.150384127422952,1,2.4937302448274354
27.00405983205211,48.528018900325925,62.51559845732017,771.7803522849628,1.48922496692403,6.028457812081395,0,0.0
22.111488945307677,46.811682577286284,22.426743687380043,615.2492052170976,3.0250392483094695,5.916917599308119,1,4.135988446892993
19.582747052700288,71.52004630179998,23.08166438196289,362.7860229869968,2.036956153263083,5.851592328750321,1,4.037750342705566
33.252667885206556,55.06128740311397,56.488576542989,191.80479163458807,1.444236722123506,6.867937884517907,0,0.0
33.30710697177662,40.928535938254946,58.52342880424439,631.7956208047733,2.903113005970582,5.942709319541759,0,0.0
28.762724773645555,84.43213346814775,59.9157754593476,887.5553009463553,2.905027744038202,6.472118193716795,0,0.0
23.76350644782791,51.345038362190415,42.31283027531548,646.2727180159138,3.4897197671601528,6.6806421705754335,0,0.0
23.936562768415236,86.46403258429046,68.3566933228492,812.9038546502242,2.95234315449541,5.5329498676713715,0,0.0
30.341246540794067,75.87172254391268,52.017475263597056,521.527838554371,1.3631681198178196,5.55081122482478,0,0.0
33.250874419193806,78.13267449557421,26.327937800565167,717.9711067410288,1.8063618544643205,5.9997061069560536,1,3.550809329915225
33.080469212507,50.07307478965802,67.82595842404072,896.2267737783524,2.129317293227865,6.544023616470555,0,0.0
31.257884279579606,51.70972128084065,77.1840671762275,773.1789782586551,1.3166320142744876,5.891197952893524,0,0.0
28.914537984622893,66.06338769120329,23.60217878014152,909.8539533981457,2.970097436119535,5.502224935648376,1,3.9596731829787717
19.43037940491583,48.60499263249311,43.4810803220348,431.13960211605985,2.3167463447814662,5.932221849915876,0,0.0
20.747688139608435,55.271584634151615,49.25096269008486,904.2202551270566,3.3611239227393837,5.635196224965269,0,0.0
33.275421204960345,56.073123897390225,28.788245604699014,621.5672344817076,2.4732703613145506,5.8291199586884845,1,3.181763159295148
28.30929401421303,47.98149666263821,72.06253686697264,870.0487660816937,2.307247709345635,5.999785001048947,0,0.0
18.156349877482704,50.25914166975804,37.048978693402645,39.3765304378354,1.1785628823321608,5.692086032603128,0,0.0
19.725016228722545,79.42759210041282,66.98051239628961,657.8523819135361,1.3733647623614444,6.55954709117149,0,0.0
29.27953007483695,48.35979272736342,60.25966892169896,847.9750788778987,3.123815191910378,5.883880348009282,0,0.0
18.086046925385716,41.42286959219612,55.882749348021406,174.20203364319974,3.4766899445645207,6.491642198957443,0,0.0
20.733736874097477,71.46774713144691,31.528570921793264,661.7869334649231,2.037947839745674,6.398549279231754,1,2.7707143617310104
27.328474419231966,88.79915596962249,33.24221123305434,824.9547142166315,3.025215209312323,6.847068231540604,1,2.5136683150418486
29.762218360775783,56.56069073115607,22.84090428479416,287.94936963263706,2.5689644158266294,5.631899758517004,1,4.0738643572808755
29.08334141154421,45.93278515981262,34.44274578693598,405.246327906392,3.397648184179284,5.821912167045497,1,2.333588131959603
21.81257826082952,68.51936626837654,40.72661656763084,569.5177184992194,1.595343088610233,6.7977676435659635,0,0.0
30.107046762908112,85.31771055478231,69.98871823174552,519.1676888845622,2.3620893575198574,6.73319718457854,0,0.0
22.0332344874456,79.20308899142394,41.98356000288832,39.189393037135645,2.021989545856489,5.788158335773076,0,0.0
23.53179486870755,71.1257934206358,65.27730696593639,98.67209808541344,2.354289939857538,5.661604017919187,0,0.0
30.69035388700641,55.75282483037997,46.36653687772925,100.46657930436132,1.672145208547138,6.7843621969302905,1,0.5450194683406121
29.04375928380265,67.094008663811,67.0920987196333,262.267905499175,2.24436540678936,5.767207085237057,0,0.0
32.436797978401025,44.56224206521277,78.5762960262224,245.86411280244926,2.5620103668119127,6.806664559106193,0,0.0
29.179419169105838,73.94727121403349,34.390493483454804,742.2223837867996,1.2030397099987302,6.941672049066611,1,2.341425977481779
27.661246256703016,76.25480094488253,71.74049671783257,572.7443860161445,2.857468137019058,5.831209957863505,0,0.0
19.59247105307757,88.25158114549595,57.30944517834648,763.9760846452411,2.766307407901043,6.760581399881433,0,0.0
24.25116865201037,53.01986793725358,69.03765569531929,69.89605741087013,3.201144003628713,6.135746634973395,0,0.0
22.50844025058933,40.922820952151135,59.09515413606832,485.21423747160065,2.0646413795248137,6.683167637130244,0,0.0
22.14782393744442,67.28042322135752,45.43697043644901,323.77557926526947,1.1541728315367943,6.111093311468265,0,0.0
34.54117943079157,75.33952521984072,33.68449636650742,849.9393107557463,2.1536528225542173,5.605593398100575,1,2.447325545023887
24.682661319334926,79.5203737941494,24.2021135198699,707.7891569099033,1.3440229301549036,6.569042908920497,1,3.8696829720195147
33.16479143801092,49.68694665124053,52.13110186764302,869.2584708267963,2.6186170338045445,5.7260329598553685,0,0.0
28.72935664195347,53.08764345185118,79.41956567161193,46.427122406060064,1.1178288103282645,6.890537633975049,0,0.0
31.511792160208024,65.62954626336482,64.28250830085238,720.8234895666005,1.9349910155692378,6.126619424531052,0,0.0
26.544830582788265,56.53004049850009,39.640732483940994,540.008352159578,1.2071072462187384,5.62300022186437,0,0.0
27.807366038648105,83.02557432937226,69.63228800520412,825.0000290155658,1.0084160851790083,5.842720022160991,0,0.0
26.372800794920686,63.68800768693602,66.1390400105844,507.160590925821,3.4013930597539797,6.793776426201542,0,0.0
21.319130792566757,79.97893220510015,36.898147601207405,540.2090779019089,3.4903183700657006,5.9816282044362294,0,0.0
30.28168595944559,69.03098802411769,20.85844938765408,51.767380942065124,2.3887573788295327,6.784491992469534,1,4.3712325918518875
22.77313016149455,78.65450708085561,27.089758312036977,668.5228650359667,1.5973896248637098,5.758430107588223,1,3.436536253194453
18.413371429334717,56.63364932651619,72.63837141872345,273.13987560505007,3.2777475920216435,6.202327185365942,0,0.0
28.973029030421852,81.57083109651556,70.1937821182923,19.69392217882049,3.3075914926902668,6.817389237679924,0,0.0
21.01088154991983,53.72861577755108,37.71254005270175,66.43716250603005,3.136272227926765,5.572607248484885,0,0.0
33.98779593399954,67.30494040016454,37.11172557706523,957.2856089660256,2.360924961418455,5.956415774169431,1,1.9332411634402156
34.216785809043984,50.70035565869371,67.57189922614828,346.07728957984693,1.1867554022400686,6.864777384158179,0,0.0
33.55269463374762,63.77632608130967,76.26424819372532,868.0756286211589,1.2210973188419945,6.394789491562065,0,0.0
24.292697904342553,55.90876047543516,66.74823540785599,959.6772340692559,3.241549469281638,6.574348196533202,0,0.0
18.262762480990745,53.33517153186071,56.33472062184569,943.2671888373227,3.1895671186430734,6.763192657888611,0,0.0
33.78141556399133,88.34925090140187,34.560281019908274,881.7252406994202,2.0859931229530444,6.285394639403675,1,2.3159578470137587
25.279130521394343,48.00370527433653,51.54487484571564,894.8439124613009,1.8203865486910633,6.7680488515324,0,0.0
34.43313192374238,79.36629187286977,34.01071151559588,289.0080443409515,2.6103098003602554,6.458146856002612,1,2.398393272660618
34.381539610517294,89.20824797416074,68.48068520580642,151.46989026035828,3.0174698706388123,6.528475675845254,0,0.0
32.50116074294512,40.995074187003894,43.217664771064236,639.2625620879237,2.8292123551295525,5.729281682752209,1,1.0173502843403646
23.005631165182955,74.95137070210475,70.02183301964158,488.10559186882386,2.539007345126766,6.908528243852055,0,0.0
24.546661386232728,52.64559027781436,42.89655307896352,98.74671869517104,1.5787776111120784,6.694126525652374,0,0.0
32.46932341578657,42.024391216415225,69.44896431199348,677.5413160224109,1.656262173051788,5.881293994220724,0,0.0
23.38767408765672,60.144478947831544,39.99906890991451,562.8600074847734,2.8101687034942544,6.369991999574579,0,0.0
20.881376693663572,86.76089050854375,46.40796227706019,863.067400810439,3.0065496311275774,6.0646988572917415,0,0.0
27.465621461791955,40.58825471834989,56.92930516055945,609.1837956883986,1.2903379702489748,6.490602998214867,0,0.0
33.91463116073328,69.39428459648909,24.21725684179512,573.9461797217537,1.4682426192782652,6.990620264803705,1,3.8674114737307317
29.83250654347454,65.06982392976622,76.89242370892786,440.75172333262793,2.7011756554434285,5.568619595715468,0,0.0
27.691039891519203,83.66920821855237,54.41634716742819,462.7870698888703,1.972466468678503,6.9287854569454375,0,0.0
19.652000394103066,44.20008572603128,50.46920088144814,954.381226979116,2.4082321681775767,5.6085869982154755,0,0.0
28.455122853885886,74.07630149433251,70.36363826719472,138.44600940023932,2.5370373816390903,6.191146953761167,0,0.0
34.830915451772476,74.00548492166386,71.94576379380965,446.21881858218717,2.94050866816833,6.223163800890154,0,0.0
20.381428259020907,73.45400084311416,51.33562427174096,655.8272339268428,3.0142923767922687,5.903086681899713,0,0.0
26.811604090183522,87.11672474675186,75.63573954761824,433.0106455903996,1.7002406131536412,6.35004892908953,0,0.0
32.915342222775244,81.15437645034402,23.884265964588838,283.21562704075774,2.3532418223054283,6.750946219507941,1,3.917360105311674
30.593066501821475,42.0986363121753,26.793547535073053,287.3573707628548,1.3088098465547007,5.940943271816909,1,3.480967869739042
29.849267596919553,63.55414253522566,55.80729380086641,233.65604625771573,3.1050379217438717,5.605607406478207,0,0.0
29.94222942778086,59.897652810066674,41.243951707615025,343.90320058308964,3.1136198458329893,6.448425550961893,1,1.3134072438577462
24.11134957073584,55.507361054540105,47.853509971351926,871.674775583567,1.748764297498641,6.627617693722378,0,0.0
22.991061352496388,62.566836257704864,39.684753073829995,505.2245503229952,1.4015505185551063,6.931784514694105,0,0.0
31.75913964313473,59.20970924629887,44.28351868669614,240.23872807781842,1.1752294455006664,5.739286970265074,1,0.8574721969955789
31.771927709546073,61.616694993933265,69.35878082877797,384.5267170265324,2.437441104778965,6.852039798707208,0,0.0
32.74022941586176,88.96309328043213,55.60857199125828,105.83041207856803,1.2285702509996996,6.223185215783669,0,0.0
33.525089393460014,44.43164873747904,79.8406729570099,904.035739738738,2.7014871115515,5.853637355536062,0,0.0
26.69282078063594,86.11154349193649,67.21275186925777,408.197832091432,2.6953160025853657,6.944122705294404,0,0.0
26.525777009682393,64.01183567355133,36.4199752461096,980.3912045930757,2.5349685178290615,5.857643905804484,0,0.0
31.571018042435178,71.18711227497705,35.86070706360177,347.53877326251927,3.191401254657736,6.600166278603898,1,2.1208939404597342
29.049386823222008,81.5091483308847,40.15389620702042,836.356047227121,1.9457017318228296,6.677330167606194,1,1.4769155689469364
29.93343691338096,58.023151457462774,70.59556883886457,256.3853132914532,3.255673956561444,6.145778578635868,0,0.0
31.528475380413717,61.521095404398345,21.637259039033935,76.15289337760223,1.092313422115327,6.534977267090418,1,4.2544111441449095
33.13009081089863,60.475924013935696,33.81087673227546,31.733361673800697,1.2818924698035188,6.358715612543877,1,2.428368490158681
23.74591766647611,58.736551126787994,74.29510522065601,606.1684266447835,2.0305139062961084,5.788049128649677,0,0.0
24.384910194879048,86.27646608234474,58.39378616499512,311.5736716735894,2.484982546721434,6.639831823170308,0,0.0
19.597692977294773,81.4464945596506,33.61082573006338,443.51988047582836,1.080939091598414,6.892024217254652,1,2.4583761404904925
27.830762396934958,45.44999949314881,33.14869809395482,818.6470356007953,2.41858617856066,6.23295708207871,1,2.527695285906777
18.611018654544615,45.4061676238548,71.75708610556583,248.10808569480213,1.7684957912075785,6.991465381100137,0,0.0
25.915166308251823,61.39347574264956,73.62545049662279,308.65247673491325,3.217867019529573,6.141947970302291,0,0.0
27.2249587900288,44.93286883664045,35.36786545772692,845.3361850586673,2.333211479171827,6.219604863507141,0,0.0
22.871201286180835,70.95465476355598,45.230621484591936,492.7622733435041,2.4697347705435844,6.510846270960452,0,0.0
28.044165429673182,47.184580363086695,70.07574431769902,827.6651670524876,3.364054527787208,5.7786552163365155,0,0.0
18.51850424896384,66.11866319834004,66.26044631659312,374.4760034663164,2.910427566636484,6.8529190149208095,0,0.0
18.634919208736644,40.36099735018589,68.83496639396506,398.3699808271085,2.095683165366914,6.7019091957092005,0,0.0
31.98420953121419,55.82981742063234,51.10389144727813,167.13836177825624,2.1921990373900484,6.808625929587669,0,0.0
24.12324090399147,73.85953618363277,74.69294289831039,916.3458535949663,2.6198096713984973,6.414337869256131,0,0.0
20.160028715082042,64.20194701139242,39.557092637266116,896.7836940126095,1.5004980416262828,6.825621941769239,0,0.0
26.878135420931674,88.9134742999494,29.40032806085108,984.2170145647735,1.2216271012353066,6.519958730917082,1,3.089950790872338
31.089890402676385,83.70518980331053,62.52393995389189,402.44712716971156,1.778091289864046,6.26734134967864,0,0.0
21.668957467446333,57.95353895215756,52.361264960413784,818.6149417586421,2.945956994840576,6.897686205977074,0,0.0
28.589138088923004,42.27432707361373,71.27514612856886,414.9537316721186,1.6433094969248776,6.159579653232252,0,0.0
19.450906904894055,82.28131500575094,24.869554947482897,454.29878892097275,1.3268980008397993,6.250854783237811,1,3.7695667578775653
18.87858925986633,85.56171551573357,70.62154420628401,829.9993935948246,1.5475564961556505,5.754315596240125,0,0.0
27.033028736658515,81.03136967095185,37.59767919252933,177.36677088639973,2.697432280014266,6.92148851478844,0,0.0
27.19079706737181,46.397497045988246,59.29134003009098,220.3109344617523,2.534870141733797,5.831579212693459,0,0.0
28.83630832546951,89.89575672061439,22.407727344695346,314.728240395815,2.7207874932410903,5.8021238862875,1,4.138840898295698
30.343552673285245,52.92921107763869,56.57487777821604,788.1790325000575,1.804895306700955,5.651791906346756,0,0.0
34.589485350863086,76.2102456404185,63.036301351240155,372.6515493680828,3.252140317333179,6.180039176727953,0,0.0
26.77710592112032,85.40174381678608,42.125012870337216,358.1682082807616,2.129425893320364,5.910421824817124,0,0.0
23.490260040001182,51.78435571653547,32.92464231572841,998.8163452552418,2.284282579817359,6.611171500797164,1,2.561303652640738
31.51816531106796,85.41292773385331,52.2578405962127,383.80614309947947,3.372019940005318,5.96128243030608,0,0.0
22.604148271455262,55.47407895974335,69.99144826613879,247.77053631558698,3.448193169862439,6.5811553925865915,0,0.0
25.462514151995812,88.82066111920281,39.41284149779905,623.2136782009433,2.6538568147913795,5.793941624164434,0,0.0
19.33375848281852,54.06300101902373,35.14815785127677,801.8799519550008,3.362032981439478,5.844948765100125,0,0.0
18.430962638062777,87.67179123789177,36.736118518261264,69.60783372315926,2.3537684658511084,6.709261240662258,0,0.0
34.36502304952472,42.677232544633746,76.94792917499987,618.892231138475,1.7682073639169293,6.056640327887146,0,0.0
32.211662048707495,75.46360058349066,41.55661494587358,35.735455880224755,1.7877321399163533,5.667660963407039,1,1.2665077581189634
29.831561503592866,66.60555669185018,20.21625439329723,526.332350979518,2.3973514747058635,6.942105707632612,1,4.467561841005415
24.95220005504259,63.89385385613653,66.90087247757718,256.99156375780916,2.512590301637996,5.766088234665417,0,0.0
20.94600344120438,51.174715712792,61.95648772012341,306.6416976731857,2.0990426747993722,5.7252956779929365,0,0.0
20.65942972540846,75.2797894888246,27.714095876178135,467.0959639823826,3.2094287087796096,6.03757309502743,1,3.3428856185732796
22.25412926879812,49.540474572315354,79.09425494809474,927.107460745587,2.0667402967838764,5.643450653846985,0,0.0
27.336853300004048,67.64208979923842,56.48373711830667,710.6673065878765,1.6835591174941698,5.733424563926754,0,0.0
30.14813068590106,52.662268152012544,50.04676945643609,936.8455962844964,1.0199546958588495,6.769666896302424,0,0.0
29.22335540420143,87.7810689890678,42.933156057373466,659.9710045586776,3.4264231953940922,5.757260283564503,1,1.06002659139398
22.75887624808103,41.43155969178264,73.92036533381827,7.107747087859662,3.060783207857361,5.667140220493808,0,0.0
34.2327097712743,49.98641400556183,34.6378088851138,265.5851973476776,2.5388989617133224,6.819936305321893,1,2.30432866723293
30.544247583828067,52.11553031937238,37.146134013194114,905.7725777203739,3.0763556347586536,6.165694762168652,1,1.9280798980208829
27.424018892693812,60.70339128839082,27.344648401194014,643.4455209677448,3.0257230756273596,5.735744412118641,1,3.3983027398208976
28.39925268598399,51.636512093502674,65.54714573505561,981.6472365702749,3.329626950564563,6.372276145756779,0,0.0
25.13320106127243,64.56745451343926,55.7329568243512,155.96401921829562,1.9651692084009373,5.562258759813878,0,0.0
22.211426821519677,83.62327616292694,56.543970155269896,296.7478331065194,2.387130605214852,6.141073831944332,0,0.0
24.051535537071448,75.60317107045853,33.10822586116782,362.3676595170363,1.2465700593006148,6.385470739563015,1,2.5337661208248274
30.883383877894275,68.99809902675555,59.07010334762503,326.55781816731053,3.413288564297433,6.935680045391963,0,0.0
18.24468930670585,44.45015889913398,65.92750683481184,251.99153014988062,3.4628176732062497,5.98969714567711,0,0.0
19.973234888617576,74.69960541946378,41.47331184354135,443.46571575677785,2.972710619828004,6.6475766448046665,0,0.0
18.7820449143698,48.32071421554699,68.08082863770274,642.2981233693712,2.135302457870842,5.699049720857694,0,0.0
18.692389639422494,79.31836929808489,40.92743531192126,311.25692288669603,2.2414168772858942,6.150373525051,0,0.0
32.542829928187125,52.50283792550766,65.48830769055726,79.69992331425568,2.0884173324696427,5.834702094820703,0,0.0
29.962183609460403,60.852436416045045,22.023806447463137,708.5325268931633,1.733276591305576,6.238701753814562,1,4.19642903288053
26.060955094484527,57.5235101158964,53.06987608841916,459.01655578126866,2.3194785138719167,6.125847788298818,0,0.0
19.663180731067026,82.94069573374284,78.1715936383932,556.4823060900632,1.1336126737514172,6.96967757493987,0,0.0
26.35746987698615,46.327222935670406,78.87467604094344,455.40065716391507,3.4797176548429207,6.876246996880967,0,0.0
26.04902010326962,68.28224411923944,36.90515470050444,890.3575034549102,2.060125337910352,6.373308849499056,0,0.0
20.944431788470258,47.10308047215311,46.48394546482133,558.74499716638,3.3184164600927657,5.76476466687268,0,0.0
25.375478037045543,75.23979180660933,23.77867447919798,923.2768398517497,2.810678651650009,6.335435487132829,1,3.9331988281203025
24.774580484755347,85.25390638972405,72.40047845627598,510.57534155600024,1.724857292159835,6.6881234174856585,0,0.0
28.46945166688768,61.73038269336267,54.114329188412846,292.58816224028186,1.555131545436506,5.5570406679659605,0,0.0
28.796592064749944,64.40461301324879,43.10604073643103,355.4425871761966,3.4891885844058907,6.151044022982235,1,1.034093889535346
18.77016816612476,86.3711418241381,26.766233509349185,522.1292935847855,2.930315887635089,5.563970372244182,1,3.485064973597622
24.36841444865001,66.04956943246785,76.80603712981335,529.9894378050086,1.6241536853733523,5.865936906321886,0,0.0
28.63961856714202,64.37992190247805,51.81314286925962,687.3377015489488,1.1686126204431515,5.638171989401393,0,0.0
26.553316395861494,68.91645513521522,36.97567574497423,224.49487218663077,2.7422913632534467,6.9408674233376235,0,0.0
32.56032730020148,74.46148681814759,41.01290780789057,658.8428999655017,1.757541142027691,5.753242979170532,1,1.3480638288164144
29.197791737522067,45.34416875435157,36.24183085532886,778.5880083807523,1.5533270315692933,5.725155823504378,1,2.0637253717006714
20.769885260384306,81.0555263870758,56.10858853141884,676.5919894669901,2.8373435378733403,6.958082449706438,0,0.0
19.19966870580731,61.775251372662964,75.7978145468306,481.8281098175908,2.698153306635869,6.27395093545461,0,0.0
28.921127729507365,43.617425494874276,71.40162819959386,991.680651116834,2.2035316869004777,6.636977547106821,0,0.0
18.45069227920757,79.30913345991065,47.62285252555865,404.8131591292162,3.356639831925933,5.990971976754302,0,0.0
27.958184881648876,58.847498584313605,69.58996173806048,106.59061457982921,2.6990959151437277,6.299291058902283,0,0.0
33.98391410422428,45.0183747547527,45.386328876579796,821.5042154073429,3.233548901549773,5.510280568116585,1,0.6920506685130305
27.783061023889942,71.68895197716253,35.13842844551828,212.2012188804182,1.4763823558742977,6.113227707066124,0,0.0
24.598888745510873,84.00656767168209,79.00490691598567,713.2855729024421,1.7416147752022217,6.332634679665931,0,0.0
28.935899713520005,84.38767547069932,38.23325407824931,178.97628271512588,1.2613003342343205,6.271615245248686,1,1.7650118882626036
25.790299138355785,87.88317374044865,39.423453859214504,16.87739085793938,1.7614499946800883,6.1087295308251335,0,0.0
27.27548541837089,83.3852729883344,79.38157206719134,159.79860378902566,3.429445823015951,6.68186149561667,0,0.0
34.004901749200926,40.10704596727376,28.035649589939293,376.9886965758219,3.4071406152307517,6.252461239980562,1,3.294652561509106
24.56374484261316,59.01205832066951,65.63203928058171,106.61824712979828,2.9009658863774774,6.4541807854689095,0,0.0
34.34023958500654,80.92712899527515,76.14876550896359,197.67908423568204,2.302620656957393,5.77693169745104,0,0.0
33.39096091325308,58.31265029992371,50.70769965652512,764.6262776843929,2.9519494969806126,6.792250144616686,0,0.0
21.32844929141804,70.0774253189853,20.151305702169203,769.8836079771307,2.3837173780342997,6.044254272834447,1,4.477304144674619
19.179142114877813,70.3158473687266,42.50353664678637,817.4882271909767,1.0087712616786084,6.223155449989694,0,0.0
19.713226023416254,58.25126520194115,26.694139543089626,841.1552365475925,2.253867684859039,6.02829216973697,1,3.495879068536556
18.309771036076345,85.22369636406438,44.97125965602174,420.4358946137554,2.4973086150276314,6.837860764010731,0,0.0
19.605530332850783,65.16141726930587,67.40160569853708,867.5496606935285,1.6643708937575106,6.851110220443349,0,0.0
29.611115148078067,63.239210296875044,46.32269293302803,525.936875014043,1.508233910604154,5.836426516915364,1,0.5515960600457955
19.21020702382389,89.87568728309479,45.91550728075535,470.59711693600815,1.6845227370141282,6.629071833643501,0,0.0
23.422585714993943,64.67501820363083,53.4073686151308,718.5363289957758,2.559069373794664,5.654325318562299,0,0.0
32.36288028648073,48.91991259642905,54.901435084860815,213.8184113599072,1.3651602873388813,5.544775529961697,0,0.0
18.39562290750904,65.6534711431719,71.37777852793829,789.497376827472,2.8008207533237486,6.754876170250318,0,0.0
31.845964204011906,80.70083677599649,38.501326353737085,429.46582656620325,2.0566870524040235,5.696767218279917,1,1.7248010469394373
22.7915311711478,78.84301634491408,69.30027586208095,127.29541400376043,1.8833696480133137,5.7321740767914875,0,0.0
20.008802069568155,79.42908825542355,53.95602492152284,119.31191351696756,3.0180782292008823,6.409882388941005,0,0.0
29.844531811190564,75.40118919989558,38.031772983028816,164.90674384670012,2.2651581235913163,6.72515277481596,1,1.7952340525456776
28.692028395258028,52.71089145333441,37.70756264036463,890.5727342437824,1.9460014029773203,5.7844013800615635,1,1.8438656039453056
32.9170242299599,83.10420429201157,41.66825102634347,990.9378222590475,3.1953867889015113,5.67128835206845,1,1.2497623460484795
30.49620774466606,84.67217326881325,57.36159455719853,356.9737992012835,1.9206290804986894,5.615983518251279,0,0.0
31.659175816542426,49.707634830927454,33.84870388159695,292.1438522052976,3.147500707358426,5.53726961737818,1,2.4226944177604577
22.79458773371221,46.522781827569695,75.22001370033604,218.7709725943373,2.2604967461563956,5.674718724787108,0,0.0
21.016472244255286,88.78024842945561,54.49475505067402,823.8164771672455,1.520017743637518,6.914037864353,0,0.0
30.76045077789459,83.4161981825184,75.2009466197604,209.2074824188761,2.5320454702777093,5.642923768876693,0,0.0
31.71619056754349,84.66180736049733,22.784261514749282,924.0901299302698,1.7133088156749032,6.396338461112681,1,4.082360772787608
34.83858741401144,84.31881923121975,40.5566822276884,667.3503789712827,1.3678878304404878,6.881449583374044,1,1.4164976658467403
25.01450050749425,67.08434120168641,21.368459641257385,897.1277916691946,1.2163234284944489,6.441730211164258,1,4.294731053811392
24.324307458477314,72.32008683328999,36.33510890587819,554.0098543941463,1.604243339493605,5.549118631785022,0,0.0
31.199020332613948,67.26814260668209,71.72038833611529,690.6798621824968,2.841386605005478,6.3946207108239435,0,0.0
23.793660184301302,42.560317459516455,22.19658295053205,619.4581006577076,3.0949980559393566,6.854597960260865,1,4.170512557420192
33.8228745352606,77.27515426763864,46.16882599494469,831.1954563237969,3.154302114954804,5.98383855262019,1,0.5746761007582964
32.5930167813312,65.26660166679402,27.054024228393665,835.8608111858811,1.675370684274859,5.9704418943562665,1,3.4418963657409503
25.292898465375313,72.38545373951149,45.010439555622064,589.7929998451251,2.6524323323633547,5.873295383051211,0,0.0
30.764808152455455,65.13199024877676,70.33109505586265,632.5076493297723,1.5758851497873239,6.25831688041942,0,0.0
30.8272288594396,64.5905661161228,57.38426200415115,921.87592049783,2.556905284920601,5.856914269164019,0,0.0
19.753105770210855,48.58945547388834,64.2053807198854,929.8664839649693,3.218027482604242,6.585683157098544,0,0.0
33.34339941355263,53.93568575705745,40.94624692697486,664.2497838951816,1.1022342065052033,6.467292621129419,1,1.3580629609537713
26.589290331613572,47.94263459719779,76.66386170060849,7.754278173163542,3.4630641693135154,6.101160423054386,0,0.0
32.04977692383161,49.78331478126712,62.555725626770005,104.411214753941,3.0677196936461124,6.583832586691407,0,0.0
23.4408432175204,88.64886902101524,45.307929157071854,857.9425317744161,2.904155290734246,5.647744459659573,0,0.0
33.22389488443541,47.65567228860992,45.5878880136233,84.7141163708015,2.7284072342794774,6.62429260507615,1,0.661816797956505
24.616428538480772,53.463521215260386,75.12105067659786,213.5191808550664,2.925684722284696,6.404362272375554,0,0.0
18.18424007516507,69.52948288692924,54.58428160612351,230.5466802216518,3.486488390101365,6.445124313529957,0,0.0
33.391493599127486,70.50892881183209,62.382752594182506,600.2347697799048,2.9254782427813515,5.596995550333727,0,0.0
19.55187350536427,47.69870648719145,45.022113470790245,576.6327978837642,1.8790019616708176,6.427202517592416,0,0.0
23.428331839037053,79.68587128926062,33.42156588588285,289.4175234204003,2.534804632333758,6.2411830357382385,1,2.4867651171175726
34.15105343986369,79.26014339564125,63.41355751966512,207.61136556844284,1.8423075403995894,6.228793753475416,0,0.0
34.160321497938455,51.865885210194556,56.46942632848327,764.5320298574758,3.425163608141677,5.982780099686747,0,0.0
27.748444098095863,54.43331513377302,50.08057282548676,935.4561556059762,3.2503493320642507,5.511420825010402,0,0.0
28.741232606886587,86.89939327297485,57.44125639966783,52.8056799164387,2.419050568657071,6.133956100069238,0,0.0
25.623573873631436,81.2835722989739,32.49713516385402,133.18046270486283,2.9531843862336227,6.101374336338608,1,2.6254297254218972
22.984583118867096,74.88985165312619,67.63632239191737,642.1639887057074,3.27421735742941,6.134208110977955,0,0.0
23.58729727128857,44.11166107553002,76.88976830121834,804.4414516714256,1.6090006591413983,6.4179910098700645,0,0.0
29.432813753309652,60.913204045128786,73.46618865006216,791.1886687763996,2.448704642322012,5.949859321390229,0,0.0
30.79036700044056,67.96509360384135,39.28614471842103,719.6831530826893,2.204290798131371,5.904075173851352,1,1.6070782922368458
31.456843743339427,49.37056439918885,44.360346396924555,887.4279544980919,2.9289783871073536,6.24667191920992,1,0.8459480404613167
31.423508427507414,62.41132910541123,68.50413798785367,217.34887957081284,1.9477063033345718,6.38847651397786,0,0.0
19.550503751827737,70.05129387443449,55.707027849476226,107.29094649194715,2.772449099270479,6.350992639985051,0,0.0
26.405145179943887,56.36883400576996,52.87486662059895,615.3629700913683,2.0074827225293443,6.82246260119738,0,0.0
18.978498920282952,79.04724094752436,75.59851805200671,822.2758915234324,1.2776871616112606,6.653716087517231,0,0.0
27.341990999503505,82.02247908194028,52.16149765862305,582.0435784805732,1.267803579020793,5.578284844562514,0,0.0
25.506018523347407,56.180473471703536,50.89632077523859,962.9974874589062,1.2976408113829685,6.345213122722148,0,0.0
33.0909711068911,81.93285772462286,22.521115475981578,795.5644613917893,1.0812996898304044,6.126721314234815,1,4.121832678602763
23.965555213385336,45.17882830515075,24.16501751540826,700.7918009092608,2.3324329289919303,6.041576940126037,1,3.875247372688761
19.9901392792693,81.88645493113282,20.44521847283901,60.257290871733595,2.6797567049593374,6.93684385918662,1,4.433217229074148
20.43085859489821,47.63752158338083,74.79465354701802,107.7422387316821,1.316821004564224,6.185193673792079,0,0.0
30.94568073919703,44.1463576254863,44.503199601062036,784.8376325911943,2.52964500055403,6.579152342453256,1,0.8245200598406945
28.509707076376436,72.08877022205056,48.11368256800475,198.23792557702936,2.49435019564478,6.950630454935236,1,0.2829476147992878
19.719085494087434,63.59686828776472,70.72321685554772,28.835176078990553,1.367735128492156,5.726500203853616,0,0.0
19.429815703954958,85.39453002064164,56.55477862254668,910.7606857469649,2.010206499903158,5.58192439322343,0,0.0
29.91647523480504,58.159459804542465,56.570095783434866,890.8053737012341,2.88783927442746,5.970430344170534,0,0.0
19.23697110819129,54.35761317188143,37.79206576128875,218.48382723149186,1.0418900638800288,5.566666398020958,0,0.0
31.971621007936058,65.03674530720991,70.03450243547115,780.2062580729546,1.3673697097459705,5.675146916880229,0,0.0
30.006117861660435,62.79730928843307,29.94979856236963,47.97966121165509,3.4895709358118614,6.987564733781259,1,3.0075302156445556
19.382929270912296,57.22140231085942,23.188975530376872,285.05800382326305,2.833862242872649,6.940268357151649,1,4.021653670443469
19.442241139448264,74.68706493491644,31.496201451111936,623.6669082566249,2.1603256980481396,6.536938988438345,1,2.7755697823332093
34.77287283451999,77.97809169569541,36.06423312647388,763.1789961583854,2.5745035302290633,6.6294804994064584,1,2.090365031028918
24.362603527854045,82.64919845150683,36.938663471252404,10.399188788189573,3.115552426496186,5.7107381164645385,0,0.0
24.300916500137145,88.64283023551715,60.23081591712605,326.20861327374405,3.105761463884092,6.392853363931513,0,0.0
31.817592643377544,53.332809606625226,33.069475239718614,214.34556006367401,1.8117535886530178,5.731619116612244,1,2.5395787140422077
34.1032258155256,75.80467412449808,60.59949826969907,998.7804057487236,2.22822855636306,6.067579234153303,0,0.0
34.76201808498881,59.71291177478726,25.467930394027984,670.982232385235,2.5951377412466092,6.018017538084719,1,3.6798104408958023
30.807429149402008,73.8540985975554,28.83214766587454,405.6714528797438,1.17974229128651,6.420940691782609,1,3.175177850118819
24.396412954025568,63.79908451746101,50.5292869094597,75.65260198068502,3.3644914984768803,5.61953966316424,0,0.0
19.41951218387737,89.68865513839658,75.31374815459856,598.6702575069638,2.0818545641559325,5.655193104882554,0,0.0
31.211497570766426,76.4451067895375,71.57405532866684,641.7014709360642,1.9271558181448172,6.414897886318052,0,0.0
27.492872245508686,87.62456502171622,78.1252065465682,816.4059275031351,3.267750903624565,6.454176485409439,0,0.0
25.211774157198597,81.74847747405929,59.02874391669025,288.57685291936355,1.2957166218827618,6.009823637864741,0,0.0
33.40802454661051,85.14505055816855,60.54889198496552,981.4280804800965,1.0981519934677713,5.720306691684229,0,0.0
19.890357199204573,80.72095986073376,57.501379935889524,439.4657393139495,2.712506030750685,6.829119873687418,0,0.0
26.374626772944605,62.95795651879557,57.369135371491836,295.9437546594936,1.9625074202627604,5.5794231967664984,0,0.0
18.193011961046125,52.58942266734422,28.82722070405508,348.4493340014578,2.9111895220752646,6.576063276407068,1,3.175916894391738
25.967230913900146,58.516008772526106,52.62433736983572,519.5860529671238,1.1713615288168888,5.710067077192576,0,0.0
18.957155686591236,41.011811631997524,43.164076007103546,936.7015645071273,1.959392858838466,6.45606086264042,0,0.0
20.019904576557224,66.19965837323336,46.5522329466376,735.1587979194005,1.5883130301152806,6.495483770393349,0,0.0
19.997946195210783,65.25289001352044,51.41603438355424,577.1096494637823,2.849016332366493,6.706389455553055,0,0.0
29.03657513597308,66.2625232415244,27.7037703081351,162.81038797986182,1.5679252760684286,6.092537623405656,1,3.3444344537797353
30.682762947512195,88.70156124860318,41.56926403112719,149.35331089087168,2.144863336935887,5.532694702349171,1,1.2646103953309213
27.917269006651715,85.57270017274197,23.806973652596216,502.19691381356404,3.0471938778417798,6.716574078953489,1,3.928953952110567
34.356933324067214,48.0856389165054,78.78008782534394,728.7087046016492,3.288476338661174,6.166102029067801,0,0.0
24.37279985190297,58.44412607779446,27.111681729207568,751.0121727551101,2.8065144841644445,6.770634729396371,1,3.4332477406188646
22.857105466791634,61.19780897316309,35.51148431269727,225.9143838762584,2.073071028832384,6.663977424491421,0,0.0
32.76618517922083,58.02664589258239,73.47757560220384,100.09951284725327,2.4299646868568328,6.247460231848997,0,0.0
21.801129254830695,79.92479818019565,48.96260277434851,384.4609892537895,2.724224867881235,6.999099113488939,0,0.0
34.37478317049039,66.20188349337934,28.138232091237818,918.1725432440743,3.187331566435295,6.193112615553714,1,3.279265186314327
18.206626069726877,68.60499084858125,43.053832282360936,545.3672526693822,3.221434961900729,6.544756930070439,0,0.0
34.48794005402986,82.65067794939628,26.95207965148315,320.09976683177433,3.3274237287208677,6.504705729884273,1,3.4571880522775276
18.733718503159793,80.29640767076793,32.012959825070105,323.63766833912166,3.0267777472684556,6.277100072550366,1,2.698056026239484
33.14943293286721,46.61057614101499,23.121790816990703,132.08704522218494,1.366994839854167,6.378025433506355,1,4.031731377451394
26.970918854467097,75.69572920418172,46.293649672945996,473.22373610615796,2.869098833465608,6.6979131426670495,0,0.0
34.88040153402811,61.771806445101774,68.39816730351558,791.3626785148384,3.0364809339080443,6.357419901691597,0,0.0
19.25454160050178,54.73244515312503,55.15815072199373,968.5586915273414,3.1946785691909594,6.17522245792652,0,0.0
27.415522834822454,42.500941045109315,56.38071832907671,501.5949999579754,3.3120422365445648,6.493123711935364,0,0.0
34.47814310552468,64.36247801727255,32.03504180499442,167.21491584268844,2.2728995337961186,5.55326355305758,1,2.694743729250837
26.89266335089253,57.771834036226565,40.633630595141994,682.9503998028646,2.637731737810776,5.663790812506567,0,0.0
28.699776848299464,52.57565198382004,70.71452623044992,756.7913427452953,1.0238819415424227,5.6881395700311765,0,0.0
29.827727712738493,74.73358647984787,25.271371059590873,71.6997494231022,2.431958919231085,6.13865149532207,1,3.709294341061369
25.727198101052146,78.47426936577935,71.47583922011202,850.1391296312288,2.1829959526848493,6.807662859776588,0,0.0
28.66848736142908,52.23947595147124,49.02140157588714,829.3223899958574,3.4057651117369985,6.464941896650233,1,0.14678976361692903
27.933343302692705,42.472371833967365,70.22884587950703,472.54105403911797,3.2542732465068176,6.958927718195515,0,0.0
33.319686178346814,82.43763502826175,39.08038516366402,560.4225186158683,2.9940098235834642,5.559911454081329,1,1.637942225450397
18.772588465804784,40.497987060215166,40.33057709498125,713.4080637109191,1.1424854613006667,6.583010567287782,0,0.0
22.776374223067915,86.85562469607359,65.09629209938856,676.7481250628593,2.005072105708333,5.971302336085373,0,0.0
34.1569952293015,71.3809936991353,67.09977040353321,16.53597819320907,2.7401055554864002,5.534928154616547,0,0.0
33.134484326145575,56.09233176006602,33.77868067940881,122.43530384848577,1.0741518589107026,6.73889003490147,1,2.433197898088679
25.74616479735712,52.32389547883681,78.37227948931434,162.5905557812457,1.589534479382003,5.744040315144034,0,0.0
28.542254162626122,40.45028321322376,25.06940625468974,755.6758890720988,3.218767975295322,5.8211123646436,1,3.739589061796539
22.715480110679255,51.773570850543855,24.110177786127853,440.08356289238003,1.3244519182485606,6.010698787975787,1,3.883473332080822
21.19805971530394,46.88641507585706,55.73025291716617,545.5026263868251,1.1284337608466104,6.682535675291304,0,0.0
25.882872883979697,70.60831103615729,63.36444606629728,772.6874368954841,2.4514643907116733,6.436885868757015,0,0.0
24.0069878764429,48.327279429690066,77.65316775349842,340.9822690640908,3.3661615385694508,5.897291703770484,0,0.0
27.922153901464824,66.43149187683096,44.29674684793169,748.8902273187731,3.0865618497715968,5.752734007488084,0,0.0
19.321488828404743,69.50582111722355,21.517484539377985,442.29927462955965,3.436931261802389,5.664322355502797,1,4.272377319093302
34.56471173032483,54.902084917345725,56.17378036678442,377.1801877742066,2.8838078842406234,5.724724859454641,0,0.0
34.76558265615325,41.75324745093594,37.38176123592631,333.0372640547401,2.093424435211429,6.802217729616833,1,1.8927358146110531
29.868749138335666,41.862694030709804,45.97682727172413,964.9448154923829,3.366541098974685,6.884025059724029,1,0.6034759092413801
27.113638227850046,41.31736660969588,49.30816893499612,771.9734107089788,2.0665831961332795,6.951936711408357,0,0.0
23.26196947686757,76.95623335682731,23.87075664428203,20.195940773529376,1.8752365408606109,6.752097826717327,1,3.9193865033576953
31.834515335018125,55.90048524071491,49.158907073846166,957.4154865182018,2.1204897944185843,6.831085487535025,1,0.12616393892307512
29.64042993341595,79.81500929838319,45.57918000825889,775.4396297266734,3.034934885956161,6.724155250695139,1,0.6631229987611668
20.76448796886315,61.58664119214246,62.75265591719559,149.17471445425556,3.2942338746222206,6.937083653569045,0,0.0
33.48576213639532,62.64990504149819,58.73995467274068,76.33812541131712,1.8942052748991889,6.76847641231654,0,0.0
31.983133129693872,65.64413012547868,31.112943089033664,308.19409365945336,2.155618641330656,6.193004022426904,1,2.8330585366449506
34.14659852596271,75.6515728187552,32.36833509262382,624.1815293460618,3.2458183082609575,5.984881471536929,1,2.6447497361064265
30.33723164260212,53.675143291485355,35.060370726462395,616.5466891494674,1.1176091613216723,6.37631783327735,1,2.2409443910306406
28.428058330908428,46.079367476676346,30.73702641783064,275.85012514922045,2.9596717352846285,6.412274991711484,1,2.8894460373254036
25.11013161694052,67.80286675957308,59.43279198010803,445.6749786574178,2.135544395585848,6.36237180836967,0,0.0
33.856384217018224,56.34888116213696,79.66581075201623,211.89015571373548,1.941295877624178,6.560089514081449,0,0.0
32.72308612150694,62.12456568340187,59.12650043095619,50.57868516673747,2.1173032295920975,6.548464868350359,0,0.0
18.768717391805218,72.34733541686526,56.40089277147747,516.9704674268787,2.0467266887539495,5.630791425887316,0,0.0
18.448238566453284,64.70628705706353,44.59567600106435,346.9911342520381,2.891546545469515,5.928283677621143,0,0.0
24.399877236926844,71.01394085504214,38.75481553158564,542.88243229793,3.319868805610389,6.834790281122885,0,0.0
31.77940662329116,67.21000010568139,74.66442541438875,946.5073224704516,2.2286395636164467,6.385052581055473,0,0.0
34.783694198354056,76.98981859680495,78.14011244852918,143.3703116953211,3.0818344644562785,5.992787047287104,0,0.0
20.55708714875998,75.296830885581,49.80657053526367,1.9620183109553269,2.8298613392805967,6.775687974374614,0,0.0
28.1002221609863,66.70949459043096,37.41202973039345,76.87821328212519,1.826701963891192,5.873563428468314,1,1.8881955404409825
24.475144562727365,73.94515104298534,66.20733246018605,462.708296101629,2.468284536316369,6.113799796564346,0,0.0
34.48854476284825,83.67798011363064,27.947407452012705,706.9320298023235,2.6670391875392365,5.914382157508102,1,3.3078888821980943
32.31602169330705,61.61356438940843,65.9352942586209,580.763603317189,1.0587484297261576,6.8070248856784,0,0.0
32.25158798008934,60.638153637439686,69.13690245868032,494.894607373747,1.9898888780606008,6.592433030200647,0,0.0
25.967783716514496,78.212281042619,27.49423667763004,353.9631310924124,3.481595439618642,6.190338466974804,1,3.3758644983554937
25.05193153974031,69.1276918520997,78.61168812779383,309.974171531501,2.593141067675234,6.898451248708244,0,0.0
22.647920222822005,43.550339011129424,79.13073742330872,376.2861751049801,1.83561017322944,6.891167170814974,0,0.0
18.95838344306576,84.60560078455407,76.20316875964107,611.6349540090713,1.6250600985018195,6.567287539243668,0,0.0
32.700280396335906,41.53915511188201,49.76208856437586,167.7539558655362,1.5237040052518906,6.837990449874034,1,0.03568671534362124
31.81931715521132,77.41981781048716,34.764448536609706,771.3620830546257,2.004103522413019,6.579089682128612,1,2.285332719508544
34.99520044586422,77.93970713521564,54.92055685291478,575.2532400931103,1.483164226519024,6.442317801313626,0,0.0
34.94282623025639,87.65555426409652,45.19603030828614,269.1563776114276,1.3379654551338205,6.131174526889762,1,0.720595453757079
27.44233899524467,42.706720420116035,32.35691868303182,501.1529628112837,1.9101582110673974,5.910204643157217,1,2.6464621975452265
31.07278605806868,69.84284303922455,45.420584577070855,962.7786876851663,2.517499231614483,5.590386038025648,1,0.6869123134393718
34.06101740800128,61.39202853135265,59.83339014065543,20.491529145194033,1.3659979552153207,6.701304957260201,0,0.0
32.44400564151599,56.5316477429771,24.25479864715946,199.52264090122918,1.1108581846571501,5.683244621251466,1,3.861780202926081
22.20491772963436,44.51592801495365,40.00508008676099,448.38023990327804,1.086582045159229,6.11552386098971,0,0.0
25.65925030027159,68.13270598356546,21.06769340076951,638.4397217798281,1.6684606310899208,5.8519513213679915,1,4.339845989884573
20.195710057575415,63.95203628373068,64.96973032770055,212.22826628548518,1.4753307262907542,6.181939448605362,0,0.0
34.21886746339828,45.22772290755121,58.44147605700205,931.4039483761962,2.3481384007253805,5.972475738201129,0,0.0
28.30496878566496,70.62447535485417,23.76032808211795,642.5720124246421,2.1393004676272485,6.744540769382383,1,3.935950787682307
21.886927693558867,76.89765601264693,77.88425357611807,877.4319489564305,1.8119165358475466,6.967267841859734,0,0.0
29.418911634899565,78.36391505268242,21.35729342762604,329.3179302503185,3.083857085377402,6.912332163650332,1,4.296405985856094
28.50818008778423,85.26865941312137,55.39763878856532,828.9539343066295,2.262367482491316,6.433554878160858,0,0.0
24.08876620655829,60.47353709443886,66.58204770794335,378.2192168994463,1.228824980210248,6.968914821254023,0,0.0
19.930479067393694,87.65363843110686,67.27377878268338,252.75177246120495,1.7394108851842383,6.101083987368883,0,0.0
29.416744325077595,83.2714702541343,22.057108135592227,911.6553391637931,3.433348165491479,6.283731165923127,1,4.191433779661166
26.845230915364485,54.82507855119695,74.38490795842635,92.21847567885455,3.442443301895036,5.885274748163874,0,0.0
31.129412659505867,47.96415186747292,75.10710031562732,942.8887960564042,1.636679088867798,6.846973798224438,0,0.0
26.84277951890389,61.76946980640067,53.68342238926236,458.5152058676055,1.4180903219872847,5.76956368170394,0,0.0
32.48708550541518,60.09493539779833,48.92499193322877,992.6254734858617,2.239220365543111,6.415731209984439,1,0.16125121001568488
27.382416259166256,68.78596526656021,22.69204778375599,539.5946537350288,2.203662295417116,6.699181178030752,1,4.096192832436602
27.535945516101567,69.1693116163874,53.71724855059212,757.4881720823031,2.0253442181725427,6.3930981202401,0,0.0
32.903111245191866,77.49934921899876,44.562744906213844,7.071016338003999,2.3233930687348825,5.61816282680455,1,0.8155882640679234
24.85920872561075,65.4944974102805,66.36838444451936,496.6668199601651,1.580488446295502,6.417170318123716,0,0.0
20.278258883660893,45.24113204703828,44.233014013165274,737.4534716181153,1.287323353859218,6.650618983167238,0,0.0
18.48930549732676,82.9145667776553,61.014849999482585,782.827019958449,2.4261536461910875,5.781742238279426,0,0.0
30.837333346451523,55.488229159259355,26.08448877425185,158.04858260159804,3.3314949919559376,6.605429283932722,1,3.5873266838622224
28.5452623730089,88.5648730153296,27.977136245958015,418.97095038277865,1.3443731915507446,6.81786656211059,1,3.3034295631062975
29.969356057686802,45.893005433988506,28.382611438949503,419.0719581193387,2.762036810578656,6.979687742082913,1,3.2426082841575745
21.620390745651484,87.91255861162516,22.73152998798461,103.64080849905588,2.0947417184509627,6.11508889567642,1,4.0902705018023084
20.318315084975087,44.55059034412585,52.47973155618823,443.04550769146664,1.7349414743220102,5.537743573861649,0,0.0
18.247259316353993,51.551806897352975,67.63806356261816,807.0929586960054,3.1327730459810645,6.1286185006330705,0,0.0
23.959988499712146,42.32899710432708,56.62467222161997,300.180737618987,2.141229236342955,6.490341760243093,0,0.0
28.02860067652876,75.25565733194975,54.497293133171375,432.5745218938831,2.4582800351699756,6.83704755684963,0,0.0
24.66814876669545,82.51493682858958,60.837435704164186,960.9586850621426,2.1076407173498235,6.90715868848492,0,0.0
25.437073674403393,61.70355409079902,40.37871938432089,31.708075891562217,1.2031239541738823,6.864363680548106,0,0.0
33.37069780639372,86.42610375212149,41.71724429889373,591.5217678953558,2.487261717250465,6.486939658778633,1,1.2424133551659402
23.920342939396107,69.51495358777998,38.85620589325535,743.4360917776291,2.047102437595303,6.523784563870256,0,0.0
26.737821315716783,71.50035677232616,62.72653597121453,760.8824340311784,1.2168915151690742,5.503575710743089,0,0.0
31.32210121659943,82.2709600850385,29.69842014024646,715.9380248840444,2.489529336047437,6.04559686511346,1,3.045236978963031
24.741227299461592,54.840010252591945,20.78151681877546,726.4514434684364,1.0246773300980687,6.860284354174636,1,4.38277247718368
28.57547390387385,57.713286066381286,55.77178680334954,59.01266567304986,1.5213009706364806,6.534426496321359,0,0.0
32.66018304869467,85.29759595973222,76.54288188405232,534.1366191363328,2.9526738422630308,6.201881126612003,0,0.0
34.141850602179915,85.04817480193819,56.564475019778286,782.969071657256,1.0948185621468363,5.656378622325144,0,0.0
20.500249175793645,88.82413881004354,66.9752991764537,94.0650490373296,2.616705245137847,5.8694749989014285,0,0.0
33.7519896277454,85.09191582208356,60.36744256796181,12.049922386867863,3.37426736551831,6.332383776726242,0,0.0
26.36597698235215,46.36860180166804,49.84619921138098,814.5618315996581,1.4279811454325169,6.846252270402607,0,0.0
22.390154601082294,81.18621430684937,63.10354410703076,712.2943875664893,2.0427796505239364,5.643718521468468,0,0.0
25.80530785605044,60.4919239054797,69.44624743131331,412.20641691444257,2.4387442434274957,5.73063316656323,0,0.0
34.66055377985311,89.5400677972969,33.48389865030188,940.396432574172,2.1260395968346106,6.482507614553703,1,2.4774152024547176
26.374507597878782,63.614048216440054,40.16782882898873,766.5980946514712,2.550944215454418,5.9412245972456,0,0.0
23.58877737488764,67.69180412511103,33.42354395019703,967.8609416065774,2.010243812917495,5.754555687267414,1,2.4864684074704457
28.767814523384338,66.48874576283993,47.13037733542646,929.3152595474673,1.371260322554801,5.767653947630779,1,0.4304433996860311
22.082475519229284,56.086851492913894,73.10387305500007,481.29360297930714,1.2226108995611393,6.238919839144861,0,0.0
19.28967657784729,43.75110444464591,40.712426050119944,754.708978643566,2.8611078904428613,6.375616384063239,0,0.0
20.190955272481037,84.78256152009592,42.46801334783321,669.191388807639,1.596559873804762,6.85652420010034,0,0.0
20.176779262282132,80.13379062631435,71.6220340803159,811.4452100924915,3.1186257819168084,6.294725783413128,0,0.0
20.582345789709002,46.976339027983464,50.92245984468051,787.688402250992,2.857568109554601,6.53691037224165,0,0.0
20.360061935039973,78.83841356750364,52.12693997884607,153.23197003322676,1.1236329608559041,5.77102892904745,0,0.0
28.89487066165465,71.2923333025305,71.64807219993277,233.73553180854634,1.503027792659338,6.570190430365524,0,0.0
21.09196143478546,60.457189395881116,49.43160422152839,265.7315771775674,1.7299816413988456,6.473040383402708,0,0.0
23.876343816505674,52.70105745477814,60.89345207776372,818.4985592170106,2.4862056220651003,5.824273093819827,0,0.0
33.2454029684022,82.98643917511163,25.138679952443646,810.7417039291888,3.0245675007878474,6.504066197583114,1,3.729198007133453
26.057347884468832,75.00941296470265,30.71790278761312,495.33534693944216,1.150833137896058,5.817238066486796,1,2.892314581858032
29.348481554857464,67.38699547345684,44.26257204297474,580.8322592519212,1.6240223796995272,6.390366662679919,1,0.8606141935537891
20.929437810427707,70.4784266949232,49.69034406919249,826.9221529683999,1.9405244059493023,6.503274556908101,0,0.0
21.268913319747405,44.55330910410905,77.94402207417377,312.5936006777432,1.4584428864704158,6.540025816821075,0,0.0
18.69476647653014,63.695988045559595,78.2390979828674,50.1787769163633,2.363230243765873,6.863899889106341,0,0.0
20.871896072226797,49.6850146392851,71.0718252487257,482.5964382791672,2.1950061983957756,6.921756032495805,0,0.0
22.736035763543295,50.419183950441266,38.935930117134475,913.7171438486718,1.7912391051278997,6.715296928602043,0,0.0
21.009178232704695,73.06519811434333,77.84169744994638,790.4682609600729,2.292217217300892,6.818122169774154,0,0.0
19.507943073869946,85.5628075917144,61.360451880572754,366.6173031084857,1.8895539108777848,5.528993324662829,0,0.0
20.050809808710213,60.18783052391733,43.57640766904402,64.77136048283671,1.857985168668227,6.044002163095505,0,0.0
25.833239056556337,50.38746365060952,62.10049501908598,636.91950538251,1.6634888133924812,5.559583321736412,0,0.0
21.507673212898474,72.43734686183271,20.991363787191595,834.4907958705201,2.351094835785971,5.837268036038375,1,4.351295431921261
24.192587637817283,83.55935231751589,28.769280936452816,664.9485664546385,2.110288486130817,6.07258648417001,1,3.1846078595320777
26.558093604532566,77.41594005612454,69.78114269338207,425.0746647630197,1.4908119603180594,6.801363265177257,0,0.0
29.73671208669921,83.43786152682935,58.73441821239027,123.35361317907135,1.032415652245498,6.267631129289175,0,0.0
18.66830637729868,66.82773355053996,41.85168207751304,910.7742441373549,1.3773238515322985,6.473291576661681,0,0.0
31.589976781453725,77.59381221845955,50.03999841336312,275.95832575338295,1.107086503746348,6.044223392025888,0,0.0
28.67430662134543,47.00322796794683,74.30852897874601,224.28703649295934,2.0789970840960805,6.40437386012511,0,0.0
19.38990354313082,57.413730768159574,57.89468656874519,815.9766656096541,1.5627421347808959,6.72330474839047,0,0.0
32.85083660981521,59.47745822407612,43.888957036059814,981.219938723857,2.0511383313118117,5.951862072965654,1,0.9166564445910278
33.654830809040824,65.56478731230173,27.2195994438521,660.1602587447603,1.823624683425022,6.898385046943208,1,3.417060083422185
19.038325317532685,86.45381801284118,37.62480809753366,624.8104890245506,2.345037026716417,5.819970243827816,0,0.0
22.706920018502466,83.71482801110872,78.700413967795,319.43086922106255,2.8096670719715022,6.878951959804931,0,0.0
31.705421756482043,46.72627461445923,46.241783771106654,20.41345068512934,2.1982848453346406,5.542446318020343,1,0.5637324343340019
30.720414736522194,48.63948259412316,48.31036783069165,191.79786582270964,1.1549201523478272,6.314128416624648,1,0.25344482539625196
21.136857329058415,57.88202747944557,49.91588194382092,584.4304365565719,1.04377620353727,6.977759354149082,0,0.0
21.558938496724075,54.537193294533694,73.04624137689267,151.31646181604552,1.5330779156938479,6.414668090135824,0,0.0
24.298025747453494,70.73854765781311,56.23569706311859,883.8358069313272,2.0624187780521344,6.3322924345542635,0,0.0
26.23689074824736,85.13880238822725,61.62062218711533,188.14468785288517,1.1122625715681682,6.523705370132442,0,0.0
28.51033111601503,88.11457708362934,43.36481255294624,522.1044530119016,1.8193345120997226,5.933953371732952,1,0.9952781170580639
24.271531872686133,72.68014762676133,21.74525711533846,512.013245768795,3.217564269737881,5.580873008616796,1,4.238211432699231
25.863090174263515,81.90796007005434,75.85837485457066,603.9456301296506,1.2250475546304234,5.8765963737727605,0,0.0
30.70700594827386,66.26011001153985,76.94766085498438,327.434069718039,3.371291274423934,5.764370750725359,0,0.0
18.623614449140163,50.41634734300199,76.94918320088307,873.5342010653153,3.1416794387727993,6.885353855179359,0,0.0
22.291428053848353,66.23442060467387,76.62122519880299,444.3015359750696,3.079452890033847,6.778393042993532,0,0.0
30.12694296003739,67.75413007188256,68.91451646417366,700.153578736574,3.1591462771907275,5.97657082533784,0,0.0
33.21851624068239,77.12287821067783,61.075763006979614,635.9108609667031,1.2001256631324577,6.754103959439646,0,0.0
26.698516515966325,50.99414948536746,70.67059509603715,117.15608311970327,1.377920234946742,5.817629032972201,0,0.0
27.045929249510365,58.41551910433658,56.032774340062176,622.6393527026114,1.3359310664027055,5.799368880519367,0,0.0
19.821924192776194,58.20137346072832,28.062176833521416,550.7026779810959,1.27810452687844,6.651303143440503,1,3.2906734749717876
25.60601023599873,87.97197978705825,43.47308990248526,898.6040632559059,1.819278048830573,5.9903959188509655,0,0.0
27.054493529735396,62.19724801633595,78.27769471837625,880.8766364849033,3.0755422073763183,5.597188959136864,0,0.0
22.121998561790406,77.75469836490733,41.06826881573938,150.95478741164635,1.6299053590780732,6.579979871401723,0,0.0
22.577134926139475,77.54056906872195,72.06967482388217,81.68514558660766,1.61055419748065,6.984402070138498,0,0.0
24.413830772778585,53.277209240162065,25.592688246492173,294.59221921086873,2.6897218935515332,6.348966572240372,1,3.661096763026174
18.341210362221346,68.59348446858661,40.05103054252818,986.6128566843088,1.2423127553417928,5.895501362981159,0,0.0
23.47534581491403,84.7151446659324,41.057199483642776,21.573776406316746,1.90069998090481,6.059358540520189,0,0.0
21.59461611894126,63.75988597284747,23.09615258653881,672.8922395728769,1.7385657671105526,6.472974337898224,1,4.035577112019178
23.567454987024547,87.2558753671273,27.1456598112053,608.5137338409771,3.118252160323553,6.552069418259372,1,3.428151028319205
20.03595624092727,50.72291146620808,31.58991266730626,646.5782804578168,2.28625319406365,6.829498334344079,1,2.7615130999040614
33.138963772578215,43.707955288701534,70.26893544860678,218.28588977074148,2.6161839103048523,6.863253058478746,0,0.0
28.091071710418827,84.57269365723747,23.804119396388383,226.7173457998499,1.322585845515588,6.791917768374994,1,3.9293820905417425
29.54473942545632,82.38405989811083,37.92205408066323,430.6420821738246,3.3222956513897755,6.472736389337311,1,1.8116918879005155
31.415911056324752,89.62949379669223,20.61050015535605,95.85780706695634,1.8061303853127617,6.174778554728926,1,4.408424976696592
26.473517381793975,73.9696744056213,61.737664724181485,74.6132090189402,2.7670970946079034,6.518958226566381,0,0.0
19.477644897486204,86.83439633335747,57.218185402602785,88.3594534860972,3.3865654497888587,6.499848186039208,0,0.0
27.13081121091531,81.34745125420554,58.698935723188505,572.9791713062577,2.2716221540400063,5.826974381958382,0,0.0
27.976299006354946,82.22131665600435,42.46296708287713,397.74185689789374,2.268838146834639,6.261330444103168,0,0.0
30.67247106113361,68.45707852271342,32.49606927605414,293.6167806572736,1.2931235588961298,5.81232214590611,1,2.6255896085918784
25.33821228590455,59.11822989583554,63.219212797162,315.81937965130555,1.975688891057823,6.848685671478029,0,0.0
20.168865147524585,86.7279036271641,68.66707236444171,207.28330584907374,3.131162347203839,5.984871862900984,0,0.0
22.824190398578317,61.60585878079472,28.316089885892104,411.5053353219349,1.3377662677473707,6.7081389835886736,1,3.252586517116184
24.172399038776796,66.94096836248346,49.20976567624528,203.05806919996738,3.2937603264016433,6.065840597287044,0,0.0
28.980593102637222,62.305715356259384,34.922940918731754,698.0460422993325,2.668273535966642,6.645604212341144,1,2.261558862190237
27.7032311793715,68.24091569800986,30.086411672368023,123.93251265393613,2.0523995876475962,5.831368682282193,1,2.9870382491447964
24.053644340263386,63.525253949616356,64.05951880969994,948.2420845808465,2.366246046314143,6.645614826297336,0,0.0
34.77075922948065,42.398377928973794,52.28581612837022,89.8189401272822,1.3762415193417523,5.769298051741953,0,0.0
28.29817192906708,84.10240930038493,32.971119942720065,943.460714279876,1.5437082328443275,6.236226310397248,1,2.5543320085919903
22.032855459511907,62.219690945788486,38.6000006726927,833.2949715204066,1.716021067666682,5.670440117184097,0,0.0
19.730302034546863,69.44718242536743,77.99922027966454,680.7121206133804,1.9621152954360364,6.291847121215077,0,0.0
20.598605366133643,46.95939013789935,70.9207738825134,912.3016555654835,3.288804987482462,6.7310715251371755,0,0.0
22.18128138253664,40.16939239913196,72.7968045723877,139.21879351737687,1.9189225624128925,6.633320428782325,0,0.0
20.731583345412446,52.26450468218215,47.600725824842485,176.31477418691532,2.3095881009655526,5.576072823011867,0,0.0
21.1716394088722,75.22930160666752,57.4284358352525,252.1525920588158,1.4050654035446055,6.238266357010401,0,0.0
22.846617867795402,44.95972650564393,42.6060644122647,244.8115267658909,2.8399330026301763,6.7783379656123985,0,0.0
20.947351120010833,85.4443720193234,24.662718541333433,310.8482709271602,2.400702122666754,6.475155235476417,1,3.8005922187999848
33.24501221864923,50.75112846780923,44.064158639406955,575.6308982730933,2.09976864495843,5.5888019785291085,1,0.8903762040889568
19.363973676247916,50.22968071458879,55.63884519242868,28.172611305104624,3.367966163895484,5.98844803516622,0,0.0
26.91669362269433,49.07539808107477,37.22865624608789,382.2725950399758,3.226627110354592,6.334880333095962,0,0.0
24.976746058824247,40.699085648568236,70.87703448364495,246.38512789259647,2.6487781808612434,5.758977212821547,0,0.0
34.70043648744631,78.59027342391173,29.06600955047592,606.629848052722,3.3045310153913174,6.522871100802646,1,3.140098567428612
19.90466133685689,83.75172656226292,42.02774536621519,985.1693310515356,2.4119544873326815,6.452269614047626,0,0.0
24.76354518377761,70.70813513080995,27.494234319452175,517.6546121833726,3.067342879288167,5.803666420243094,1,3.3758648520821737
34.480997365681276,49.409999083993114,44.28992803911352,425.6852391184338,2.023650410462966,6.325596947192355,1,0.856510794132972
32.71362114019767,54.26389984704399,22.379678298456227,368.2435451451162,1.216860478369869,6.717577833845182,1,4.143048255231566
31.890225206137757,63.79633486824817,36.35296370369873,784.9492188798577,3.4853714738227737,6.062240049665772,1,2.0470554444451907
22.384348059763976,87.71729758116504,44.04411530682102,71.98093165072694,1.4140788020664312,5.870479862500563,0,0.0
20.905088985631117,52.36756859088714,48.689921796601496,959.7705144601215,1.6287750981474733,6.551830860179573,0,0.0
29.366934738715326,76.5822951959944,52.62178150850851,417.91788598804555,1.4077584735620987,5.6062064710171,0,0.0
33.79939181516896,61.97241116464602,36.49946778739513,313.700725825113,1.8436987949468628,6.749010710630802,1,2.02507983189073
27.464969181236807,54.892367418001086,51.38248007689234,974.0681163997012,1.7232003343158468,6.915188450896168,0,0.0
27.7174157209883,62.79579685110569,50.54027729372359,935.8788632431999,2.5027556213730873,6.947180507755019,0,0.0
22.75964459222483,43.560335877061625,38.970683052572504,641.934139765721,3.4911500360482113,6.148808131473517,0,0.0
31.081379864262928,79.93436854651813,69.8120198393887,18.507374850401327,1.1312726387139214,6.434804261451324,0,0.0
21.1797437254779,52.165096399148354,52.738467595613905,748.5349762065719,2.9461077832333054,6.786046836205781,0,0.0
23.502547018872143,76.27060615964852,39.9361831247927,335.5574000420013,1.3199798110162164,5.835135985064402,0,0.0
25.232419456479086,43.41741857240974,76.84031072484659,388.2802308542611,1.0495875615805392,5.5415540031370085,0,0.0
26.629376437635734,87.7549278082843,70.70674478426966,158.7421289773886,2.5964420502892374,6.076849348727865,0,0.0
22.120965451056364,49.65074927028493,78.95526869310805,523.4580838648993,3.1832880721734185,6.8265565885265005,0,0.0
19.95222602056646,84.13710381035402,61.534032478725244,744.5525962037663,1.4407462666209883,6.2576078673182325,0,0.0
28.380540721507757,80.47366048077171,42.693374330362815,273.01111809306843,1.8540344616048685,6.295328422768429,1,1.0959938504455777
22.90671940508435,88.3929962040708,36.851640000740744,938.7329080433751,1.421875510557693,6.537211067853832,0,0.0
27.88104976418441,63.89453304728748,59.79907062046886,194.7368560029543,3.2662689232572926,6.361775890561383,0,0.0
20.62416615966144,76.36986469229757,78.84899494971822,66.26234059443337,1.6759010810453066,5.581714958557028,0,0.0
26.179381731531898,58.5355328518892,57.602904806230924,644.3638733499009,2.1117822285152563,6.34129018772049,0,0.0
27.05402035337696,49.21841190098469,72.89689645939029,849.3187318800468,3.236853190707696,6.471938276331333,0,0.0
18.881000125981256,62.15379664667244,39.74620586286612,953.1328593075123,2.3821730094066798,6.4623936667334485,0,0.0
23.722272729296648,48.28745076942275,44.41722694845534,767.1710105165188,3.3321245019217645,6.592516238617046,0,0.0
20.28504950796256,89.1022311393192,74.3765143753612,199.6500115060723,3.3161260366175975,6.279880415645719,0,0.0
19.077374498037052,44.81232455703582,65.41200211746913,977.6611848037303,2.1540025497343023,6.850088196628244,0,0.0
34.82932395062907,69.46058617263103,78.88461922207435,919.4358760288427,2.4559565318334267,6.196390920136814,0,0.0
23.480015364570292,71.3231927627028,66.48585258393452,163.16742276244744,1.5757856842823421,6.277279709518273,0,0.0
31.767865579528795,66.90397714370272,46.91094243309391,558.7858269153244,3.476339547002908,6.670458634424394,1,0.4633586350359138
22.328891130983983,73.10929428559169,51.86408118934179,555.5174259309789,1.6957916510294873,6.7498524635731165,0,0.0
29.5855462778068,45.809038750594546,74.03092954778819,442.53477812947085,2.958267469952378,6.472542200497094,0,0.0
30.923873618124674,67.75092621026455,53.098804165882875,984.2813302596887,1.782422650388065,5.689559818994982,0,0.0
28.12585859033335,54.36062855636808,35.32384244986671,59.62223718022119,1.7826056552244625,5.997928141244459,1,2.2014236325199934
26.016795205352693,87.00880316505283,46.13718876619697,627.2089084435847,1.2596573167523653,5.530233328540057,0,0.0
25.001295540503566,78.10358267198629,50.97895933094708,205.3036226788101,2.3997395269914494,5.943174712234738,0,0.0
23.93076053123092,88.62572410798714,25.803190013067773,527.3312047309596,1.612080845320523,6.355366436892113,1,3.629521498039834
33.80199545221304,41.87780348700948,64.6257604551734,779.7407717875187,1.370986894394047,6.707846109020308,0,0.0
32.12052993239139,54.25665875903543,26.561236001298383,246.72680316854633,1.5666667362918338,6.378474660403492,1,3.5158145998052426
34.405457481330714,49.77112933191745,44.29506280212834,393.3595464831485,1.6277328926600747,5.559841983583055,1,0.8557405796807487
20.11305279925426,40.55772936559153,68.27734649242427,950.7680742803991,2.260208640298715,5.888659689809943,0,0.0
30.42474707846195,52.11628651231607,48.05422169679781,761.4807377203095,1.9648075913889056,6.367092522178457,1,0.29186674548032837
33.95178776595765,73.93879917602145,70.52093118311048,572.7231845118356,1.1887257025549003,6.5635715824040854,0,0.0
21.080962124816224,51.55444610672843,40.5128793233669,221.99738780671674,2.340071457239653,6.799680775029142,0,0.0
19.130436545235217,65.4501722741309,77.45817763990613,425.3054374775831,2.9693686289719117,6.9514678242132835,0,0.0
30.599051037931005,84.39090574824993,32.56810590831414,774.0613190499228,2.435587902234988,6.837679931938748,1,2.6147841137528793
27.766042924058503,74.68789601745377,22.29584869935808,820.5430781099761,3.436350630629427,6.200991980331726,1,4.155622695096288
32.31108920489062,59.731453495301594,72.34559257942512,244.6061981423989,1.2478755203611784,6.620394266642135,0,0.0
20.376130402646922,58.623446945605416,65.13216295702449,662.0602104170192,3.0528808418952735,5.860791699661427,0,0.0
31.519544301618133,62.786790700424234,33.919030224042366,95.0029921233999,2.264231674743333,5.595746191761052,1,2.412145466393645
21.427664440811657,48.85207205299532,79.08449642820044,23.21230745046443,2.30398794386307,5.582603521098964,0,0.0
20.782151028716978,71.7000383707994,50.136807756111665,548.6739234330213,2.297749836623871,5.861958527018812,0,0.0
20.792518564826878,58.207640955230275,77.06392640864982,224.37985428042873,1.8132970697690962,5.556311627719238,0,0.0
31.847770243933496,82.61826746310219,50.30172628321996,78.91203124213287,1.8113875356006313,6.7754086209024935,0,0.0
29.3083527518354,77.82763300289082,48.31247520627746,729.8283128952299,2.5796112666061894,6.23488113619177,1,0.2531287190583807
26.892112221075028,70.525658204608,46.9483122286679,497.97458836464506,1.111912713457791,6.7163500610376685,0,0.0
24.100118230099543,58.2101111324758,40.092516567977015,796.2770109584505,2.471965113254509,6.9098474152871034,0,0.0
32.91240919382284,50.49659158367422,52.0220898305931,663.944239680557,2.811476795527289,6.9908618298257705,0,0.0
24.6715668261848,78.80759320528114,47.15327971691407,729.80493991549,1.890815733688545,6.905746014217968,0,0.0
31.882190471016813,64.32045494955432,22.204812597413248,307.3605812958998,1.5433923486490833,6.574835195756473,1,4.169278110388013
25.465293445693714,51.23750190886788,35.62611400541015,263.27582568323635,1.533467281807261,6.162969477761446,0,0.0
24.40805530022343,49.75873075200031,32.7873680063335,600.8748920952612,1.204599133361415,6.396977258591788,1,2.5818947990499748
25.86555635638331,48.27004522506795,72.046136139264,200.08214039808436,1.2242982980160209,6.724744551864349,0,0.0
23.123423860790417,78.85805981027974,55.93219863361048,815.4121156320211,1.4167196704864817,6.846331757664002,0,0.0
30.709359462996268,51.44935926501559,65.82098602698365,522.9201689742385,1.0479322626327177,6.934702702905821,0,0.0
26.546246631572146,66.33211317625987,77.40956226495683,226.989932347761,1.6655885188104607,6.595908548585484,0,0.0
21.947615817495894,62.57731804865283,58.6423563515846,625.1682323299085,1.7660045731199003,6.309930323682494,0,0.0
33.29276774566766,68.9805449614142,78.95659948428465,945.0357350836177,3.488053133390327,6.952557564730386,0,0.0
24.526150763344596,83.85774501855971,38.705843099127776,82.0947265907741,3.4792193441403136,6.9379374426516875,0,0.0
27.240398638937805,83.38736950408654,31.176030938773632,109.34520731350294,1.467622117092712,6.216329256377817,1,2.823595359183955
33.4100258863973,62.55380359124298,44.19859327957469,843.8391468633399,1.5325803952423112,6.472987585741943,1,0.8702110080637968
28.612045930537867,40.76831253673617,48.24796489614848,109.59377456687358,2.229765926401081,6.713900721838209,1,0.2628052655777278
19.98726669204219,61.32219028571516,73.7216925711551,39.375369352987796,1.3719608343442755,6.149618660027213,0,0.0
33.97714610142908,70.30967687120702,53.59642634220058,347.9305810464729,2.2600985203954793,6.74406644002471,0,0.0
28.671036902214105,67.88823795490309,37.53085996508102,466.7058849215976,1.9984742620126856,5.667183208727854,1,1.8703710052378468
23.693395449170463,72.56680529001028,64.55805697205125,569.4444366906898,1.811557227624681,6.221727581279022,0,0.0
20.367625235277583,47.703786623654175,50.349916228344256,507.3002325642498,3.056512927024438,6.2239187483334675,0,0.0
31.498428217595034,72.32675493903662,29.727916716510208,913.1845626581135,3.070294249982644,6.526985584251854,1,3.0408124925234685
28.541236850784728,49.132580937188614,54.609187255475135,768.6681003916374,3.4697236674593164,5.674619515263036,0,0.0
27.068838563597467,77.52619903483745,74.68367220843703,983.8102558617107,1.5577202852039556,5.654815650175422,0,0.0
33.19617391186628,56.954380663134,70.5573570485492,476.4554232253223,3.2206937428593654,6.850892218608264,0,0.0
31.406152590817022,75.49477166907268,55.208598358119865,84.32960983917891,2.3446148241848275,5.955612196680042,0,0.0
20.57847295545677,42.39327994530535,42.624990433099285,955.5306429428746,2.47864857833088,5.990383567462058,0,0.0
23.29927515252432,60.39300127954567,25.21872506385267,4.113161589097358,3.240733035831316,6.665292320042631,1,3.7171912404220993
22.22431537684592,75.25172611316664,48.178935399897426,776.0960138390484,3.3565769909458,6.122363554167354,0,0.0
30.647086973735508,51.343525816574704,65.12476625177476,31.28203077167946,2.8170281442515934,6.749385631148378,0,0.0
18.57005139050825,79.76435223986113,41.616423183980636,761.2141906516384,1.8696060798378098,6.102203096746027,0,0.0
27.688124642812383,71.5389866552466,34.126809533099866,937.9389398480542,2.2241699741712635,6.640899649311613,1,2.38097857003502
30.961797657591738,69.37808860748991,75.8827831562572,389.26029733104684,2.5376346601352746,6.287964936774577,0,0.0
32.90501582494974,57.67744271021685,69.29334202747955,240.96485121971767,3.071600097465242,6.903742189507346,0,0.0
23.815389728170427,64.12257351905588,58.296537165208676,226.27915251183083,2.644869263443889,5.991083459438002,0,0.0
31.96137417942422,69.86746504889265,28.20700063523116,491.71764415020334,1.9136190417190577,6.044035892558713,1,3.268949904715326
19.88073952823852,63.62310569574453,28.69453042437038,170.88703575679153,2.044701128400736,6.954979774366027,1,3.1958204363444427
32.38968895948681,74.915666197028,26.19317548734674,672.9236306597121,1.126094255098187,6.606287646949667,1,3.571023676897989
20.1673072596437,61.68484665534798,56.97780001356459,368.35235748837493,3.31066965109284,6.6588510079365,0,0.0
24.753883939526244,50.11365908710152,26.93376778840016,323.109492403259,1.2202975333237331,5.943965123420623,1,3.4599348317399756
31.554021218252412,50.696689140052364,70.55763193175798,461.28557625645703,2.4498269767138616,6.298066595933703,0,0.0
20.548596264929152,40.290188442147056,79.57790010915933,542.5875024397518,3.1791297030970544,5.970311478143852,0,0.0
21.897273718954906,55.04788577793362,41.98089108251992,141.93026225879578,2.0521631237875178,5.8898033302889665,0,0.0
30.278293662682128,77.44588202392598,47.22019081802585,707.7633637968434,3.0003137187784286,6.302861781440825,1,0.4169713772961227
30.24062112128326,79.70813544188047,62.700030619140726,882.9470999053261,3.0095401990907376,6.981640936374825,0,0.0
28.899509759050055,50.1233771047875,76.22918037954595,277.98691620118177,1.1496150964656173,5.821933970821533,0,0.0
29.7971235559407,87.95219984357038,73.6456264133831,180.39090182948482,2.0303593143268044,5.863779788631309,0,0.0
27.226315536909134,65.12013967400634,23.455509724990915,760.5054237190636,2.7275637167176088,5.864693482517042,1,3.9816735412513626
22.280584001418198,85.84893745092513,30.144308153405902,183.54172376564946,2.0558837726722072,6.687553392419935,1,2.9783537769891146
23.87683188956663,75.33826409308156,65.27583191346753,41.25516036295662,2.3629181204483904,6.265723091671997,0,0.0
21.087161185624236,76.12167115112065,61.33358648194684,619.2432203827789,2.4861447615166004,6.077151485096413,0,0.0
33.44365954267168,44.25218106530356,27.993115642407396,239.75141630535023,1.3780734418281062,6.765684751550786,1,3.3010326536388903
27.917660511024046,50.99955634484653,50.12387492009406,171.8104089285597,2.0299530153713246,5.946235957540804,0,0.0
24.814474084981878,40.44074166472363,66.84887786511774,981.6027417145062,1.0711580542089147,6.088326848011922,0,0.0
25.854098661950257,75.80638202383687,33.12684093576162,291.86498339972763,1.374065207988361,5.610430838940143,1,2.5309738596357567
34.103816773400865,57.221914421425495,72.27725814407998,903.4432902155357,2.2806351584412465,5.678365152812526,0,0.0
20.606973852973365,79.33262580381734,23.178306489222077,178.2187658886043,2.4339649948470257,5.705096600081738,1,4.023254026616688
27.965907144285552,56.94681099685131,66.93170510408444,818.9771320624352,1.3655860164791558,6.0204628576634525,0,0.0
26.60010754103592,80.96668761494305,56.949133987392216,502.018873048482,2.8890481755310513,6.2861278907315405,0,0.0
28.394722002389013,46.53491268741565,38.911960799260946,78.59476911599528,1.9324697196774818,5.501116472333622,1,1.663205880110858
18.307873124954288,48.66865783787541,63.25595290051468,733.6052936435724,3.3016248220691797,5.784898467249748,0,0.0
32.826106452050574,57.04382697919682,66.94194770906958,892.0733717347799,1.9691568082635162,5.763475030286546,0,0.0
33.846010802221414,60.424369444113665,76.03393827823815,163.01699033552154,1.3745274410815114,5.880020273182775,0,0.0
27.607264121016552,57.435140542148915,42.06648032925582,725.5902423361753,2.894926146701894,5.749121389079844,0,0.0
29.843064005907166,78.182351626161,61.1610041587973,445.05251907312385,2.4195020010983224,5.792692271745867,0,0.0
33.68248948001403,44.84756963133574,56.15697661608145,753.8704532567183,1.9667204206103894,6.975820541445996,0,0.0
30.023056783327775,57.5608509819244,51.512364167425304,713.9279481853057,1.889892908580654,6.392095388731919,0,0.0
20.593163729542443,81.86199997577296,73.42498844930228,26.600230463005413,1.3769224338931776,6.644039747279795,0,0.0
27.796902122835824,43.3398538631086,20.19003884830402,178.72103596715516,1.8520865686650287,6.729015065621033,1,4.471494172754396
28.31415578850855,87.11717538356787,36.92669636621586,471.02724293227436,1.0733603524458375,6.501520896138918,1,1.9609955450676213
25.210221412140562,89.31584211360064,52.29663437268981,933.5941719120802,2.2560047851894276,6.556120405040865,0,0.0
30.519552005620287,44.428408691254006,30.69759569819314,342.0734567548015,3.2418093545343396,6.448425166802926,1,2.8953606452710288
33.884239251073254,54.56362611278685,74.4719920239655,628.8734702801819,2.988326990538318,6.474060217069447,0,0.0
33.7346647194152,58.620033301767805,58.85570705678092,12.083745514428813,1.0713029930105358,6.892674443856391,0,0.0
25.664269313870246,78.8195684326363,48.67297967791939,711.1269215469441,3.2031508156705812,5.778607710813216,0,0.0
19.92504677929284,69.79634060583669,68.88210554399927,603.0682627528046,2.1308120722063832,5.912095053739404,0,0.0
34.74230038235969,72.21828502462836,47.053171487906226,715.3947466157658,1.477228663538736,5.639887823228106,1,0.44202427681406603
32.26126746958088,77.8754911409253,53.51918071580057,904.660613024945,2.8810298880384684,6.755986694446408,0,0.0
20.119265580455536,45.89894997185129,20.16505973323526,146.49893311781003,1.807183875442616,6.173132985441773,1,4.475241040014711
33.65431200449533,81.66047284551311,41.94203181170441,261.5895960080671,1.633296057842132,6.860656840821287,1,1.2086952282443384
32.78823815505618,75.2809902090072,28.327428341058187,995.780892168142,1.403296016953869,6.117513569869558,1,3.250885748841272
26.820246971143227,68.8670862598185,61.38132083973746,156.28395850962696,2.216554767250557,6.163921237122265,0,0.0
28.051682407663797,84.48676673915284,48.74161753854403,720.6270065260263,1.2334849988736132,6.172534751931375,1,0.18875736921839595
24.783045965792216,75.01531769419036,38.10545343501384,725.0759105109018,2.9640328227844663,6.418739638271509,0,0.0
18.930947859974534,50.084998131551274,48.06994036230454,682.9937462355695,2.1766864416660274,6.6491861754487935,0,0.0
23.698353107980317,61.487269053783336,32.57779327708077,227.44058931457766,2.1174410420473,6.026938414175828,1,2.6133310084378842
31.648508626166194,64.70214334678667,75.50519794916843,215.13406321387075,1.0046348912038026,6.44524818013348,0,0.0
18.07874439107825,42.76088133752028,23.23835795305478,666.341068034788,3.044659650771403,5.805951155135402,1,4.014246307041783
23.66948591874945,87.73187566800279,71.92502211776721,186.25018445921603,2.232092647595634,6.331070656752175,0,0.0
24.768867791046034,46.428863039843925,50.68152732400105,661.5633317405374,2.0997362995033697,6.31987734976552,0,0.0
27.13572524994469,74.87306336133634,57.13678976832904,492.52828202531805,2.903462213210976,6.83307379847243,0,0.0
33.63754547901693,65.31155180454401,38.15633725452223,386.62886764938406,1.1572463727519022,6.843767835774591,1,1.7765494118216658
23.88788190422134,41.28161249422113,78.00185700765928,300.23234937794575,1.9167011402380094,6.230816737449364,0,0.0
23.89820443223587,86.23737379321808,36.91105751116939,947.5769333231167,2.439334893884391,5.536899198667576,0,0.0
30.537521217865724,82.59184044094667,55.33267982841826,508.09365774278757,2.151443906847969,6.766932925927254,0,0.0
25.687704995126722,66.21289639519178,79.60500230642774,561.251962510962,1.454097224694936,5.500933705847758,0,0.0
21.818281989979695,51.44711680697226,72.86566378300674,949.2560846867855,1.7481912692007795,6.217380453261315,0,0.0
25.69147177425579,46.081144534004714,52.17978951716636,653.8773180971336,1.7505013941190826,5.529685236450185,0,0.0
20.3945693464566,58.16962397160633,79.42247137803272,957.8529277568275,3.4799270069130674,6.028886941534035,0,0.0
20.998578770605796,52.77141405230452,62.08219170395688,106.36674052269845,1.815492797016622,6.4551470290998605,0,0.0
26.472252136571157,65.33456005031493,32.52202496850856,846.6396317724038,1.5129551563557475,6.056801354581121,1,2.621696254723716
25.121732641577314,88.32046480617146,44.33577262614838,335.41462802309087,3.056592882760366,6.890337037865285,0,0.0
33.5523803181577,68.74767466148207,40.06960004069306,810.4875250703411,2.0529281375090216,6.461145450167213,1,1.4895599938960409
24.160696284982762,84.4965527945049,40.64082249627135,855.6366241949786,2.109659236217627,6.469665808832111,0,0.0
27.87000195472674,72.54394187478886,65.62738636159197,271.4878861425558,2.3722226587393433,6.0616555689540546,0,0.0
28.748492894632015,63.76232632936002,55.05577563636761,408.83061651547894,2.489222993156279,5.55781528644439,0,0.0
18.22260576200167,82.73037813666856,22.285562695371713,726.014354314904,2.476389001025849,6.607269585237934,1,4.157165595694243
29.280135324284082,63.568405508649874,72.64690901905857,99.05563089697067,1.08624930602761,6.574367095816698,0,0.0
21.026611436785775,83.43140852551805,37.80776842880987,755.53353433934,3.047106082244882,6.295187540505726,0,0.0
34.33819539698074,54.57883847878826,79.82449261478862,110.47292605474401,1.487132047687095,6.124402058886536,0,0.0
20.52726637180292,46.4406536881494,77.25144382008715,914.4557322680581,1.730855319459652,6.307475575012932,0,0.0
25.048610103359405,82.76572321814692,76.43184300091791,276.33929329635345,1.4335738000516887,6.620223106225578,0,0.0
19.450944357336944,69.37075818963334,68.66765624383842,575.5993468673558,2.917691643839694,6.569178146181798,0,0.0
34.9468622813811,84.45461991244801,33.23679990101255,117.15350007627279,2.459144981563549,6.487164493492285,1,2.514480014848117
26.53731517563112,86.89136034961916,51.95796464172692,269.4931546624787,2.888240381880128,6.855665901104993,0,0.0
28.121545294440743,42.68141951857246,33.45815760949847,403.9550434871054,2.633496013573251,6.414832565950455,1,2.4812763585752293
19.140300115603267,65.04846509294342,35.58052733533695,487.0488766830143,1.2603965860485047,5.521764471317556,0,0.0
30.749327996786022,58.748227453726464,56.657106166176646,0.06749764657443258,1.7537494396275133,6.427095753452882,0,0.0
21.56839508262496,71.29291985350585,22.450012721183803,888.6557623804684,2.2681628989753033,6.41883886850542,1,4.13249809182243
33.266922920492135,79.67955986011617,78.16751400924247,7.674809558877116,1.7623625785784092,5.604454245258157,0,0.0
21.48737388819412,54.02951079871845,75.12039035467787,773.684562994425,1.5182597610152913,6.141594631473941,0,0.0
21.241691251282333,67.83991921865858,42.846054329463186,470.57891235637095,3.1745299226664994,6.476644392937492,0,0.0
18.621344353417612,75.43642899524498,50.92534688041478,523.8800249013764,2.86945918803844,6.556751847622078,0,0.0
26.025138066869985,46.7215541417867,47.96716515606554,208.26547933454088,1.8630501513854416,6.839574437856945,0,0.0
27.60229926546448,80.70334529756335,72.93198671704819,607.3683503457041,2.912530906572246,6.762071471064821,0,0.0
19.11704687028199,70.30547999264866,61.31611257896666,537.2319091694521,2.56884654611307,5.6748277139663985,0,0.0
31.18396948381518,87.47687185568259,36.68667484546138,164.23640662029538,1.009464334080992,6.413176639956122,1,1.9969987731807926
25.70591019071647,56.97644595653466,46.81047526791781,238.11900134921916,1.9506550650290873,6.39472211679497,0,0.0
26.914634578568858,45.40729711685994,45.73795854120583,66.90362901245717,1.7262187479858262,5.955621876516399,0,0.0
25.49296669794988,65.32506005184626,77.56011009703512,66.28357208945268,1.5447715542647422,5.776158559176839,0,0.0
24.81297203488054,44.29053858547194,30.51865463087838,13.775785952426567,1.6289734851771123,5.799262988490852,1,2.922201805368243
27.513885632239706,88.47632616620034,25.374580237665743,220.47432548308376,3.355912116438806,5.766321653560185,1,3.6938129643501383
20.639084180822113,41.934247912859576,72.8371299297014,679.6612273970557,2.2157926699788435,6.70939550862248,0,0.0
21.09277821841961,77.6751950553654,73.80115937035225,316.2153881423563,3.119271795560299,5.722589575987133,0,0.0
32.650355557229794,66.2551199071122,72.30434527472988,342.73426986737667,1.5355428803824562,5.896587966012708,0,0.0
34.083962856271754,58.43103262491444,50.658614937533386,131.9053932554447,1.4360094991148709,5.826682606782571,0,0.0
24.3462583767558,43.292108225432735,59.584665696167626,575.47066765642,3.2219739707847745,6.569285248613547,0,0.0
22.602659443440416,71.10834620868039,53.801782853659034,342.1436415467373,2.2392617144561697,5.737593841588198,0,0.0
28.947992235063268,69.26101646954777,24.166869563264054,676.3168034302147,3.2378803132810323,5.5360974289127185,1,3.8749695655103915
24.94848090866764,54.04416365337999,55.750093814043346,741.4594688425534,1.1575721321781873,6.061338132877348,0,0.0
18.431568046225863,85.5110850705156,20.816848835366052,584.692875248382,3.2910888054407694,5.95764139172648,1,4.377472674695092
20.654594155225237,55.205500367141845,39.49924457342517,276.0695368120363,2.0386132908555576,6.0965570574336265,0,0.0
30.171527890405756,62.48627052960531,75.93755455239003,508.60779933725433,1.3884262185546195,6.630723608670063,0,0.0
29.201707012472575,67.18812279593278,38.242716178148456,251.93080468230335,2.708456723587985,5.518550363342743,1,1.7635925732777316
18.46063187255922,45.011593908814305,76.38959855865488,902.9128353539181,2.9922567082356424,5.556561402606338,0,0.0
21.77352675286014,86.60808596068162,35.00803742895465,766.3857500825573,1.118436818953501,5.883466947798712,0,0.0
21.928271541997212,58.72680762255206,38.87373442769195,493.00590600556626,3.4679899360467155,6.833812729419739,0,0.0
29.422176641178382,44.03896069371718,57.70444978631321,965.4571431781466,2.742567218290451,5.753611750896646,0,0.0
18.335079141824192,59.3645586837665,65.69761836735769,546.7554467301879,1.803504979144611,6.99555693517241,0,0.0
19.769845893737756,70.01012735462903,50.08326608029304,328.5354769569482,1.3782344892384764,6.70853884910705,0,0.0
31.59857345134422,65.68263359106648,72.92694123164932,95.46730079404708,1.9813285366955369,6.184204829693819,0,0.0
21.035259254923673,74.7270987018637,22.414425296637155,543.7456448134136,1.5514141513965645,6.62179336787291,1,4.137836205504427
29.09668383348187,42.77419710339553,75.33169031806224,860.4166115813455,2.2353830589952395,6.278222687405369,0,0.0
22.04910727779435,54.227030513602806,31.778467993724483,866.7187281564487,2.954731771225819,6.348988396959789,1,2.7332298009413276
19.690503676908868,80.96152884200512,73.05432470507935,604.5670666827484,2.6503259723763835,6.371157612878276,0,0.0
22.13392724699072,43.99468438956804,44.05179076918283,393.4383632342128,2.0898372619543224,6.473080769295432,0,0.0
30.278537841546203,82.77429773479787,69.96542335226226,650.2963080906799,1.297359811450124,5.591146285045885,0,0.0
32.54683995780686,44.59480460385531,60.299932988221705,762.1403545590395,3.3928923059200176,6.424747157404525,0,0.0
32.113737697638854,81.72271074458482,30.55649794869573,411.6247843941262,1.6759263136262166,6.575422872787766,1,2.9165253076956406
24.75212000351373,58.03942005393633,75.08285419288691,476.25416921492535,1.6945863646875434,5.96608470255507,0,0.0
29.357447321700985,70.6104531628608,34.731043429307576,680.616307377943,2.613755554596331,6.967868245710036,1,2.2903434856038634
21.48473302206896,47.644355782399906,34.64840712169995,876.6526061027464,2.926274055367757,5.7166676290171665,1,2.302738931745008
22.983511414437224,43.30843608625904,68.85073379824283,791.0103781422749,3.4603819132933737,6.865663783792581,0,0.0
33.237708914859034,50.79691020100675,26.35239533435126,22.391369320348687,3.4229106515695156,6.514674111918575,1,3.547140699847311
18.221032699682514,46.392690895434775,33.32215438222762,124.37234378458784,3.2844013105802015,6.4964717172831,1,2.5016768426658564
19.453645024525958,55.620294883981586,50.220654405263744,852.7781802855218,2.088283918458375,6.814033989879498,0,0.0
21.534066337482464,65.71916232555101,69.82862172119746,833.8228280450336,1.4166741493911204,6.7475938169509595,0,0.0
18.451047465854934,69.43797317825047,28.849038484236047,388.8067831487092,2.461178008216569,6.018151648449173,1,3.172644227364593
21.084402396526556,79.49340536898714,52.86009407074078,584.2779223576656,1.0431412638669202,6.558054703473567,0,0.0
27.911706536484765,72.81199466241793,62.67443550817637,905.8449824286463,1.4906220974884836,5.575903874030392,0,0.0
25.164217360072463,70.43791625647765,71.63571348295707,911.5586810070963,1.0063234919869115,6.196027648338715,0,0.0
33.17541908830857,60.58910137428873,76.13393361213318,783.0928457608908,1.451339781428847,6.9066658910864716,0,0.0
31.896540549553496,63.69042174800693,67.07839486813594,209.58893835967896,2.18689280849064,5.911134171701984,0,0.0
23.810894978863892,60.726041469509056,59.16970389332011,730.2828073539449,1.9833107777335397,5.574956183598275,0,0.0
22.410198368331972,82.10830150306916,46.01720511876595,101.09843234705662,1.923241412316598,6.374417487912123,0,0.0
24.454770938843538,51.500022627419995,26.726609251305177,893.938459454569,3.0773821598346562,6.032649644599691,1,3.491008612304223
28.03501402275173,40.28604657709823,62.584231551531275,149.1488035787145,2.6874907616141948,6.0695252051488096,0,0.0
22.557081893988897,72.56599486131196,79.56423826852921,662.3486401114509,3.341079407177765,6.373685780585223,0,0.0
28.610531433435277,50.12310918194157,64.20563568392599,610.2432742523487,2.113352726694181,6.432383589022329,0,0.0
24.959998087251087,84.50575681549046,21.002665624263578,776.8996558795831,1.6805741886898795,6.155982948372992,1,4.349600156360463
27.384802074483666,82.9523164853328,49.77559868251032,551.5775023584555,1.306711345083389,6.261323863284225,0,0.0
25.414150995300382,43.836368596410296,56.87879794897423,59.56657537573218,2.6800684892128652,6.989883635118709,0,0.0
23.005917912212603,45.319420270703866,61.380452066170584,705.8462540441492,3.1043527211791426,6.935721937051833,0,0.0
34.12370621835666,64.7585796123333,63.18355013604251,383.15455883526795,1.4593484106543908,6.560975608036456,0,0.0
30.981298500715933,70.46113313846773,53.486506472991444,320.28500121910986,3.1968818612813403,5.742219290408474,0,0.0
20.381923988029694,53.74541687411204,33.40161996405442,991.6735495337348,2.315690504238333,6.0399401259813015,1,2.489757005391837
32.763955590264516,75.83988583496853,76.5320396885928,590.3997659597278,1.3602015803523797,6.824632336130239,0,0.0
26.286330370241732,69.74580104594358,61.79998805981972,710.7190732694113,2.6071583122543873,6.135348874268777,0,0.0
33.207387857199556,56.241205487427735,34.21040221216457,526.3261369356484,2.300131853843034,6.933051474064425,1,2.368439668175315
31.59753935110436,41.26857440211578,39.339309936216374,769.9726459516527,1.0704588682818308,6.232452674888543,1,1.5991035095675439
25.228629575976967,77.50751406492589,75.31566023782219,752.0727354999752,1.9981080118165606,6.79265370130769,0,0.0
18.381978241441995,50.737683291254136,73.24911120244015,657.1461156801605,2.9619699823572776,5.553068349291997,0,0.0
22.567515109544082,81.72368717313142,44.30878630148538,997.7430614437768,2.388559383555268,6.151245542189162,0,0.0
27.20778164923474,61.01451300271276,22.29843331948706,459.79353408313773,1.7051028156563264,6.550392776123735,1,4.155235002076941
28.7691297370445,68.85387213158828,22.909842133636293,706.192348298155,3.3216044084563743,6.795346798514864,1,4.063523679954556
22.38409065236444,83.6474365204501,37.03509745510334,797.7779628049182,1.5944475951096497,6.414449339231842,0,0.0
20.36905325923801,83.18115004599767,57.74733316033997,376.0347095945443,1.6318400173315402,5.759893038911678,0,0.0
32.19381402558808,58.575978762178664,55.05167812007371,457.17502755361863,1.8865983657006575,6.82869124784888,0,0.0
34.734837071960385,50.44444463574216,58.02966721663656,969.1672663905854,3.2363446531403213,6.362219744010936,0,0.0
26.93673309914566,78.75730388642972,63.0369783159264,32.29101712660809,2.269063488563791,5.662027272626067,0,0.0
20.91854785942116,61.65401018010656,21.141935215564306,335.2956539609143,2.705447648064572,6.195770166084752,1,4.328709717665354
22.62922455082927,49.60209967795021,26.305135710346573,486.21296233866997,3.440660431275701,6.548415090289444,1,3.554229643448014
18.312641501306935,85.2212671158575,41.56900710963276,1.4649930691902346,2.9582407422309114,6.176523619474569,0,0.0
33.543079711528485,49.90520971205437,29.291599851294905,899.1271010066117,1.4315002966277333,6.806185160896831,1,3.106260022305764
20.0017684091324,41.290358409561556,24.51920255267325,286.24440021215867,2.9708848225999414,6.135541471841158,1,3.8221196170990126
27.80078008374231,41.013998688371,58.45786375983992,257.7048321094443,2.8708428730650475,6.375179034299742,0,0.0
22.658938751682502,71.11576782271321,68.92018864946594,820.3261953537418,1.581542486193064,5.816755654002854,0,0.0
27.42102604276849,73.08375303587653,65.15759944605695,277.98322850247536,1.8133745772190397,6.269029525067667,0,0.0
29.074146601981692,55.552085252849196,69.02238671655076,657.6225939020223,2.775320599657692,5.8342859648990935,0,0.0
32.10561066302243,56.00054946235317,59.95139264347263,821.5031439019592,1.5959827351696465,5.837780721924188,0,0.0
21.509161619930254,56.974695752997135,64.12071930885213,792.4768477103725,1.5204671725065482,5.919853813364863,0,0.0
18.18692908719417,74.00792733794393,36.30672645249808,781.9507374259289,2.7586819303258276,5.566298901171512,0,0.0
20.327055711169724,42.90668955134143,79.58048217704986,88.63756986523485,3.201488732049409,5.744964462609651,0,0.0
33.30031691141779,86.45581763456627,30.989939269633226,79.8469675723642,1.1875417065553,6.136540937999592,1,2.8515091095550162
32.85613131856276,51.12605220887232,32.86963246336295,306.7700357373875,2.114769338145282,5.696590748061004,1,2.5695551304955577
28.156022736895242,89.98366026210462,37.33530990895081,35.947881196017775,2.5179380508225195,5.700077125775621,1,1.899703513657378
28.208786627372106,48.57613468935935,78.51994580639473,500.4297365192644,2.6906919645801697,6.951897742571015,0,0.0
29.305623467286345,78.57732286561887,79.29731536123435,394.78206627021825,3.4904897809370725,6.140646044795809,0,0.0
20.98131173659864,51.17062724648125,67.69362498238985,557.0259125431492,2.7067299007918018,6.105599049433553,0,0.0
33.545003080724314,44.042340082162696,57.743455913578025,298.78853866969047,2.5503852824928854,5.901603482259974,0,0.0
25.119098923165243,83.74666621753244,51.20375451107681,485.754002990427,3.4743353807725046,6.268670738661203,0,0.0
24.513354980241456,82.9375629595446,78.23725074121074,334.74476585905376,1.1516703509454596,6.39409735248708,0,0.0
26.82160098980824,60.17851962248007,61.73736817149485,195.2080922233086,1.1860922403827456,6.127278282939239,0,0.0
18.798421435175936,75.11980712702135,76.68380769956181,649.3666811378149,2.401706316060211,6.090712774682627,0,0.0
20.82681726885335,67.85329663419586,38.993047968657436,673.4359014991852,1.8966615358739771,6.550640025466082,0,0.0
30.5465714792483,82.64780568368744,40.02648753617394,829.2316927497501,1.2417437843676398,6.924665051329178,1,1.4960268695739092
19.40757735472715,55.75279846593272,71.28347564710614,874.7517831537248,1.7661222402319765,6.81673310647388,0,0.0
28.2535858609286,66.18361999994926,28.99129523511766,704.4619043679154,2.6858862185191104,5.6779304003580835,1,3.151305714732351
22.170934864582456,64.26861856022752,76.75567167776455,687.498086697512,3.2015374092165754,6.478463005550859,0,0.0
24.6180254387136,57.69529131284294,50.44846127980445,56.675665336472505,1.2358111916413854,5.510571418751516,0,0.0
22.907793525101898,84.57275322781861,75.58483271502186,109.77924145817153,2.3503626562102604,6.449637666026247,0,0.0
24.046436179904134,48.29389623312677,40.20756732354879,812.5627103908733,1.7402889119910547,6.196530383387399,0,0.0
30.223780388132173,47.475431976034805,62.95753424836382,232.95126162363155,2.6683154082345157,6.23666957851575,0,0.0
23.051069165593976,68.84547676613757,48.97250731836138,355.565060217083,2.3736287361437673,6.382038411778168,0,0.0
27.62887888504725,72.8747114992471,57.608217814728384,145.29735367587682,3.3167775150554486,6.613983071933379,0,0.0
26.092856837384694,49.73096271622826,50.26234958834913,195.151968574919,1.0942097173747203,6.594186703971916,0,0.0
29.282409811165017,59.535872112731205,78.02693704228169,775.4172353702062,2.1750931873503534,5.566718547320021,0,0.0
33.92610556852088,87.32819214893718,61.526323868835036,261.85961951553827,1.4818988883767725,6.60474157945224,0,0.0
30.453725652574256,52.3308711345337,35.07913811757892,449.03496626419013,2.3419542716606143,6.744723971003731,1,2.2381292823631616
21.653986436042864,73.4180351058697,74.58061531430508,151.67137305923927,3.133948360167108,5.602258936653404,0,0.0
18.53011329604184,77.00746968487954,37.64178428930626,677.9299063160986,3.278291319465146,5.98441990101653,0,0.0
22.458488753097026,62.40643497325797,42.29630595805138,728.2697341334762,1.9955791580430047,6.688096115248046,0,0.0
28.116324821904332,86.87629933797915,26.127421881212804,361.69231789871384,3.0294513081645644,6.239660223552553,1,3.580886717818079
18.874238829232254,76.83283676093953,73.99799118777145,784.7466461227506,1.7012701868137636,6.542336603214934,0,0.0
26.438226202421017,62.89622899304489,37.16672139367178,239.90665192212646,1.0157623657979515,6.253473711397202,0,0.0
28.146328431587115,68.4667600888047,35.53505707588294,691.9038621001561,3.138097643807422,6.967333674712249,1,2.169741438617559
23.682146143888332,74.63067217125504,75.21575587969724,729.9645814204539,1.2985306060165365,6.904289609299543,0,0.0
31.105507463678972,69.60950902146091,68.331611744302,968.6573777887762,1.044027808407371,5.921717862859299,0,0.0
19.812170303274122,83.93487919130379,28.464735291162462,232.32166518671627,1.8844941584198716,6.078827232615241,1,3.2302897063256304
19.27734228950875,57.84443311402006,66.15947023422083,93.71048004275274,1.9484499740623935,6.147018996752978,0,0.0
30.379208855461258,54.994287002790244,74.78198588322743,263.0354222897866,1.1930504269306812,5.656306499415377,0,0.0
26.423352375505374,50.69194447476322,24.710673092644633,122.86219658211905,3.0354566162111776,6.106112420319169,1,3.7933990361033048
29.702840739271515,41.889148403229754,69.51289969427438,169.69430849430967,2.0139818255208333,6.662271731779941,0,0.0
25.392064756263686,42.15069821900277,52.84520311238336,334.1145118559744,2.224809034423986,6.770344422173674,0,0.0
22.188834565064816,83.50275965546413,60.15184696272804,413.9907467220009,1.6615631698820792,6.829199125657391,0,0.0
31.924739400461394,73.91965732029536,49.57126033429621,903.7242257513795,2.2787668808664945,5.521838500257212,1,0.06431094985556811
31.590069942472645,73.0266207718243,61.86818509431672,195.61577150002108,2.9168284765433343,6.683209058122538,0,0.0
29.809840004525256,70.7321409467443,22.045871700005193,971.7589759212162,3.265456788751292,6.253941526727852,1,4.193119244999221
22.626467332909364,82.46095723470523,65.76240339339702,810.1532098961717,3.426324001837873,5.809238717242959,0,0.0
28.03392133677448,64.01334628328138,22.000621871537504,881.471389893441,2.06680981150341,6.248117533767154,1,4.199906719269374
24.136556247980455,83.52054142791502,47.31799086484061,929.4439897402434,3.475084646921148,6.766390700022688,0,0.0
19.55689524655278,57.972251309111954,29.057899587817694,753.2411971411207,1.7373892793067034,6.151374051640939,1,3.141315061827346
33.59433078285813,86.33537521695453,69.41445664107843,788.7798316170611,1.0174398382126504,6.985691620898535,0,0.0
20.325916725622342,74.932849004062,38.819654550540115,437.81829660561954,2.919042609744087,6.425024777002758,0,0.0
34.15403501495364,52.858856801221364,47.24561267625995,510.45023467624395,1.4460891213529967,6.234645503718612,1,0.4131580985610071
25.582098140285247,68.20424608443125,45.72504447789869,932.4854267666343,1.1311370953096571,5.942333991801027,0,0.0
21.147259790256534,66.65152807441278,66.35011794108239,378.2559115526495,3.310022306494247,5.516576593958547,0,0.0
27.212316105432087,46.894941086516695,48.868661587758524,41.947073064207196,2.979527076242467,6.415822535033957,0,0.0
32.84007920989894,69.56214528753071,67.33750010062076,762.7543854747729,1.2566620038456406,6.366243319534552,0,0.0
30.447823068962542,55.7392811858479,24.410496608160514,573.1575117175183,2.942275380960833,6.275221532848788,1,3.8384255087759227
31.711539513644645,42.61743834048012,31.495638074179706,814.8759623433116,3.109999243567491,6.3065566809679945,1,2.775654288873044
29.199317234082194,87.43280788532824,53.09205497878164,75.55126661096212,3.263254162956428,6.765283556715946,0,0.0
29.768701596803492,72.07451845321438,76.82529948516171,621.2319904757898,2.3592351686659,5.9753048869603465,0,0.0
32.43632607661043,83.84594659354235,24.485470803306818,247.705887990758,2.7585301763202397,6.325380916000311,1,3.8271793795039772
22.244356150606162,73.80280025066266,22.58505296941186,903.2685944944841,2.9055981974025276,6.5199214387878195,1,4.112242054588221
26.320224381933386,57.84918460700565,29.393040495671343,109.90993974174567,2.721597337890267,5.814728390392841,1,3.0910439256492985
21.76056051093324,65.63440361644058,58.46918773160939,843.069272725063,2.6170840507639843,6.887229122570536,0,0.0
34.790356135943,73.78733801735885,43.93957500021483,88.55425197191036,2.368898131944709,6.605683787160866,1,0.9090637499677754
34.04900877467243,88.01261626007188,69.53314276506117,25.097355496998098,2.1979886354889233,5.57994310023411,0,0.0
18.6702557932646,52.68347295608483,24.31598908888195,235.05943004192233,3.4903125489120765,6.797660046906893,1,3.8526016366677074
29.994777932766702,83.74885293120587,31.784845208882064,333.0445409266838,1.8439019510553911,6.894805218040181,1,2.7322732186676904
33.72922139606632,86.20389026471346,38.00158432789374,626.5287718118711,1.2206719261113714,6.6905050723356325,1,1.7997623508159393
21.06978086716467,73.52077573294783,57.60380520132712,131.7245973610538,2.9125924125090688,6.139336902540503,0,0.0
27.6550689193947,86.56333137006689,61.110361418092836,437.32993359107496,1.5345609446737354,6.991565349576678,0,0.0
33.563301058996714,59.893929373868424,27.45219763782643,204.26360210287376,2.3317333990467644,5.686653849116366,1,3.3821703543260355
18.57708163595858,87.65080880202214,76.62828253950437,855.3033215470632,1.2395037915014266,6.304908762030363,0,0.0
29.85614454319628,75.13914385829875,40.46264811141255,44.96650795130497,2.548209652041977,5.755586206108809,1,1.4306027832881176
23.054933125333363,42.100288370940596,62.790125780016986,355.9377266885211,3.3600185097580555,6.159023204269331,0,0.0
33.714735321401015,85.34364159095264,51.45246313686193,631.3740799691088,2.8067617815173946,6.8911364599383695,0,0.0
34.50799016781125,64.22364045165963,33.3654868128264,913.0881780519389,1.5363369455665337,6.691391692602499,1,2.4951769780760404
34.052530314928376,63.01634923889164,70.77369938692466,867.9934226938952,3.4278451132221517,6.67312291229551,0,0.0
26.061641683176884,68.32333029898172,69.09428169151579,895.1919995171636,1.7677173275613705,6.030780701472732,0,0.0
32.65472506681833,47.469227338561396,43.7643112350014,62.85329368298209,2.0915374662283863,6.901405266165311,1,0.9353533147497899
32.35733977509619,63.45830242836993,55.31645514163132,840.9232614634595,2.2452925509320023,6.052391395980989,0,0.0
23.424708045135347,81.55636083588729,35.46954175615639,779.9125785441191,3.4767968584336817,5.559960153579906,0,0.0
32.09156306056151,40.774122956875765,61.391097724778085,902.431649275619,1.172228501797958,6.456701893691447,0,0.0
18.629129790163375,53.64585801621857,38.54160875722589,311.57626725800134,2.7418207360889246,6.04397142478884,0,0.0
28.1365879341949,40.122729322192214,70.6447240629341,911.7651062733667,1.9048271892318396,5.7305873323532746,0,0.0
21.910150233890953,60.78556545749242,33.04310625663646,402.6410850864478,1.1958132977560982,6.901987093081138,1,2.5435340615045305
20.04963705821374,76.41577552468674,20.888205369107848,634.0996855257999,3.337579144082141,6.455859301051365,1,4.3667691946338225
19.308204427696555,79.93859145573143,36.1104825180751,424.1789912069983,2.4746457978576633,6.910794534265346,0,0.0
29.836909189928377,87.25948805635034,31.4631491875692,427.64843051565117,2.8837950189719392,6.374468023441123,1,2.78052762186462
23.777874384057125,70.42523064853933,50.49718638349546,546.6370187949016,1.6009635889281992,5.595795489438658,0,0.0
30.321035115988945,52.73134333264477,32.22219749939458,355.9267096208225,2.903852306573559,5.544910770565564,1,2.6666703750908125
19.11105779358202,86.20739745683494,65.79139224316968,792.7369942692358,3.0711886000580417,6.850842152503434,0,0.0
23.359935743120374,78.7657876940188,34.48223828024024,633.6387354152389,2.077073493036191,5.558091905318062,1,2.327664257963964
27.171351970380734,68.72142415015722,62.418090794759344,689.7557615389456,2.4298911818699134,6.422763695774169,0,0.0
31.44229380226238,74.7820107859468,54.708255380823445,231.0348002217636,3.4296813373238866,5.946963711163548,0,0.0
23.41879254984519,86.21581775037146,79.17499138831306,969.5752884813924,3.1168241042693974,6.53148720865445,0,0.0
28.640153399429153,75.61970142364609,79.9940586205539,660.1760977729654,2.112125152670411,5.927083643075719,0,0.0
33.06162172001518,58.418725379236704,72.17156499903979,197.19586453039162,2.6614346468896146,5.555833255674235,0,0.0
28.469674199099178,75.65141011445483,65.59900215792507,750.4902434710338,2.9605786920062824,6.5962577091983725,0,0.0
21.960311070811773,42.013908136769395,43.187384840034426,173.7141032076227,1.0608220514456213,5.966353945395317,0,0.0
18.414813286461147,59.320778091529064,65.1966036278782,63.384896299508384,2.4709149665631758,6.326198390889824,0,0.0
32.79168085631581,60.31615159227896,77.40053222476945,527.5533961458343,3.461321533531771,6.660798729902799,0,0.0
18.361579984456583,48.34191172104173,21.40265452372665,553.5239541623472,3.367951624565828,6.554234952745008,1,4.2896018214410025
32.869928435631394,41.15427402758851,52.27488201186433,188.9655747315986,3.081100986906111,6.022856657806971,0,0.0
26.9919312784626,46.66906183188714,33.07989826330608,348.37894429215896,1.2655352328267133,6.621739988839446,1,2.538015260504088
33.96415087471924,72.73107478985276,53.47257895213103,945.769295678697,3.485103631290379,6.888521510537629,0,0.0
31.579315008152314,80.11444081818438,47.986825385533464,285.0032320874899,2.523845382844873,6.414961888774067,1,0.30197619216998034
34.964879879066736,89.4101746363487,54.546114893137066,155.56806076536867,1.5572706235737264,6.555259090966815,0,0.0
23.962100862679073,57.31817515542471,53.057733285123454,992.5619586654541,2.6856717240357915,6.798862209520564,0,0.0
31.042200911829156,69.96896111305509,77.60642235011372,302.3055363804668,3.141308905199203,6.765460924418917,0,0.0
24.832825531357116,86.85724834075609,53.131166536084166,680.2536731460787,1.2808194021190897,6.027401991228674,0,0.0
26.15788554516645,48.35208906690763,70.77392528749203,231.5601814392664,3.2910953582235614,6.98755089516459,0,0.0
28.66759287471229,75.88227931713713,39.18921720805079,550.1211969863894,3.300510703547488,5.542849000070576,1,1.621617418792381
32.85251094116776,77.74893665745816,46.28604132746294,386.28198660961556,1.0336610155782946,6.9800613576531445,1,0.557093800880559
34.72941897638802,44.44877679346692,48.224808562688594,961.5792611591886,3.2507978041584855,5.868995700079912,1,0.2662787155967109
31.060648035696808,83.06246925915326,36.723682600122785,432.8058745504877,3.367044795600391,6.160655575682872,1,1.991447609981582
25.102035296844676,80.65525235554219,42.787415688677314,584.1741841817242,1.094229492450863,6.825533106737071,0,0.0
25.163069038710194,41.67015032887172,55.910784768006515,944.7662659001471,1.7354158087701268,5.866493257791127,0,0.0
30.538899127011156,44.55422074400258,54.81126579827194,989.234299937955,1.9327687670403162,5.837172452635088,0,0.0
22.05921147806114,42.456344694592616,58.186120674408826,101.6583640049965,1.8722261801659754,6.464663143282124,0,0.0
19.87805992323371,56.737176589968115,41.10907492520846,834.3207120423889,2.897508093175473,6.558175788392916,0,0.0
24.028576679893202,65.46444953399632,38.949889709183424,382.1164941872488,1.8952611480596675,5.511206026301541,0,0.0
22.883062858119388,66.61738639773144,56.69707296524978,594.8287062056128,3.3914470247368556,6.17566635396368,0,0.0
23.03723804775183,53.383337988472135,27.9717049056515,375.0480789552455,3.487481563261845,6.23366346682093,1,3.304244264152275
21.97133176784847,85.5798443280137,35.1818926119284,401.11620565479234,1.7920471767656165,5.907752799582931,0,0.0
18.71558422381815,58.41313949359566,22.527664217179712,158.85753598511155,2.272001883016267,6.319164571943357,1,4.120850367423043
18.303856890468033,42.27750779826763,24.35665115576481,572.7664584278659,2.394264600750019,5.7318664085082345,1,3.8465023266352785
34.791280625512535,55.01135557706932,34.60299675563653,546.7159459447247,2.4485070749176545,5.985408702786098,1,2.30955048665452
25.27214327350966,66.55547112720777,21.17175681781514,189.35578853839985,1.9355224854882491,6.569858850331823,1,4.324236477327728
24.533553001714587,60.4110911294116,34.72463552524769,541.7304293339414,1.414983754897074,6.810679806803956,1,2.291304671212846
29.554003805782187,53.69212595496296,59.29857938372156,973.1018826310861,1.1364013543278193,6.384068442569808,0,0.0
21.71031609370609,46.56616248821587,23.66642470813598,714.4085958537897,1.2658716641245804,5.612266809011797,1,3.9500362937796027
34.149340127153835,80.95822500481148,46.204200667678464,480.9825595833519,3.253228093984603,6.518118804647562,1,0.5693698998482304
31.367865245064387,89.80726210620959,74.78652721517297,916.0839855813753,1.7009375165512677,6.846396731334545,0,0.0
19.51998703930841,56.477106676194104,67.47708973552406,575.3143565053058,1.1920574580276113,6.256471064495023,0,0.0
25.09887318834378,59.0810522088302,38.32625013769143,135.0479987278034,2.558824248860882,6.240537949154598,0,0.0
32.9450112285568,70.90187623384784,75.48832875149881,547.5096478124564,1.1882678781532132,6.987120369178433,0,0.0
34.060444378953974,75.92207373677707,39.77878980486349,180.97311536586778,1.1751323491725607,6.454446681319064,1,1.533181529270476
25.945825691247784,59.601476740179564,24.35092978025375,767.5048387476743,2.553926264678054,6.7090433524992505,1,3.8473605329619374
28.42799361658203,85.24647584909076,79.6433574060868,967.1742142947082,2.4784881104963263,6.4697402279143175,0,0.0
20.839577083565278,68.00019946144592,72.2013516313503,360.81858454333025,1.1036932173749003,5.831373529845866,0,0.0
34.8498666443286,62.51950382029655,47.95596699806554,434.91788012519453,2.1511945860923722,5.9261172759943985,1,0.30660495029016877
21.938418923518537,72.33363765799525,59.98259145154423,421.49646683863006,2.0894207697650864,6.498558638123413,0,0.0
34.026440160297135,87.64019241245866,60.27368467140021,285.29997579488185,2.366722824256388,6.184106695107867,0,0.0
29.04399303287026,79.72761472108527,31.66893384382762,794.179964878631,2.844611776091969,6.106521685324212,1,2.749659923425857
28.331525512940605,42.00065652675622,32.002917989217934,617.7283327469959,1.7070001189054853,5.5336779300720895,1,2.6995623016173096
26.715704687280645,56.61549553699798,48.17484220110955,64.05155685655961,2.0819507089595257,6.826553601098045,0,0.0
21.921386799201898,63.52723424756114,74.69438840826189,838.8063350231355,2.981856710902412,6.8267466847551805,0,0.0
21.00097654409364,55.72587861045526,20.599626491514247,187.08823115320726,3.306390976151422,6.191456687087075,1,4.410056026272863
21.748265554192983,75.00937804152284,66.95033815696155,979.1511617091211,3.228307432624695,6.551108812938523,0,0.0
21.169450456452328,81.31345749312905,23.451607022879248,376.66313900256574,2.1940773802351043,5.766729030602967,1,3.9822589465681126
31.25293605063481,76.56725475926358,48.69332689298707,616.4496471503238,2.3021644925052547,6.255716536875691,1,0.19600096605193898
23.952129405834413,89.46666434141376,58.272369984408584,77.8236188960304,2.3227636053803984,6.158298462849783,0,0.0
18.98332550157774,53.627382394651455,61.20555602494789,344.6632746883567,3.171788924268712,6.484920356217427,0,0.0
34.47474471239379,83.74947475122107,23.508755816954682,802.3539573607815,3.099848767345002,6.204468851716306,1,3.9736866274567975
33.02436004437824,78.33113325872431,45.11621704303809,477.20849195325843,1.7788313213633626,6.247651424003443,1,0.7325674435442863
33.77178881431862,58.10893787790731,55.03023563013948,904.6034835440229,1.4071242235550883,5.943568685520035,0,0.0
34.9134329849894,76.70622718284844,23.962732238360417,575.1384410508072,1.947436403730254,5.57263475245687,1,3.9055901642459374
20.956219236731283,45.20379782091235,28.105673395718586,928.5721953957477,1.721015958123503,6.875538638526086,1,3.284148990642212
24.736114321345198,79.46667411702762,59.81893937024231,982.6099070125562,3.376951812037274,5.518347435261136,0,0.0
30.890054086969553,66.61653012935513,51.2982917954391,453.89455951827597,1.664789198596629,5.921986642841991,0,0.0
29.832350506914466,54.614508635462656,29.709719676097432,565.156572577808,1.453016704317339,6.171416173291452,1,3.043542048585385
20.616230407777536,72.788865089209,52.11436021488401,834.9206432512698,3.248697656398039,5.9786385314386035,0,0.0
31.869163124840505,72.08099993572046,74.76154240666494,221.533005535813,1.2161965108901776,6.327876805094906,0,0.0
21.81548972122323,50.47431113597999,20.935255086521835,861.6295737811096,1.6506651285661504,6.192419522755774,1,4.359711737021724
21.804899451984593,41.51987074057631,58.558026409151275,591.9201403772696,2.0977779850014713,5.883214353795369,0,0.0
27.12856518918803,61.68112934508369,24.419026076320517,725.5001353845254,2.487768445399205,5.63203019635816,1,3.8371460885519224
28.079978892308954,68.47559346722106,20.38696657788205,79.8540226634452,1.8191822409332659,5.706302905876254,1,4.441955013317693
27.86146553324279,83.83026391852992,29.039269319638027,766.1876834534036,2.2405849923025123,6.229480103885521,1,3.144109602054296
19.555276235761834,86.41083978237972,45.37439791123516,310.78690457365843,1.497077966076516,6.7689183009786085,0,0.0
32.91683466471647,66.44026090783832,68.14063993891718,805.232276849842,2.435685300563714,5.650958337882971,0,0.0
22.515200724008004,77.69017418842725,36.90712979627352,509.1525383027069,2.0195420206991486,6.515809577805266,0,0.0
20.201753661807672,61.96516361639985,57.54039274332552,274.61433481563313,3.123149218171126,6.688136718768414,0,0.0
33.10871735777261,77.30410782864465,44.6693982773184,952.7596970216541,2.039335333471631,5.915158417472092,1,0.79959025840224
34.246075469905804,50.240076246958346,34.059907517960475,765.0623977114992,2.1095385447051256,6.502359239277849,1,2.3910138723059284
32.656169493512664,58.55323674017657,50.85482685697151,985.6860738736469,2.480437473356031,6.529986917024376,0,0.0
31.761773270322927,71.71139994068074,67.84786942235739,364.4698984122038,1.3079250101923536,6.56168909653964,0,0.0
29.13911367086337,40.90789828035394,69.94954220336865,649.2196335416387,1.3919879417657026,6.836213637399231,0,0.0
27.36457530035537,76.12306551694769,70.79117191263421,611.5886778637267,2.975594368068101,6.097789096736658,0,0.0
19.478774918493972,81.77677506340834,40.313468753298764,687.5567410688029,1.6835469478488676,5.865533706507139,0,0.0
24.943704622201878,59.95708305469758,67.60736388294518,38.31656604133082,2.71174232232114,6.315767301830904,0,0.0
24.335704789209338,62.397120858858216,32.73070730653447,291.7193238773741,1.2435674249430053,5.593822559853123,1,2.5903939040198294
22.415814323925545,82.56411061082656,64.305506074573,909.3375737908073,3.0546166507950328,6.000881395300678,0,0.0
30.298141932705946,78.78273176630168,76.903065576357,423.8200548722268,3.470570277297393,6.824837690070757,0,0.0
26.429887496339106,54.40747445166875,20.824630081457432,960.6436790815472,1.9342273630194609,6.29808634036632,1,4.376305487781385
19.377785670430015,56.19880532807694,46.42183587072788,213.50317264497576,2.2638252547872417,6.155012956359389,0,0.0
21.743114433146793,73.94391161952983,58.86625930484028,997.4239734810893,2.1067799495995057,5.898525866051546,0,0.0
29.61539898221313,68.15990462240806,62.10654622925318,697.5809089595323,3.2354693715975587,5.8755635270592625,0,0.0
19.294224611335103,48.11147855482485,30.565265496152133,776.3934240664878,1.024835094242199,5.854918032040479,1,2.91521017557718
32.47051753882907,55.49649546145832,78.33099651431557,396.8611722025358,2.6336483029095903,6.743850502179823,0,0.0
26.41749095923756,84.9991638439327,56.915922078258376,907.0081212606208,2.6309206820088322,6.977530558289215,0,0.0
26.169971814553016,74.40872183611317,29.860436073696064,545.4629009586221,1.9559625207448827,6.302197649909669,1,3.02093458894559
28.0709323392118,89.29871588427596,21.231350702750916,680.938380224635,1.5483341052925363,5.61975012575922,1,4.315297394587362
32.01957642072753,78.35062649903847,66.99585192738655,94.808271336286,1.5992067035375892,6.6265585689027855,0,0.0
23.912756534337284,87.09872160717951,24.782284366727545,631.6807008928934,3.0011603030347276,6.81558163513048,1,3.7826573449908683
29.52627459350408,50.80942869352377,28.46305526421419,879.0789882621566,1.1652577409373976,6.896842256484268,1,3.2305417103678713
27.617443387928446,78.57424374084628,54.489801611341434,178.2832282159881,2.4095603656858975,6.443163019032077,0,0.0
22.53948059288016,41.01087600738987,56.21033020697718,737.725934634846,1.767101507445664,6.2603212498882295,0,0.0
32.93670976803769,73.5380010855767,61.21322711554391,25.40075899465455,1.6631195311708011,6.430790971699619,0,0.0
31.55624236731778,63.464113906012074,43.61084075981724,926.2030165625189,2.26434416382759,5.519426076419469,1,0.9583738860274135
29.193681189193235,57.33800359600343,66.43392013800937,982.9171160311863,3.2446537656994177,6.483129812948125,0,0.0
32.459889394602115,83.12021761465445,78.46151597695332,354.18006679809446,2.5452297975933273,6.564469589883322,0,0.0
32.74400141631664,82.71338463287654,36.26569658479298,107.07384971533484,2.971526569388309,6.583045521456833,1,2.0601455122810535
30.042170604155594,41.11508524493218,62.181716992276755,658.576368163145,2.5017094481572024,6.34460767136412,0,0.0
32.22922658218242,70.47525612247155,75.70811914370941,29.834514147479062,2.744289449681852,6.550066556982044,0,0.0
29.857014848377823,58.39161121604782,61.17720575702256,482.48628129718674,2.081019121983239,6.458248586095288,0,0.0
29.562393119925105,60.78305007502246,60.86656991865557,271.7791751378865,3.3149540880204595,5.6732926297634485,0,0.0
28.516393429658134,81.60203696093879,33.4263541451124,473.3390539528769,2.2548475510979022,6.847550154103654,1,2.48604687823314
30.796182872479903,55.49198857638392,52.10781201918158,18.27551473835698,2.3794366730669076,6.434091261531835,0,0.0
20.696286789982253,87.15244053188101,53.75137061627481,51.61218307070647,2.312413758137124,6.59169155572454,0,0.0
32.97480290638178,48.981691318607034,62.00777374735717,15.975828843382335,1.790472550412296,6.014331279876176,0,0.0
32.82133997166895,73.13612116840889,79.80928699377095,619.131870047114,1.578096088997964,6.878859274343628,0,0.0
18.497203811587504,73.60525335068823,22.018629352625723,560.0929176752085,1.1845874102888876,6.253923649283037,1,4.197205597106142
32.03888475960096,52.60975807139591,23.91395967604921,233.15799853660445,2.7954374550063714,6.518508987487986,1,3.9129060485926184
20.190787747048567,56.237530448360104,24.677004165855124,646.6431289040213,1.723188157925927,6.928273090896849,1,3.798449375121731
23.697020522405413,81.73992462899702,64.57874806933741,884.207256894975,1.9729949079890179,6.87412411739929,0,0.0
30.639640356957333,78.09026274774763,28.18122770664545,277.32210102611367,3.299820406815532,6.467198156108061,1,3.272815844003182
20.73291823282124,56.454794015737974,57.347112469420715,831.9938078789875,2.4161183735296845,5.748612087299867,0,0.0
31.90543941002406,66.69782734674669,39.48013267360751,662.5091360021815,1.2426951597598457,6.925852646460424,1,1.577980098958874
32.14628102528161,43.08401481265477,47.43919737264266,33.82044317298316,2.9990297820596243,6.9762035459664515,1,0.384120394103601
26.626951473934216,50.437294119931465,32.939789589044835,375.14989582943446,1.6403264977736387,5.655095043073024,1,2.5590315616432746
18.10855981918617,64.29102794301996,71.96639367827252,507.7572158590171,2.381764606615456,6.175446523177455,0,0.0
22.879648263973518,44.29868676396058,55.16901944978158,731.6991899547214,2.2749536871599765,6.322383345769265,0,0.0
28.487757612387618,82.16661774459688,76.67379581493515,287.13055825341695,1.5951971058797016,5.638122310703386,0,0.0
34.6801650264662,75.9003105053824,54.47577498225977,982.7301048579324,1.2894275869864527,5.78451992418949,0,0.0
28.74082995928336,87.18168353242474,27.4344818358168,684.5397405050858,1.52815401623742,6.306558086619059,1,3.38482772462748
22.416660878090717,74.67334529820135,30.252226030308528,372.8136771643605,1.243344498909914,6.9446341717759825,1,2.962166095453721
28.778096952693392,87.02006861310929,79.34443858207084,97.02503907711201,1.6890700473802531,5.541714963893137,0,0.0
27.179751455169544,67.72562778454825,63.53391183985207,181.36776027080992,3.4932437768436615,6.86866461123531,0,0.0
31.25737171756944,70.01093055309846,22.95672500174538,487.6077600551566,2.005230663103456,6.847912255074086,1,4.056491249738193
19.818670860058294,88.84855273131305,62.226860302079885,494.6953549583667,3.1597209783375257,6.7857679527798345,0,0.0
30.937474342534475,72.10645734321301,44.7303828085767,767.7187648213535,2.372944230322654,6.066326392996366,1,0.7904425787134951
27.201531837493874,41.53932844303733,38.43250320939143,726.1766255722525,2.6664576983343324,6.236235305812004,0,0.0
34.37086406560291,76.19013883152616,29.243647623832057,201.2730385178173,1.3908699243763905,6.105391958988809,1,3.1134528564251913
23.811826822657665,85.27343460687078,70.39423727339394,594.9566205582651,1.6870146685549385,6.921379279643243,0,0.0
28.75457218327712,79.77901248971634,23.830482739346042,20.62180074288833,2.276108557572314,6.282025929660859,1,3.9254275890980934
33.84447779367029,69.19166363127113,37.39012774277842,398.54739938433335,3.2028585855671015,5.620918913000565,1,1.8914808385832371
19.742665375841547,73.56517565467581,38.38297362954226,764.1052405716058,1.1072200897123503,5.911089766466766,0,0.0
33.93288428301967,89.50958946258359,29.65431703781002,399.5085932871665,2.2672998989143025,6.193049819372131,1,3.051852444328497
29.694057279113828,44.53310442546692,50.49109299721222,835.5962398014242,1.1275305312710748,6.930333898476691,0,0.0
19.153230004787922,73.36224143166197,20.702157608653557,976.1552901252816,2.1420566911232064,6.353426635933459,1,4.394676358701966
23.116380638095876,54.169884728529695,38.05853092462455,607.2126026993657,2.572170398331592,6.544108934752009,0,0.0
30.038925506969786,72.0045198293085,76.01776664198384,145.00407634175662,2.861807978570768,5.632779771000741,0,0.0
19.144960224969118,70.38117879419694,38.631774160520344,379.6772079054107,1.3463300131515668,6.815986068887122,0,0.0
27.896897822996646,47.6728416054081,41.6275632264051,9.483355068375165,1.4164382086533702,6.308527333020681,0,0.0
23.880011968200265,50.33733228701196,48.3899028940443,602.7259238407527,2.1751623042294765,6.8818426188109125,0,0.0
28.55556380204711,71.08147890216068,53.70160249108849,821.5685009737982,3.495091144947685,6.168215028085834,0,0.0
18.77761457481272,46.41149736518871,68.52251868924463,629.940078923043,1.8901170891419086,6.524625995417376,0,0.0
32.8161257045904,53.25904375651614,31.41927338936106,786.0862291834499,2.0688185684072757,6.20625789059045,1,2.787108991595841
34.54931247601574,81.76227738690012,72.30478263155342,799.9039272758866,2.081116857036379,5.7138368942714655,0,0.0
34.470923539856756,56.35457530008193,65.45296142863336,851.0125762174638,1.2017520533927386,5.908074966933012,0,0.0
30.74408113962972,64.40300781348314,63.359020079693316,266.6637829975542,2.935430363224988,5.600885941661771,0,0.0
20.211466082220745,87.05701675729202,25.208274422878112,871.2685228204219,1.6327538110652686,6.16039951436767,1,3.718758836568283
30.89047433079338,51.35745444184732,21.29844139847508,654.093998463491,2.7591676422072995,6.47401231519202,1,4.305233790228738
18.417977579799626,59.481300867900515,55.64076205448504,289.72555659448693,2.187724697088977,5.865566913714474,0,0.0
18.376100375992955,70.32288877717728,71.78803775138968,987.2947149962611,2.52944935554846,6.235582087309906,0,0.0
23.5013737255422,77.76694647519861,55.06648784843816,950.182393731669,1.1349290912374905,6.188460001357244,0,0.0
26.306934236879318,85.08266933563526,32.79409192673185,574.4409832063993,3.2249142110414155,6.300130736355011,1,2.580886210990222
31.096926102732482,85.77364937867576,25.431193876952793,843.2083783995636,1.6096419235492834,5.776877000540618,1,3.685320918457081
29.616021402310587,78.83200371863114,61.9757871690641,261.4944887198717,2.6752384687520925,6.3009761326102804,0,0.0
25.58034600840472,51.41654182966552,63.30621663906857,416.03699661089,2.9950477801654043,6.046308335180757,0,0.0
22.65165332678832,41.24046650212829,30.35190204122652,183.9717607438337,2.350096793207993,5.929062773438572,1,2.9472146938160217
34.95111650268109,59.18869651778119,21.691418929792178,520.102642629248,1.8433350551965604,6.378973021035423,1,4.246287160531173
25.24508213801154,47.077442549391165,44.49701079339182,496.0014300716653,3.444758436202692,5.722055205252379,0,0.0
25.673579413604482,75.5193823719149,54.96312212798133,212.8132259615664,1.696099283176739,6.850987975911213,0,0.0
20.781604960258377,73.05652934128584,62.36014457403147,672.8016937160976,3.371655842808176,6.902279219484573,0,0.0
31.5117623287488,42.19858208107274,68.59670054917416,117.79029552541253,1.3905603342118293,6.490914534692923,0,0.0
29.792597838285307,81.82968895654756,56.63224563840394,61.69145106971119,1.9730553288058588,5.9547320344056,0,0.0
21.753083417408927,52.437163314559115,26.6528365159091,384.9049686623861,1.3462389603682556,6.439008805039621,1,3.502074522613635
19.400477775469327,61.611353774552114,60.95490032854489,409.82477778470496,1.0056011826842401,6.402285199792222,0,0.0
29.568488135270123,73.39668677278712,79.05059857369292,319.74060652648615,1.6506463509911873,6.086876472444005,0,0.0
29.126690642779298,61.47093934261267,74.33507507584423,257.94663757825043,1.2180260022973868,5.930870871059964,0,0.0
22.645411958969557,62.06439013999717,72.30013455617076,338.77634500953036,3.465863807725868,5.752679428468349,0,0.0
34.164680558256975,43.28139976678702,38.13020920150045,163.375573952103,2.9041332948795064,5.826075760038476,1,1.7804686197749326
20.567984160275305,60.07217746300019,65.04729058724004,403.45246913287735,1.009261990805022,6.4795448853228415,0,0.0
25.349691617724233,78.24239466099917,71.06620675790873,904.6033735174437,1.5591164620589804,6.828841496598686,0,0.0
34.04147064284918,85.7588168593299,60.69957227787579,224.42688120883824,2.6753106032092924,6.077434082403184,0,0.0
25.13536438774408,60.67485685316859,35.03370539407883,684.4511043503504,1.9963802829118862,5.682849226752748,0,0.0
28.854941110289452,61.17929134395394,77.2300383124975,141.78451039783934,3.0796064076105685,5.519209452476874,0,0.0
24.759104765367503,75.1313553161826,47.04916468752055,353.90662401023076,2.262151945939329,6.108858482593578,0,0.0
22.66165843992739,87.13860005526382,27.788333519952765,321.1747805452563,2.6341285493310727,5.848850426779613,1,3.3317499720070853
34.72762001531708,53.35304701196801,26.58667370344352,937.0293944083278,2.4925934939862016,5.983833350513261,1,3.511998944483472
24.95867810735573,62.00721032689684,58.851139237942746,427.98205580180894,2.5954222515590857,5.8625048117586935,0,0.0
33.19968646254529,79.79866217761506,46.26257878500435,690.4659437813839,1.5752471345679502,6.496221448112142,1,0.5606131822493473
21.909228300148463,70.48467846870193,25.669032510737818,602.4628089713293,1.933223598015479,6.457771451267188,1,3.6496451233893272
21.622779968426414,45.52931719819774,64.42187432936568,141.0300752847614,1.1265731321612285,6.86845678676622,0,0.0
18.529279409036693,71.38663677811329,67.95951003551718,939.5404510306183,2.4690912867205217,6.549617372267011,0,0.0
29.078336031390045,49.337314229866344,63.52493784718708,345.8692918557632,2.1481461551894387,5.747412070892255,0,0.0
24.26494784330394,65.5107967039202,32.13565266104077,44.758355783649726,2.901790372547681,6.627391643962069,1,2.679652100843884
32.69409024727383,66.45516338302193,61.38652735976416,300.44370684418766,1.5159561615541053,5.771901793828659,0,0.0
26.044568413756473,83.81016811124924,20.643368173663106,335.6337258823261,2.0920302901695047,6.33790132891564,1,4.403494773950534
34.45928827455027,63.12471370062191,38.306728380704556,92.74532737872721,1.4518635826434656,5.615617314228089,1,1.7539907428943167
21.15393376695306,53.972121111794706,43.929291884452624,619.9774063799429,2.534948063121105,5.570987585451473,0,0.0
32.76659385524538,51.54831741080158,70.1148169331301,346.76420554154544,3.12007564127863,6.1963449889362945,0,0.0
31.20214649745961,83.7125938342168,43.42366238416426,629.1346063309709,2.9136081211224627,5.657475342163755,1,0.986450642375361
31.105671358948882,48.55054272091142,20.676166771363896,6.740563589067161,3.360494931577218,5.959999907323122,1,4.398574984295416
32.36131487798709,61.29342804415718,41.14078470968056,982.0483989907525,3.4293144546589778,6.008250067470034,1,1.328882293547916
30.93740784603098,49.35865574634735,49.93544590155723,170.51635854468162,2.9300846689549767,6.654140378570702,1,0.009683114766415457
28.64574546773406,78.66520200571877,76.94028720036641,659.3309867049364,1.7170152134506467,5.999020157769545,0,0.0
20.23116292060059,63.71863199873095,76.4620582273727,715.7843032795155,1.5481534430382955,6.241450277382747,0,0.0
18.552945051351283,57.557184527840604,30.852442293284696,171.60834974747607,2.118872586372359,6.6588788950007505,1,2.8721336560072954
33.654413412866674,58.05498203132334,31.108792504367095,111.71228210241857,3.484709236442802,5.807347460274823,1,2.8336811243449356
28.483055346852545,82.61071033614897,29.802887387873028,152.57719184480868,2.0316700520428883,6.707346088356951,1,3.0295668918190457
31.541133946594996,67.68869771472191,67.3353159448462,246.81825584494453,1.4976710264306718,6.74769219544295,0,0.0
26.185879975713352,75.89339255656319,20.361322422104383,168.23211799290883,3.3608571944581023,6.983270192753777,1,4.445801636684342
19.994239212360707,84.85192581253423,27.630631891512643,673.9994269560816,1.964794943990057,6.166071518296459,1,3.3554052162731036
20.128158467443356,85.08708380203211,52.27757789864594,420.83320372606727,2.727247218069077,6.055973992990654,0,0.0
29.654609882892515,56.42545271689316,34.853724013205934,537.791594515363,2.970382446536467,6.553007905862817,1,2.2719413980191097
25.315200213290865,87.62256315731926,25.541387494355725,47.33678880915826,3.107889755148835,5.587226675906175,1,3.668791875846641
21.408920353905724,41.24379410073027,41.59268074003006,861.2489631007232,3.053200967806976,5.559627267294783,0,0.0
26.357107294604425,58.84177805080829,36.45245630361468,170.57155320619222,3.0906171574999504,6.00248629519856,0,0.0
19.09155193027728,84.78994287544208,50.66625839085707,360.1523314550882,2.669133568944702,6.594272632264905,0,0.0
27.893513832544777,53.73184399084914,78.75401562981175,71.90163982776699,2.00957767318115,5.674681665517156,0,0.0
22.57288787539666,53.654072516065916,27.458278208895106,136.79313464832964,2.668217135159593,6.453320272318654,1,3.381258268665734
31.5585047108322,55.131114254094435,42.36360229004566,665.7994099756614,3.091835835149783,5.9042578979494635,1,1.1454596564931505
23.276153301700752,70.61566924234612,75.91910107234848,692.587002255689,1.8766061615610528,6.47751200902825,0,0.0
25.73874253439062,61.91663878071769,72.61238260962935,676.9654846253521,1.7412699757301002,6.185464185833988,0,0.0
18.19754917843771,76.33674181766713,43.65626208705684,552.136787846022,1.8592680427629087,5.672727512942052,0,0.0
19.2315970925075,84.7455321282333,61.93719587118419,952.5216640119066,2.378208490073421,5.87092422214446,0,0.0
24.672390458913643,73.70996874714302,25.271420814880734,507.1771607685764,1.1311096870348614,5.829570630839613,1,3.7092868777678896
26.1589601901911,50.22333600987878,62.752463332616905,449.4120292964465,2.9474270475421,5.746876889063455,0,0.0
28.200349318028163,86.6340951180251,78.37146376908449,247.5455657171435,1.3471298961255047,6.202518172607165,0,0.0
22.958263838058155,53.224643667373925,52.2492891700515,98.8495292666126,1.332096641960247,6.931998308975493,0,0.0
29.814692064151224,47.49471476640791,49.909413622064854,548.1549299661788,1.4941478483902626,6.487133200436481,1,0.01358795669027195
32.622080752216476,44.49836394304805,31.23911718211462,314.8901866928281,2.442318587431246,6.754003047247162,1,2.8141324226828073
31.257466811186944,68.16918703330828,58.027291934437514,524.0253831905152,1.71392093950989,6.97162028354721,0,0.0
18.67352003092207,45.68812312403259,55.426236846734895,206.1190782604797,1.9202258224663806,6.310933994790352,0,0.0
26.168618103383093,46.93879420563154,59.11598356854503,838.1726722079113,3.3291227774453196,5.857105113529562,0,0.0
19.783813033108974,55.00152402977483,21.564997201083308,999.697209659069,3.118005449942463,6.89171651056538,1,4.265250419837503
22.114765269662968,54.082650484223194,52.923409300944414,322.4035101206495,3.130476332761956,6.548475983607637,0,0.0
34.77326408554149,70.21197551660711,55.69609060984238,842.3276072603297,2.4441045833149695,6.938411890820525,0,0.0
20.422424229325724,80.83726397363407,32.451808124768135,872.9861363924074,3.166165368226202,6.476547942483286,1,2.6322287812847796
26.48109860867305,78.06748281014461,32.49997144931216,996.0737887570797,2.946414563351384,6.662717515043907,1,2.6250042826031756
28.508647483408026,53.124222735823835,36.57309011065699,342.72012977797937,3.383092007277656,6.835954292168317,1,2.0140364834014512
29.941904499249766,52.265524899298995,62.70329550363426,756.0413937141058,1.1609210125547889,6.638873967280122,0,0.0
27.51402761927754,88.28957650534838,56.3759638119423,228.8090036419854,1.0718178341348321,6.343968658019083,0,0.0
18.166104406126124,40.41181207959801,70.74575876706828,624.7960012921433,1.4375748518097278,6.2078813983922085,0,0.0
23.54984224014786,83.98602665301078,37.73951431058589,704.8425694728377,3.322712051269939,6.735066002369268,0,0.0
26.801097937540092,49.98642595612025,74.7240835932991,741.1206925350964,2.5139127648856148,6.657978719231033,0,0.0
19.493730485462166,87.36421615448839,64.62236971900151,207.17216858446164,2.0652812942382024,6.049646235896525,0,0.0
23.960657830556073,57.115364241375985,43.700700200821814,848.7255704961948,2.281777653690379,6.247497951013231,0,0.0
18.564452849453232,62.017588694662614,25.715723937527354,420.9718603925419,3.0740114705691752,6.452486133828538,1,3.6426414093708965
19.335834451635353,75.35603069721904,35.419019749248946,216.36951773455505,3.32277498950981,5.542555328578221,0,0.0
24.747695695427133,69.38345257366302,77.40609303289102,542.5310883719015,2.824247085777275,5.871353049897469,0,0.0
20.256167818732024,55.89696648534114,38.62180255304476,863.3571296069421,2.8996195823432407,5.875321592607034,0,0.0
27.648194420446487,67.69154579339117,39.79405760894387,967.0879097781137,1.8009451104095948,6.824847339221968,0,0.0
29.72090447533352,76.5353442181443,31.375335865863022,748.2078217278744,2.167587988186348,5.997231630244437,1,2.7936996201205466
31.60997388485441,42.116747295124604,68.41103606832593,5.622886271362426,3.2130254836779146,6.31771508169687,0,0.0
21.40255415216177,40.559965262785205,36.538653814536644,134.70076046595614,2.9648352751814437,6.747379700506342,0,0.0
20.847203898404185,62.903346953644565,39.815494902131334,76.27398643886573,2.710677296153369,5.889540718815004,0,0.0
19.777653285684803,46.59183089017571,44.8608865058976,101.21374299388475,1.1631170897203011,5.685635616200297,0,0.0
28.819314242241823,73.21721457323572,46.02369678647658,383.0349560197751,1.0987680486348872,6.92253970976267,1,0.5964454820285133
30.01008735027732,50.70262281137171,44.6804474249013,338.4933148286278,1.3260273577849877,6.557024404051244,1,0.7979328862648046
18.536964462035915,61.64255533978355,50.22462172248372,113.68498126831005,2.4534777479945835,5.765580648520212,0,0.0
33.91560818614273,49.88354684371345,68.8707727769842,882.235351614249,2.340967118352875,6.729567331018989,0,0.0
18.883511822075032,67.42417928745623,69.15710244452131,615.4275763323602,3.3567270663676347,6.680689920003378,0,0.0
27.202037700118197,45.802672969228446,67.89878802580081,796.4633089564489,2.736899100108491,6.756311646213229,0,0.0
30.05402883066558,41.15534263937401,26.067490346989253,371.5493888554309,1.734931543363565,5.914318864981344,1,3.589876447951612
32.806475103683454,42.55658190533486,67.98072819648885,410.2360162875679,1.4037407345392432,6.172869510083457,0,0.0
30.139477846251275,87.7129220757655,27.215106409194608,317.621210536728,3.123833098320955,6.54051061484217,1,3.4177340386208086
31.62937741218646,47.11431093054679,27.48342620313548,438.4266120984911,2.1490602592225603,6.086001361344108,1,3.377486069529678
23.7706532732277,75.42391265684176,76.87176629809764,610.3772623550536,2.633673743522122,5.604958258324399,0,0.0
31.85202693369071,43.39631021114131,69.16387068233249,492.9840078402414,2.4128590164770074,5.704674630993154,0,0.0
19.36195238853948,45.40801761175911,53.14462801208052,837.9170061884503,1.2686408653415875,6.395670257646145,0,0.0
33.21188315302897,65.44381257046673,72.49821226867172,900.1391686098242,1.1426459592045677,6.062752299397933,0,0.0
27.309070394613514,63.243546507717184,79.36187855311178,469.6838533675992,1.942545474291034,5.508070197714561,0,0.0
31.894062089362393,87.57901547199347,56.63852399790665,239.7479803486494,1.9038757438642941,6.650281790464147,0,0.0
25.689410836811103,87.24177265103687,56.773906218891085,945.1924194593089,2.684495282422266,6.125055614192742,0,0.0
28.940820818340924,78.98043212712325,65.26562174959568,735.0386430509227,2.5805010227529044,5.970653928168899,0,0.0
26.948845235913925,70.10509150636749,33.92833714191997,640.1270860538799,3.4223523211599858,6.5702787685766495,1,2.4107494287120046
30.437021869840642,62.74801586965055,30.027491691127963,745.4137336239759,3.145248756928929,6.182663228479605,1,2.9958762463308055
19.387709694520023,57.808926716421055,65.57484500090436,75.98178239692288,2.24145631443822,6.542246664088281,0,0.0
19.025985427839586,87.35437734877777,40.69428769964614,67.62632763767252,2.250063381406739,5.519797123571834,0,0.0
22.20075497817249,70.14544057123427,28.10422137835604,153.12065258098738,2.6853230727817357,5.514130171127237,1,3.2843667932465936
20.712259561924203,68.95362638429972,38.892663555064985,147.45096744053242,1.2852264569331888,6.339852895615567,0,0.0
32.82032063206743,51.595056088445745,41.518212072474526,420.67047484940446,3.4997264115784814,6.973318051342762,1,1.272268189128821
21.72663778508675,42.33489089425565,77.91365957034144,157.40408228536418,2.2970202531090598,5.908535856877498,0,0.0
34.58970934892523,87.25942898797723,61.87758266527539,854.5256442665965,3.274762184772425,6.524340335750013,0,0.0
23.727228460108815,55.6867629422327,51.85137904398404,578.0969309280258,3.41839083663052,5.7583863143540235,0,0.0
21.096004566707887,62.129451166222935,78.1323883209563,368.2618963502514,2.4541068497556635,5.967322947641251,0,0.0
31.424874621422145,45.731997179285344,74.18838442845083,69.62253822526709,1.2583716188119385,5.617112335712812,0,0.0
29.198032183514893,81.8462164954646,50.720051396849584,591.0277959591251,2.4333645210499277,6.821189739935267,0,0.0
26.469327179703363,41.38159164279653,74.34077812261884,116.53282059212633,2.4941060929149668,5.965656102329745,0,0.0
27.44118036593973,81.69953810495483,44.258279483759395,743.2202504026062,2.9729828419333275,5.8456996711044855,0,0.0
30.226430230628488,47.01425063939834,33.82523992139748,802.7580967438215,1.1205731674872654,6.595906267659851,1,2.4262140117903774
21.883730602632077,84.32820563155761,33.96069060932511,543.9762579598412,2.1657884179877347,5.799160233415739,1,2.405896408601233
34.93767657296461,76.48863186680788,59.7389314665276,149.60285914085748,3.306925645842033,5.8604130407475745,0,0.0
34.57148375649531,48.233513125365256,50.06421924243662,786.8627237404655,3.4782476966966334,5.6554243804910715,0,0.0
29.055536667897925,68.2908996429734,59.537050820326805,307.82778925933394,1.4784566968980941,6.944307863792315,0,0.0
21.392221665795468,55.63281571776098,61.164557855730195,222.65314275345983,3.176497481837588,5.871456624282518,0,0.0
29.56388012133195,48.91165494557917,21.339372373863057,470.5566410184253,1.3656264040766102,6.993494954203574,1,4.2990941439205415
19.22737295264599,82.95910997055542,23.24237554087414,922.6462413829179,3.1029360864197426,5.764224161452718,1,4.013643668868879
18.521092537498703,60.17613832536147,51.960663595475,297.3732920745237,1.693194318669159,5.530977774967255,0,0.0
22.380609104690635,59.92718571826913,31.462128665604613,905.5785009726203,3.3990631651228562,6.843540420166425,1,2.780680700159308
25.864590264568378,48.494333740331,57.95202612826638,53.65330873982788,2.738741877251593,6.370025877760173,0,0.0
32.76063259194247,59.15328380428893,53.131144350238884,83.52370501794681,1.9977765034743988,6.0271149999761935,0,0.0
30.361874186027237,83.5808423164425,55.145621502253476,698.561025135247,1.7024333247704155,6.270009493685577,0,0.0
30.626010860399678,58.15643552448179,38.14732278986064,190.59266144817556,1.5880938186861133,5.891090432361143,1,1.7779015815209043
25.233386685617283,87.5801781249894,58.3906103766738,316.6206831966254,2.7019808174989626,6.452138275422437,0,0.0
23.88089487329837,87.31544496041937,69.76955818910139,136.37298098057903,3.239477506442204,6.424702837513849,0,0.0
24.307658970738245,47.2449329653673,79.88427521553423,332.24826913254833,2.887354924035859,5.620288433559534,0,0.0
34.790042583512985,48.86556267613224,70.30666317033285,280.45999389246333,3.086978845041356,6.866032150901615,0,0.0
18.681856254012203,83.13370351659447,53.449925580796844,736.3376389889836,2.953459419086343,6.190788013337663,0,0.0
32.739535434081624,59.63804594623596,31.605775500797392,702.0233881890439,3.4478691662450482,5.792731198123335,1,2.759133674880391
27.837481945730687,40.21869911415047,60.886752567189255,954.9271764283654,2.894512317065812,5.961075789154023,0,0.0
25.456462126223038,53.69359098526855,76.25922713347869,724.4216851730408,1.5255712961756844,6.79933263225641,0,0.0
30.32938022705732,69.881449659778,32.711992383938146,694.817753021385,2.978996163686287,6.074777757973152,1,2.5932011424092782
26.27337200421995,79.96329829799839,35.35973723159462,694.2038890626517,1.8051734024620023,6.342941756793443,0,0.0
32.84819504738823,46.66943085466298,28.94051260469907,882.9674556481762,3.4894996566571455,6.921534602324427,1,3.1589231092951393
33.31193168819139,45.52706822083677,64.2032986175841,296.2367328755501,1.9416815502503664,6.4775746563729495,0,0.0
25.16925575684874,86.10463267861658,44.39369020541956,300.0921091938042,1.7319843896180747,6.513575115888403,0,0.0
22.706072552995877,77.55741839112913,23.761738333183043,741.2138097049368,1.5980399637722789,5.872853255743113,1,3.9357392500225434
28.069955586087158,69.48898003890392,72.49699948941681,228.70513715012743,2.6462866301459247,6.502442777541977,0,0.0
33.51017687548375,78.4593394997964,53.460314282154,912.0200041479699,1.273052720968828,6.090704116288752,0,0.0
21.581257213096332,61.442718065331924,39.865657520021344,534.781725086886,3.3838997043324297,6.8665637268995106,0,0.0
28.590431920579206,77.92278736545633,40.638978563665816,300.12492809283174,1.7357816966078428,5.694308271865865,1,1.4041532154501275
28.73652374157285,58.59014956372678,37.415073211454406,776.0999296899824,1.7385015275961806,5.928460524495442,1,1.887739018281839
30.46292138105978,52.20472862463012,47.32881034355851,312.32062987529605,1.1151652392676477,5.599001092963317,1,0.4006784484662237
20.236650647163415,76.45067106464843,40.2225013092887,963.2783170718717,1.6150437946839356,6.071355773755002,0,0.0
30.169024399595507,60.983614607863416,52.87677824423656,982.9892097249847,2.047448389190594,5.722558999234616,0,0.0
33.4535528513159,89.06885521630974,66.41103513627766,666.7962419661961,1.9240159755605521,6.7677156316936165,0,0.0
21.054612850794115,57.47425911540505,60.46767700666241,113.63388975022926,1.6825498035905506,6.887564802983775,0,0.0
22.03823652370592,86.0863710265533,37.66741356524703,263.2088499332925,1.1018595945979954,6.504138467207074,0,0.0
34.51371659870787,86.64812742835397,51.72446069238676,515.4169622160554,1.7514534340141061,5.655001899978759,0,0.0
21.076608196061326,52.09264735323731,70.40756959473505,851.4474500979816,2.9458273456578,6.012446322433631,0,0.0
32.52454658728284,79.91105907940067,24.092374084563527,184.88649694202863,2.096980713273678,6.9467378385219085,1,3.8861438873154706
26.36872355961659,61.65372525722826,24.697836019214286,104.40345901393233,1.7269383689967839,5.704451835939251,1,3.795324597117857
22.20292826485401,85.8762363615174,53.370204082985204,74.47748318903558,1.7619803353698944,6.334734073934195,0,0.0
32.80274832163269,62.50621363176194,58.34690770338819,506.96756236004694,2.386093941234752,6.029394213993344,0,0.0
25.570189335045313,77.2151858668683,32.68478094655425,884.7009695947058,1.7557316943476868,6.998743918229293,1,2.5972828580168628
26.75189501680473,63.34837045818989,64.71320760149109,42.359242643892344,2.5769932996654865,5.928083596962718,0,0.0
24.106967279796017,51.39003778564281,58.77580262244365,212.3215339935346,3.4736362843127875,5.571658397925165,0,0.0
28.08016447439377,49.967506447234314,75.39735609417718,693.2570158395017,1.102940994384514,6.553274222237001,0,0.0
20.779905833945385,61.27155971281728,30.137252111512204,825.8634351437154,1.4218418892434217,5.990108995366165,1,2.9794121832731695
24.64838612307993,77.77473285071075,65.08245592148063,807.3995292991696,1.44776886322256,6.486372150931935,0,0.0
34.48000947969989,70.25357425903834,25.01858543499602,785.068057320331,2.1176757948300375,5.656977980221772,1,3.747212184750597
22.388268355919166,74.43146449502717,53.91754457107385,129.79980081333997,1.1035467801334362,6.284594801395377,0,0.0
29.164523297201967,54.11631753659712,53.113708369948746,397.2375821829185,2.193803944356292,6.062847322603972,0,0.0
23.528231091819812,64.07176729788027,43.303102678804436,984.7446628317466,3.3223118951916413,6.305150700967946,0,0.0
31.149043136672212,42.21976324846635,70.67426886011404,988.8875715880881,1.028910221731755,6.780208596911705,0,0.0
20.224852232211948,80.87662079790604,20.262238687160735,602.4273919541879,1.9123471679629525,6.959120931941913,1,4.460664196925889
34.48695776633526,89.49460811199373,51.210764113911246,709.2672047211342,2.902234430277412,6.629698223677004,0,0.0
25.714422203521867,60.34395313123355,33.02921299011125,951.2837962853091,1.3862362508345376,6.6502874728305965,1,2.545618051483313
22.01285787688989,40.54818265657717,64.60991714698596,449.92786124121045,1.1938975063163553,6.293404134609089,0,0.0
19.249444704610216,48.48963197754737,22.58404557836583,136.86685788379327,2.5769463431565964,5.646099915787414,1,4.112393163245125
20.885884386488193,72.62634388752093,69.89328129089466,668.9488755160781,1.0248772726237692,6.500589319482591,0,0.0
26.836157125452303,70.60396591019295,70.28553360241709,960.1023049005234,3.0044262279242893,5.721669807673708,0,0.0
23.729053999331867,79.3932359792772,69.97196074421018,697.2060938662944,1.167131883915247,5.868491584868096,0,0.0
32.09101722000436,52.69420054805341,29.15411160396019,803.3211270237377,2.310885648550902,6.561373769605288,1,3.1268832594059717
25.3250879022507,78.1815957773567,57.82439111366269,422.7488039706151,2.850319275569318,6.4854888911771456,0,0.0
22.22814263398971,74.39920107618349,20.862041551003376,96.46315414485107,1.6050274718661934,5.971488912384672,1,4.370693767349493
28.49146477226851,56.140724885692165,70.877755477352,168.88208655173332,1.2588504048068438,6.658066353960357,0,0.0
30.01521268705258,67.2744074028481,63.37851161051723,982.6548294354772,1.4390569160463902,6.908973676663383,0,0.0
20.839712434316148,47.363690424916335,51.86922385395516,493.18431699428754,3.1367089298375213,6.3178894317166,0,0.0
20.8495266769014,62.628225171779135,63.83548598579703,12.020590177249879,2.76445072913006,6.516529988525635,0,0.0
18.62341425787023,84.05986697778205,25.659445799106333,955.3672807311739,1.4952451230377444,5.907669376705402,1,3.65108313013405
30.518834256115888,61.05956899126954,51.71934993061138,497.77991197105297,2.7903019928274864,6.956210566964041,0,0.0
29.284676969570686,81.97833532377109,37.47658950898673,836.2683982918377,2.771545425521717,5.910557367678684,1,1.8785115736519908
26.068724887746836,69.51266826298472,78.35716779337838,548.4581420368935,3.494312745264901,6.831113536373227,0,0.0
32.350897632476354,49.593835655117836,71.4270770374341,101.70228367476109,1.978890058814781,6.891803667698079,0,0.0
31.696392600150904,69.05531223489481,63.99654175003862,615.5695821319467,3.162133735356927,6.579442891905904,0,0.0
27.951024194744786,65.29916645785318,76.02485811498391,997.4002763196092,2.1161067149320374,6.71738114158112,0,0.0
32.7606117687254,59.9320667598192,40.81059827392842,34.73778264594307,3.244400559042417,6.18678521168524,1,1.378410258910737
21.49930057062506,45.98152197580352,74.05279393929086,841.7941975150441,1.2290012477473733,6.87932018417508,0,0.0
19.902633529761374,60.83543319236149,39.514293926402615,235.48079565076497,1.4382815753131104,6.613969367558711,0,0.0
22.585743395788825,43.63811881198136,63.96780318146918,393.8662227121856,3.124885907666725,5.99011598730153,0,0.0
18.970476553518353,44.93845256993756,64.18501470658694,372.7095117728953,3.0482508102634873,5.55241775148316,0,0.0
27.029881976017542,60.7958266466358,21.100992587245607,898.7971942691196,1.7635844796424687,6.3111748395353215,1,4.334851111913159
33.922296769014345,55.26907409842319,41.66358189669171,504.48618883183815,2.491995795333636,6.760975487111688,1,1.2504627154962435
18.668840191364666,86.27721629311117,21.165960344509873,447.1742868344275,1.9567493052550902,6.791002178308452,1,4.325105948323519
20.075868538170454,58.78529026901353,79.82552105661492,818.0251088367763,1.0257933732588034,6.752678088225307,0,0.0
25.6873834808184,77.89290610360501,27.331805709754278,48.90713430494775,1.0652603164178176,5.822119728131677,1,3.4002291435368583
33.87587529797438,66.51237631831214,52.56865373888656,86.45631509522377,1.135640913703941,6.1392227193998465,0,0.0
23.37465378460476,75.20428343211677,67.43337432575824,21.688856876289297,2.4851803858139467,6.420738782772209,0,0.0
26.62299174770267,53.00579915076996,32.07581613565355,687.9829040075507,1.69806933826382,6.50133473810205,1,2.688627579651968
18.706738603856664,87.09524864191646,49.10316008572836,525.6161370791812,1.3598707457872263,6.001875132439278,0,0.0
20.52183441635551,66.50442484572119,56.44572565526905,876.0221258682826,3.3528277711097187,6.5389634856256915,0,0.0
34.7727120903004,81.56620356426248,29.612285263732723,498.53290297260565,1.3032966677030395,6.386345511201419,1,3.0581572104400916
34.407017839412774,58.252284673805676,66.71332759469232,221.81957276199415,2.684954291062194,6.350163362059227,0,0.0
18.083979675884965,45.010567452526224,37.960187431361916,805.147373104416,3.2354004570566466,6.494537235602916,0,0.0
34.180800352195064,73.68558238604244,32.66138458033042,294.32385423262286,1.4095741680961242,6.405051893299262,1,2.600792312950437
28.865038942863507,40.387982416871225,53.49732478624502,935.689782152209,1.5368242055717878,5.750311951987993,0,0.0
32.75461100684038,63.76464882827541,44.618817658576276,250.42388785224045,2.4345338339398928,6.81162449104792,1,0.8071773512135586
25.730577545775603,49.64009513332296,75.21715667818506,167.7206528702868,2.271121715946994,5.860854630208775,0,0.0
26.765132485847253,71.3687752217681,72.80376189188924,493.32399151068785,2.3025685422156688,6.616733171848591,0,0.0
26.310391864367645,88.9709936568926,49.00103980333299,50.51511797024333,2.3866952350452215,5.764685009437682,0,0.0
29.33669237828377,63.2201453160323,41.55582648353585,36.41172848261765,3.3747572899026106,6.49144961929184,1,1.266626027469622
20.37407133085732,80.87491282628334,39.531078897875915,496.01454525545796,1.1345951049173748,6.843525638198734,0,0.0
18.509551027835524,65.38920934755605,36.05381738489044,215.10688079478757,2.9011213017370476,5.514565773055936,0,0.0
23.234809007050245,64.79200155520121,52.67287122274864,9.352638395181302,1.5812660560168335,6.9695164998104335,0,0.0
29.979572966522994,86.52117465893889,68.29871628407261,296.0569114315217,1.9341941754309553,5.544513799989857,0,0.0
21.431508686090122,84.49829343733407,38.645396492213465,477.3673538465919,1.2232278074126601,5.517051431341981,0,0.0
29.448351366523596,79.29002325939872,31.40564538128489,394.28870146042317,2.114066922883859,6.786340147505948,1,2.7891531928072664
34.4885047838236,54.81278766583921,48.52902837099721,135.4694661604231,3.0105481306878037,6.563056004656104,1,0.22064574435041848
19.596312168420113,67.25042078619703,24.14206500785999,579.6748278319775,1.2468508463323873,5.658715986892565,1,3.8786902488210013
29.434236009827146,51.19486166528425,62.07674036778241,710.332991147637,1.6890089955507475,6.906122359893909,0,0.0
25.54375372817771,62.19583490232699,51.10149597811602,675.5391621632954,1.9326542716925625,6.507898361744266,0,0.0
32.75841832441759,64.21065328798953,49.78248847837125,393.7619212832725,1.2597480077191059,5.666565315307139,1,0.032626728244312626
21.011546420605562,81.58200200846655,38.02672277300135,137.596151171114,2.905792024942334,6.790830393886685,0,0.0
29.774641187844797,84.80141826624966,74.2804062519042,499.48677349072267,2.967367570543564,6.2213572783897,0,0.0
32.24795992401788,60.731003119823896,25.42917751097316,890.4317549370827,3.08973749444992,5.917200535100327,1,3.6856233733540256
34.058441731058394,40.88522225366186,72.18944053322188,468.7228489412328,2.4597405120157956,6.737561575349017,0,0.0
29.615216480923976,83.08869198946773,42.60231214495536,195.68104974158763,2.2680970521359396,6.607669680536316,1,1.1096531782566956
26.451970988143266,48.713933925068034,72.83741095850134,93.05330309373039,1.656381113678105,6.434565703216094,0,0.0
28.503403083420636,71.09409819451967,63.725687499943014,943.9266380988796,2.6378949182263693,6.847769728199145,0,0.0
32.77138473613821,41.24854502170656,26.250243599722296,743.0094088769149,2.1114087141388587,6.791919715102253,1,3.5624634600416556
27.700365692860103,59.975323763028214,69.89217719056123,312.96697270048236,3.4269410151934707,5.840187487667336,0,0.0
18.516580014846227,89.29801510576749,60.93061002197031,295.3524062051744,3.4204487424361414,6.818029231572115,0,0.0
33.82612782361862,45.03468005519015,21.93811477492091,895.2184867225975,3.2630128295439067,6.061059759360559,1,4.209282783761863
29.721954767536538,61.18465759998212,28.0221609265802,177.5682348096511,1.9002228450358298,6.1476615037018805,1,3.2966758610129703
29.500727558213192,55.357497509497605,58.13768335014171,535.0372896565445,1.9199311383851478,6.958498580692853,0,0.0
21.666477590761193,85.25440616941322,59.7560301728171,713.5042751793013,3.1316829101092893,6.63981149281873,0,0.0
29.201052993955173,83.46700539536775,64.7990859702557,396.3903519656896,2.8228373293536655,5.982228931543788,0,0.0
24.695694896120692,51.88493801531144,63.214724046498915,39.90234254308855,2.7609024245451095,6.471888834499806,0,0.0
29.070960609705367,44.059389352521556,59.571197280197296,227.75881371952156,1.6990275277102895,6.308986504397668,0,0.0
19.812081515235842,71.35691970305587,65.97433410478536,901.8081374423738,3.0833715288861896,5.674904855568371,0,0.0
29.183370178251614,56.81843559418549,54.50514235354237,523.1189668395543,2.448551430657358,6.831628506984975,0,0.0
34.99003333810133,73.60421953030315,35.6474831314673,815.4412464879698,2.117163935596433,6.732822225450985,1,2.1528775302799055
18.81960466062945,41.605987803390725,74.74259682384309,555.6855427906173,3.1635553102701897,6.666565535330405,0,0.0
34.6119611317624,46.66996175887447,21.092841855918675,943.6020957123034,1.985524409455285,6.338730081365519,1,4.336073721612198
24.9174353322888,74.31861163863218,41.993703192289416,909.1340755568451,2.6348145296694137,5.831256160422127,0,0.0
32.80280865573341,50.61853276512489,63.7322175858298,482.88804201040193,2.1647629550103478,6.825844043979392,0,0.0
31.30055322899065,82.87938378812008,45.62936246898046,318.2740254363494,2.4818445154276407,6.029448465428471,1,0.655595629652931
27.63927643677335,42.92954438550677,21.490064448800858,601.6687873456102,1.1013661791211964,5.5301771769327175,1,4.276490332679871
30.55363655727255,50.77409913927873,23.95885418697279,674.8876816694735,2.15278790794096,6.972661266619236,1,3.9061718719540814
32.93476454212291,89.92801242425344,58.91824214829732,498.35509230063155,2.3912282687419353,6.791735655132876,0,0.0
24.87038546806756,61.65380512933963,77.89187596431799,822.2832210950944,2.231798336874015,6.434020533156882,0,0.0
23.55956374657506,75.14828317723217,53.11181815006994,183.32852178488278,3.118525931267047,5.5186107091412415,0,0.0
29.34908755458094,49.13315244285069,50.40546908142615,334.41183062403235,1.7778099369795413,5.841574085762206,0,0.0
31.733381013001395,70.49343674927688,39.099512783376035,686.376357366453,3.210191327511351,6.178074831963737,1,1.6350730824935946
30.958847291202467,76.30530341847093,35.40144043196379,246.68386538755726,2.0086549247672263,6.4421273848696305,1,2.189783935205431
31.562832030596788,55.72383179332553,21.259098905377083,439.8447446836339,2.7363168306516408,6.56223177511398,1,4.311135164193438
25.40491635181986,81.44485559879388,36.37729205842827,963.7335466282927,1.2168068200182445,6.68240904670228,0,0.0
31.903181674975368,70.17087892361417,46.946626451915144,625.8759726865742,1.5003852089220566,6.333491388530524,1,0.4580060322127284
20.043553941300345,59.45615048075151,31.876986982937012,949.0572346411257,2.9029150278531795,6.484275141777071,1,2.718451952559448
27.256314665334443,67.88211966715792,25.240879308885752,722.4414032485759,1.030821713846601,6.716864047323046,1,3.713868103667137
18.097897228468067,68.8380423717962,63.063672035276156,724.666769667173,3.4213193478677484,6.579761965496207,0,0.0
23.517959108304595,48.2767646346933,73.67721614408403,591.8571736902056,1.476572252658038,6.93221849831006,0,0.0
24.229846092813766,60.13661849334831,76.20632418122514,142.2085948147268,3.253259965612808,6.8119688505971325,0,0.0
24.73493575735734,57.171529400974656,57.07992370981936,519.7142908862877,2.289862570565714,5.754041916693136,0,0.0
29.822942513727657,60.0451361289563,23.166474955956907,252.666200503471,2.411438417242825,6.921128690075621,1,4.0250287566064635
24.60548772159588,78.05552942426289,64.4517577977064,998.6725543512803,1.2103294699275626,5.806263988846918,0,0.0
25.627791584583022,64.12692037333363,26.605718315713183,266.96194010122053,1.9130468853934195,6.986895678552155,1,3.5091422526430223
22.038250224863567,87.01580766196321,60.184887061269436,230.68584346144848,1.3905471519512536,6.55199431300001,0,0.0
24.34528045769878,54.68382066792181,66.76195014487254,623.8831551240446,2.314828735902357,6.44129732911198,0,0.0
21.863583663473577,60.78517891424645,63.551882649588364,510.94881321963015,2.376830364179874,5.98648416439707,0,0.0
19.244330704063543,79.34784052395207,77.11302834566783,21.35291325451416,2.7741673739607755,5.699661287374597,0,0.0
28.258626087483425,67.30122966603751,64.28877706804337,129.53317899246986,3.1956953948079585,5.689259524674055,0,0.0
29.359617575435276,67.35140732122238,61.59258667890851,811.0429418275125,2.170449540674652,6.799862788885285,0,0.0
28.531335882163447,42.66700815025918,35.70459033098614,483.6919551475606,1.5834009252015164,6.148662769299456,1,2.1443114503520784
25.87939874460973,59.92998313592279,75.4861211861541,146.0152148230144,1.8339291536041238,6.339777785294678,0,0.0
24.45635826304691,53.53668662108662,30.772632247650016,465.2425628357336,3.117724532347343,6.897754161456051,1,2.8841051628524976
32.67667204272103,89.96675614155578,74.29379668838757,253.1490830824037,1.3646587126969036,5.8830320572149235,0,0.0
26.824390347315706,55.41775353161552,38.759752600754624,223.59146111234372,2.568140195846706,6.645906228140728,0,0.0
26.146091919705427,84.22482673969317,27.809815632660126,957.7252764451044,1.0327147096070255,6.205697142757333,1,3.3285276551009813
18.435915118709406,73.81168675202387,69.60098163627023,362.024526857741,1.6141733211356069,5.8191319886787065,0,0.0
23.801213069644657,57.04582045960452,20.149727216049747,46.43110467233913,2.478521243753649,6.779457520870611,1,4.477540917592537
24.46332551935957,67.17671891870619,69.92529906084984,970.3266726373027,2.141030100006677,6.519923760174626,0,0.0
24.779987275247308,82.02679399745969,35.73871052275855,794.8395747721578,2.2338737256080785,5.642382523865336,0,0.0
27.86293027686465,84.16841490154559,73.08327636533727,254.41330656415852,2.6514051261490152,6.312635792933473,0,0.0
27.071243294356933,48.01969375030726,61.488750934494746,408.8918347053914,1.5864650610464186,6.77764577828989,0,0.0
28.33438657748856,56.97865706040848,59.970999971035404,862.2895745951284,1.702012350816256,5.6004022123323125,0,0.0
31.00301544621618,56.76115901067858,41.91917378989061,357.4135193232743,2.711145518569616,6.124412195838318,1,1.212123931516409
31.82075755817359,42.10223980379723,23.56417843344626,567.4040420065988,2.3457285188596724,6.7078217057751495,1,3.965373234983061
30.208092295850406,69.91188799259483,69.80438589233464,534.8568696646126,1.0364670606470692,6.787535920165313,0,0.0
34.24390283123389,82.7410026496094,30.254227710591678,401.29454862879965,2.675819488213603,6.663044164501925,1,2.9618658434112484
18.309953905498148,59.07871939127589,42.33551851368513,639.5019018137161,2.550230101880695,5.958564362539834,0,0.0
21.328225756620284,77.00179724920885,56.02128113054491,473.29073730188634,1.1965189344956844,6.26039434094357,0,0.0
18.128568874628417,71.385020680037,48.935224313637306,21.23049167397284,2.8687987371024652,6.61191696499747,0,0.0
29.00707014062825,58.78243677465004,31.91963811027908,814.3831076479375,2.305253647367677,5.728881629418184,1,2.7120542834581376
33.26651933214978,47.05298997461485,28.436981412937037,113.1557827537193,1.511868209892399,6.3924966448861245,1,3.2344527880594445
22.139199041797088,75.46619263879836,27.394776335017436,464.0899308913634,2.3983909202910683,6.580560587813458,1,3.3907835497473844
33.75958726153721,82.72825844706202,71.78047288995205,579.9007909274972,2.4886462854275084,6.77498780404159,0,0.0
19.024545634922536,74.2927246200746,21.893572943680017,705.5060541932908,3.300296822975593,5.667507585785191,1,4.215964058447997
33.88541245569374,40.8939242017409,78.62085557599366,410.79653528794944,2.8553610638779263,5.994512041888824,0,0.0
23.977585683073784,50.81164471954956,31.911721423124845,735.5484870305314,1.754810886227998,6.312480923778198,1,2.713241786531273
19.72415408363668,43.473999244176596,26.61933781274469,131.35008471857023,1.2953324189104813,6.551585349871811,1,3.5070993280882967
26.259819906167536,68.51930497881133,54.61829928660771,653.445548270779,3.132960180201952,6.595054443287381,0,0.0
22.365201651248636,77.82388394202061,24.7991574764418,826.3389275857029,3.1151692196886147,5.87988876095824,1,3.78012637853373
22.84283933335269,45.528959353432974,56.1471957898157,889.4439728375012,1.438275036809893,5.520814918025781,0,0.0
23.223929403746872,81.91689102966926,71.03759868881679,579.5664959538892,1.1553279629947166,6.540725467008682,0,0.0
31.65144026315528,67.77544891977416,22.87388128804549,312.8951980750373,2.7796616245400974,6.863689431009657,1,4.068917806793176
27.165741703479327,74.49845060708626,67.99211627171265,163.35651171362642,2.80645457709121,6.696275567655158,0,0.0
23.29223088565206,88.57009243043231,43.66864645892712,345.5587528774449,1.4428593842634476,6.433699154593929,0,0.0
28.37567431628561,44.184049412384866,29.5694380298726,539.9743731544397,2.6705296488936385,6.9663556608274,1,3.06458429551911
30.17456146179429,85.06120114888947,30.565788816047544,196.33022399156053,1.697309361742322,6.149675167141533,1,2.915131677592868
22.634608012470075,46.305134799370464,75.12587262165357,952.5149056930929,1.65154256992201,6.287574626482144,0,0.0
25.030334725930977,59.647940331834114,26.63634511643987,897.1354288729094,1.8112948352258562,5.5184301459375735,1,3.5045482325340194
20.07206358672811,82.57193481655571,72.00696722693942,32.95719486543125,2.3009909162921356,6.918927044250568,0,0.0
21.079538942089567,85.31271183689341,52.65467725901688,561.9617982303888,3.011134808321557,6.375019982398655,0,0.0
29.579003517404708,65.31858367725727,22.343370728986343,789.3087902466132,2.2466093772240656,6.086199975858429,1,4.148494390652048
21.084451910825656,69.70523191377126,47.8685687430403,245.39195993400696,1.745106739060186,5.5668465038311075,0,0.0
26.927777522340023,75.40736672992786,69.04697086857803,523.8962323927439,3.2099357467796232,6.043628596489607,0,0.0
30.053786449281354,81.63793342263571,63.57216725834603,405.991882409379,1.1377248936059117,5.50539715251348,0,0.0
19.816907692610645,46.07555847688331,49.32694506108307,196.54626421807643,2.992728709745201,5.986502706997207,0,0.0
27.64430773369136,80.50346541146138,71.60299278177303,614.7373838758226,2.9609543948046393,6.927182386102787,0,0.0
22.361567322923186,64.06380752558084,27.221885706813783,993.692175406831,1.6338670253858578,5.731401046345595,1,3.4167171439779325
34.36975687903886,62.53117125540845,74.59646320354213,365.28726027994486,1.4957379563006992,6.318116663634148,0,0.0
26.22027599423872,61.19498759984991,70.78647250900093,552.379008264467,3.186751403738993,5.779925980157383,0,0.0
31.70187334617769,65.46057926230213,62.49660953943416,327.85468162150056,2.397178233900811,6.675068695462256,0,0.0
27.35385121665645,87.25252766973017,69.07326452772496,876.9486168024969,1.1150283940785366,6.3435967108579785,0,0.0
18.738013058531926,67.41018863960758,52.62893041055996,864.6027004236931,3.2270812911678566,5.803354027528419,0,0.0
28.76357338509838,87.65887691315696,60.509745745860016,178.77338794797026,1.8725149608891845,6.79936194735828,0,0.0
34.17385681751317,49.01450653078203,53.63588424246673,899.9488742380607,1.855391384525066,6.67603567425023,0,0.0
28.22740094248763,76.20679894163166,41.32571183047696,151.5087110560671,2.6082198428996834,6.92695199413833,1,1.3011432254284556
31.92621061025543,80.61197693043735,54.131647841670656,95.43995962533425,2.6532773569964396,5.500942289338952,0,0.0
33.03150987692293,73.9564415667431,35.447919951915544,652.9346157015319,1.883290302071037,6.185675420795619,1,2.1828120072126684
21.877356123131854,70.34611401132702,46.416750250447116,385.904105869895,1.3581973197422017,6.9997619507468825,0,0.0
21.604762278439853,68.24063905430911,36.84652443561459,530.7405934618707,2.3806744084241807,6.716781875457715,0,0.0
28.38667681046686,83.0465241289348,27.37326736768334,652.5707819374634,2.5629479116881004,6.746929197786141,1,3.394009894847499
24.98748398671398,81.082329858225,39.31171138339437,52.83723779298488,3.1505559126474343,6.4316986940894765,0,0.0
32.277642148734245,46.11443605902998,71.11923309108624,292.9531710909934,2.2110999684126647,6.569349478124856,0,0.0
33.30039309776619,82.4293828515439,42.86484623853835,460.9063117688671,2.6142401989205544,6.707989388175412,1,1.0702730642192477
24.008163448146206,60.703430972022126,64.88021893813215,266.5874098059319,1.1360220695396879,5.63842097138785,0,0.0
22.026799502566195,52.68484149979054,30.511871254289673,48.97138428552095,3.236307250515405,6.5388708754160945,1,2.923219311856549
31.268933759145654,83.4884284006963,45.4651495500585,86.67657323105338,1.8180395330167554,6.723112150049108,1,0.6802275674912251
22.671702604318313,61.60123998168708,26.891364160110594,801.7478687537335,2.58055281085578,5.561298681527638,1,3.4662953759834108
31.98444341473253,80.41823450884084,28.317263802049382,911.386759212926,3.290129078283104,5.9455797707903715,1,3.2524104296925924
25.203550312028966,53.170180597792225,57.04618279340415,152.23330243044884,3.0263144609117174,5.986017423824263,0,0.0
29.348348287954998,40.19646607111089,56.44890904694066,249.26195729148571,2.594259643694664,6.7818735929215785,0,0.0
19.624100335189357,64.77295964514721,32.802314441291735,652.2494047310696,2.759019570175213,6.670527084395301,1,2.57965283380624
28.605608519501743,45.01141283214422,48.46539165732792,954.2717760924472,3.3022627899124406,6.48463220637326,1,0.23019125140081192
25.680050538532896,77.71879777624548,71.79837001867688,299.58970913327107,3.0302329503669876,6.707084771264303,0,0.0
27.97234387398306,53.80375680347052,30.452090520588975,855.2136262360011,2.5246476513428924,6.180144550986563,1,2.932186421911654
20.85624153166268,62.18228233017393,21.15263198441089,506.0246444503764,2.646756765524066,6.8123208854531665,1,4.327105202338367
30.526853664051096,44.35167825457771,59.11970843981434,956.5586390807804,1.3681710604130297,5.85132376465461,0,0.0
32.66755031823489,54.332962422362634,23.2098924853211,136.2586624281913,2.175419199426499,6.556865322249779,1,4.018516127201835
21.684576601543185,79.0745121629286,78.79641431434675,973.6723982079865,1.752494119209166,5.862626777160632,0,0.0
19.62714744384275,47.579395595115976,56.57721702793286,440.978627829508,2.079926586249791,5.5597929601162335,0,0.0
18.401855962787717,72.35797805634786,48.22378117063834,952.9383904262617,2.655617183826891,5.926226859729673,0,0.0
28.91351550753552,85.87129264022505,45.799552401458406,458.69021705151926,1.372877734004389,6.239360242735943,1,0.6300671397812391
28.320598613509272,73.99183798788602,54.384239511015885,530.0821341205782,1.0434399091531423,6.765154022606758,0,0.0
27.29385601613919,80.55108446461134,25.437466203212896,804.775009777321,1.992311008081824,6.263284733998535,1,3.6843800695180655
21.943100633971582,45.44858146519579,75.80114352916974,722.628500739394,1.8054607862201428,5.768725903859639,0,0.0
24.64540193039375,52.53659130010272,57.538524113112665,619.6033204172855,2.0510801492542683,6.989148956499584,0,0.0
28.10609769816494,84.72694261202955,31.038709856654528,416.98002358955597,3.3280523009224514,5.905109601970937,1,2.8441935215018206
26.44503660060588,75.75528068090446,53.75486322587977,792.4383673996058,2.767710253037109,6.9779420876475795,0,0.0
34.79235384365309,71.97769131886557,27.995390349980696,948.2283332893204,1.8186469364979003,6.904502022262336,1,3.3006914475028957
20.319475793464463,73.188336806085,21.05316305349873,9.810896943026837,1.4481970555917578,6.313662262960965,1,4.3420255419751905
29.817457418809095,60.71002771523217,57.83101911283988,587.8450964526611,2.5461957356423413,5.63794462396257,0,0.0
24.873419057772967,42.227831580882665,58.90900051220767,865.9809289783484,2.643940628773758,6.543122217181713,0,0.0
25.27939345373545,79.22207710353645,55.02179496820493,653.1125373455573,2.2090567096945875,6.768576492323222,0,0.0
30.199162016188996,73.9356618107677,31.008992261601385,800.8292578333368,1.5319019365554003,6.167951649519264,1,2.848651160759792
29.77141457251428,63.64022320563623,56.20579150968602,895.0611038489855,1.071388152091326,5.858560689018836,0,0.0
34.8513518929372,84.98798076841288,23.390656455471188,750.9510158530579,1.6641517436681812,6.704236247068986,1,3.9914015316793217
20.18270292072013,56.807983249254946,56.55430133431534,717.0174013647661,2.14292624822546,6.317616738513893,0,0.0
19.769864039530827,54.7160872115618,53.24102114645713,964.7458913639183,2.96983571610623,5.796445007223217,0,0.0
30.3137598911886,83.63981625397214,59.31528985034597,863.6846578915727,3.13438457211293,6.924307961451216,0,0.0
27.832577589108954,79.84938273794927,73.72853634514362,815.3778695827738,2.0323363991674106,6.9221473400277675,0,0.0
22.6607313315167,65.74899053241724,71.0214863143722,86.40336047187614,2.9903101367088194,6.050574510166877,0,0.0
19.350129272812772,46.5367369728925,78.83925149375233,239.02988313941788,3.4833820588778823,5.59600466371261,0,0.0
19.456190243139318,50.75357357325262,78.5744619761945,556.7560243250896,2.791525937130573,6.4461828018245635,0,0.0
33.20124486929001,72.81139952044033,66.33918160242516,709.5601049748137,2.821497579003517,5.975840101875197,0,0.0
21.261744520218627,59.252061892020585,77.38517733066368,303.2148933004769,3.2738412538745774,5.599532891500074,0,0.0
23.497316555963852,81.82365958329856,72.03703315334673,93.32811312082335,1.8453603210422747,6.8377096217028495,0,0.0
21.853158837858796,87.4977504666102,63.654946993698374,311.0991868152477,1.0280134826436782,6.997174471900421,0,0.0
24.034937199142934,80.2818462637459,24.523055278625314,771.0291805805192,3.4674431791892477,6.025608270565423,1,3.821541708206203
19.180205326683588,58.877271149777854,22.942993296193265,877.4010293413731,2.2261701941775596,6.617119395076293,1,4.05855100557101
26.8240164454406,79.4343214615712,70.25597405034623,912.9036483443427,2.964193982905817,5.598656188420231,0,0.0
19.149413581067652,57.57208367353417,49.3793514723019,378.8666791441477,3.031227844023239,6.054558159339446,0,0.0
31.606060632980146,48.3550043882817,68.87640106249526,372.5385748601965,1.9937916927000725,5.663127649074461,0,0.0
21.97310539247736,41.66966024329287,38.775096239313164,406.70747097179105,2.3531826168057957,5.583024905745275,0,0.0
27.180202548276682,59.285835638051,43.858991499380764,375.8094694214478,2.3497888151566944,6.383186560764244,0,0.0
32.96134448854479,85.17796518486409,62.01120326071592,666.1966075072097,1.5505400233606261,6.703046481284848,0,0.0
29.0649152738023,51.94932938778383,74.9196042159256,358.32326213199275,1.2940973347357336,6.179455376712581,0,0.0
27.0602823713727,50.3256582464892,25.265688468733156,20.343936614245827,2.3589307623565636,6.286268665661442,1,3.7101467296900266
23.513673802961385,88.49103926205201,71.68868867807637,439.0246006878717,1.300358067128656,5.906095025537814,0,0.0
23.661032521989366,41.25020564252961,67.58076349276192,224.15206617858775,1.865221809648783,6.604580921310722,0,0.0
29.381278238369234,79.28910751968772,38.932356243791276,28.80713778461996,1.4652083291023463,6.041609900712775,1,1.6601465634313086
34.90036914075985,56.06849778704352,41.31299684789357,470.8429515340482,2.767290270706945,5.6012485304894915,1,1.3030504728159642
29.251266227439437,41.87439784348297,22.787688633314577,205.95455919829308,3.1800221337499694,5.748261566538499,1,4.081846705002813
27.482318095290424,85.89012701047918,20.944436667003078,452.7418148397341,2.4447865246304503,5.692702907868276,1,4.358334499949538
30.421058674067183,46.98211651047918,48.620367581463746,277.7499866102865,2.0253895179289936,6.153816684099429,1,0.20694486278043803
25.908495408823207,67.58896418628477,25.732378729838633,603.7088702804332,3.4916066020532774,5.597819011875021,1,3.640143190524205
19.022419824213348,53.70271037147739,31.640108864912783,990.8773868739594,1.053022838116348,6.709726483700553,1,2.7539836702630827
27.559045869924468,43.25964010923455,70.80603197159982,547.2319207116649,1.7608527105098069,6.862007785032252,0,0.0
34.27962983659147,42.49612428316895,54.26170347502715,646.8959168927701,1.696682881617501,5.872591268803475,0,0.0
20.980150020080213,45.77783494181694,58.017946235966804,919.2757577512012,1.890508995144799,6.22826463517293,0,0.0
29.73008314395132,43.568350694469004,31.248759849915203,374.0004177250916,1.5764893528962567,6.2785945965948535,1,2.8126860225127195
21.41587270720396,78.02790577599615,69.71970826726516,166.54844978558302,1.6606570885786398,6.97750182468692,0,0.0
27.109070636042382,64.27831011417146,72.07878634638485,282.7972829305533,1.6441927747933183,5.5984293675798655,0,0.0
19.643499643994232,57.14460456744898,51.3996556227826,402.7949407145492,2.2643601268810762,6.501823551614343,0,0.0
25.656305916389147,60.91844550660036,74.75346631271958,645.0176812558383,1.9776381925860778,6.018647474819273,0,0.0
30.854776591219185,86.44733677863117,70.6897174972749,4.58802942972103,2.598200254962271,6.252709318168982,0,0.0
23.908715912062696,85.53759063690737,63.879450600466285,853.3832147669843,2.2860028996692137,5.825551856043056,0,0.0
29.303499316282707,75.78382400612884,64.04455494161772,76.09397304983045,1.4585546309243262,5.740363420264332,0,0.0
31.522649333425395,84.23411887108439,26.323608437051796,900.6551489185505,3.0251124473362694,5.865347948038548,1,3.5514587344422304
33.762022931150696,55.98240137938124,36.250162261739945,949.4345212048988,2.1804879958513927,5.6068929463871635,1,2.062475660739008
21.98891539154271,59.05546630041414,24.010833189060563,990.102794112134,1.383078794764957,5.917135445772483,1,3.8983750216409154
24.78837056875824,70.6856090927114,20.52087255357852,809.5101844068776,1.4171996073216555,6.535526382972817,1,4.421869116963221
20.591072226617097,71.18129736486321,29.498571883034607,141.8555259401526,2.9924210261973894,6.477222902866655,1,3.0752142175448087
34.87221953669238,64.08499190061704,72.8292309588164,706.1670432251863,2.757482960557751,6.3317443083885045,0,0.0
33.75901645471302,60.032892421897664,34.39244354216309,203.3212906081765,2.2663198813494025,5.500581119455667,1,2.341133468675536
27.179271214769514,89.30901558043476,78.2092377555033,897.1278355804039,1.765203774380831,5.688672999706017,0,0.0
32.31456600439916,81.05618130588621,55.83745997367237,316.6059256553447,2.15130509199269,6.764304142972996,0,0.0
26.856285613624717,61.74900989440226,34.23550925808142,326.79597707504115,2.5912088428451083,5.907607554646859,1,2.364673611287787
28.600956696046914,76.36462386197843,49.82784820905277,917.6532959148667,3.198205793573786,6.868298332868685,1,0.02582276864208488
19.515115345972283,53.478084662622976,33.14568936200692,13.231070783704556,2.3896696691968216,6.811819172167475,1,2.528146595698962
30.839597148445733,45.00846631186649,79.03841349094243,193.96615148356977,1.6918382369343754,5.732390551201263,0,0.0
20.171129221798992,57.62155127763703,70.83589903429782,421.9322665634551,1.1068497867336964,6.847228063379686,0,0.0
32.04314971429298,60.148640006169714,21.574327326939745,700.721567310193,1.4386376397918514,6.441752245843782,1,4.263850900959038
31.29447749039656,40.82685622803354,76.86656188804827,647.5661660447354,2.625444051656157,6.44543020800209,0,0.0
30.048659861630597,80.7396000817948,63.26390643817324,669.4118751671491,1.401092417060394,6.779019798360393,0,0.0
18.614726468920956,57.959670119459076,24.9428751212767,880.0220284106641,2.203848882858627,6.107583646821235,1,3.758568731808495
23.153182051070587,69.02090828900735,60.238264779586736,121.03041229325662,2.7473875386909636,6.602894944629669,0,0.0
22.47291368848433,43.6981593635478,58.81560187794113,522.1616962187704,1.770562253507777,6.501646534530421,0,0.0
24.122318927015826,48.7498414375292,33.12732474845501,725.4776891024885,2.672764724518215,6.65727200187989,1,2.5309012877317483
19.489926694985254,84.48468626637799,65.50680200045454,636.1184429241646,2.4526801541195464,6.490283423860805,0,0.0
33.928282991528064,70.43437639414003,25.22388219877803,448.3141199392675,2.0973477673209886,5.620082200985068,1,3.7164176701832954
27.414638092110394,87.51420250852428,49.366710873874865,17.114585872163968,3.2431136972106525,5.939066503465569,0,0.0
23.1939132811864,89.93750171956584,20.595392429785274,60.45226564788464,2.7301472260686093,6.909881309534082,1,4.4106911355322085
24.74868579026282,58.59300576665472,78.12424933368479,118.94132685383663,1.901492582881438,5.8351377829841855,0,0.0
25.602443188582207,54.940153204163735,65.09381790661456,343.22775283536356,3.010661333813854,6.208390601503915,0,0.0
28.210103667130493,82.91780275795483,29.53112456957936,117.65345266714688,2.8452555354241795,6.035391963632109,1,3.0703313145630955
26.76655027084046,89.93057135187271,40.50044239707698,426.08231306260836,2.979209913770411,5.629448084991193,0,0.0
33.6296635446451,71.48206171162286,29.633742668490576,178.64199058557938,2.602389957602486,5.771783033481688,1,3.0549385997264134
26.448379209399114,79.75703612557612,65.99704784775888,779.1661975262061,1.9484265395987466,5.930000681886957,0,0.0
34.86668625199631,79.08729294076372,23.53377952566291,871.4876167122156,1.871446289010673,6.194977728528478,1,3.969933071150563
32.47422428166663,57.76698541097735,70.42439933382285,389.64750796817583,2.635378401898161,6.811785978461701,0,0.0
21.54467874407471,68.71351901285436,76.53178033014379,511.33176531563873,1.327250019917253,6.273424423263816,0,0.0
33.820118648946575,81.65284706321069,60.59767656837799,953.4962415609416,3.0497858762464394,6.477857441174307,0,0.0
19.978228764053092,74.40569381305278,32.77792700008605,535.5077553486204,1.9258384599951828,6.138932727545411,1,2.583310949987092
31.896645044350258,41.058190699101914,41.60540574881305,995.0732158434249,2.5759299734138725,6.80509352792772,1,1.2591891376780426
24.47059598910186,56.83528344487668,48.63439248853588,142.13099369205463,2.247659787333545,6.493932181135141,0,0.0
32.925563447566184,47.22378482973027,56.277486332135226,862.2264205966984,2.2983162300616344,5.63594537970908,0,0.0
32.75696373182666,51.64861060390196,60.119785388701246,497.20300267296534,2.8450153655033676,6.216251810898898,0,0.0
31.70073180199956,85.27447387456628,53.252882919132965,22.714111249668157,2.5666751341785456,6.740851306765379,0,0.0
31.430517417220045,41.844664445538406,41.078835249311346,972.2229414393485,1.6257724708642836,6.6004830289982825,1,1.338174712603298
23.179545364666694,50.990035598096185,73.45503683389418,965.0478997433579,1.1855648285593445,6.857966721669852,0,0.0
19.375627811871286,55.47846761191157,24.883523481077496,383.2708401828871,3.1005851684132275,5.841501758454233,1,3.7674714778383755
24.850663039007745,70.84420359831974,47.975363254609704,954.1420710859048,3.212235186879644,6.96575824629535,0,0.0
20.949916754770648,66.70508450429327,66.53389030804884,141.00964223854572,1.4112413322932968,5.927616501804798,0,0.0
29.814168511341848,50.9134741426693,23.652359917484056,680.1101411206822,1.7736926672988311,5.575269816387631,1,3.9521460123773915
23.883695351142354,48.21205336115772,62.32011300867807,191.92898688783455,1.7058559548293308,6.243508940794731,0,0.0
34.58537341461855,51.839901729805945,69.1826973651995,246.64723633482765,3.343621401850387,5.6655081077146825,0,0.0
28.896525314870644,65.12648133508279,59.649877911623136,779.3374372026054,1.511943454826721,6.521966411514509,0,0.0
31.982169581784134,53.55888928556017,20.77621353652136,377.358084565295,1.41634808024958,6.8508344061236865,1,4.3835679695217955
20.252919436611425,87.38012508038611,30.808221627932376,7.1275028286211795,1.4545963743704975,6.882014907727779,1,2.8787667558101435
32.65424619863458,63.19326107144238,40.52678473351705,414.2384241955945,2.824672940234417,6.410555864029692,1,1.420982289972443
33.6868722387277,42.939800827231856,34.02140213828275,228.0693206329595,3.2200496106161878,6.302897306282178,1,2.396789679257587
26.28005261992191,76.46332029183168,77.75912841364564,683.3299135582912,1.9834185265831703,6.990987134807915,0,0.0
28.306299941766618,56.44226441044948,59.09563484682762,194.4486967235003,1.3401997609158918,6.369138578478836,0,0.0
31.001766615350924,72.67444660291238,37.81825744109422,842.2535284364757,2.46430499352085,6.891187485718341,1,1.8272613838358671
20.972256663427014,53.9797185261616,75.78184991992674,267.09301210816426,1.5248373958224404,6.874892575816099,0,0.0
26.54362329987852,68.537187086666,64.43565196857122,393.0282582830137,1.160378618413087,5.934270693776511,0,0.0
24.77727147212932,78.60762524037324,37.076432709622516,298.03686079709803,3.2155784459561905,5.520626613366292,0,0.0
20.488357866758236,86.4004370887277,42.732894164117326,643.9233478093657,3.17710319083419,6.158752611697273,0,0.0
24.248085178956035,53.056357221653855,31.965731498237403,101.1635412263967,3.439775400648184,6.7920552041671165,1,2.7051402752643896
19.15892925955339,56.74284754994906,78.26443989594931,478.0993726982441,2.1850118872653326,6.754201325626564,0,0.0
18.43880241814128,63.21332101429698,51.0377897534044,334.45481521505815,1.7350029955260553,6.405503781299731,0,0.0
20.297826915631987,86.35874188679944,73.76340124987908,884.1379632883147,2.924459363926006,5.734987615033427,0,0.0
34.37295689701595,85.06934284053285,40.78998626101087,73.41209357439237,1.4512373302097819,5.661381570894825,1,1.38150206084837
27.34200211021529,44.493914005031904,71.65049618584854,829.6950649328547,1.6082301920407016,6.93202297566792,0,0.0
34.418976739604744,46.59649128769054,23.23321090562984,167.68047652990913,1.6392065655184518,6.132096522977886,1,4.015018364155524
25.35246393161224,64.77545886653192,78.92541905145728,88.57765992995515,3.3790485247804503,6.472241525100614,0,0.0
23.300874262449412,45.33096364027117,74.72206202199816,202.322858123008,2.8245572970776847,6.858796622433047,0,0.0
26.60441166828415,57.27904366743488,41.7921766865993,102.6529820118104,1.3342369814553836,6.804839764480887,0,0.0
25.471698706759472,47.41926891087388,66.48332991887465,520.9839482021256,1.2321146953097668,6.350354773196004,0,0.0
19.796299632449646,71.8020177565943,65.13547558842956,988.2149529157813,3.1070371339612795,6.231857770859155,0,0.0
28.894047349733505,87.47477158695808,74.0752878261759,34.32735192425884,3.0056858076119037,6.602888819670384,0,0.0
21.672649102663193,89.83668851471907,38.43529886772866,461.12834931946134,2.6774864450208877,6.024468538630167,0,0.0
28.5329952332631,58.76205662484574,47.931200318848965,386.07032910786177,1.4902516309915403,6.4380859451881465,1,0.3103199521726552
29.053418570768606,69.95063185573062,71.89997675636319,339.6064142464004,2.200708847223178,5.534728650414462,0,0.0
20.584422503187017,82.81338267620407,66.71476724811296,331.86361043336086,2.506814863643185,6.736468841125867,0,0.0
19.04294366088136,45.8731036398192,43.608003124416754,895.0127566264622,3.330343817100879,6.997048412829386,0,0.0
31.272946963163477,74.47822055259826,70.74351397472734,18.976150208404043,1.4235593504935264,6.932059738538314,0,0.0
25.816607204078444,60.44218308625341,22.81724235394409,774.9163873801383,2.2886170178652843,6.039842260806722,1,4.077413646908386
18.98878452359309,50.3073080140082,66.9227781777794,252.93317880594168,1.3943790971957801,6.296651923066245,0,0.0
34.91272739188604,60.137680937372096,32.40595156602204,383.29551081757484,2.1096233514353804,5.854325444685598,1,2.639107265096694
18.982269536938233,43.79801434824584,37.167254469427235,420.14991284857774,1.5003374365773072,5.954481108015909,0,0.0
29.815598890595403,74.77035742946529,49.59289061573562,304.73175407374345,3.0904655207880283,6.186019152478945,1,0.06106640763965707
34.72254172947803,52.637133437422655,46.984070064198434,93.55886183539785,1.6368406940937823,6.620621360280349,1,0.45238949037023485
22.066061771670736,55.5702822522439,51.234206412192854,114.33084882943479,2.0427617906100606,5.526823586258262,0,0.0
20.418239267682335,46.05406491207314,52.68653574032143,298.1311240826443,2.019469131230338,6.090661195622694,0,0.0
20.063543970181293,83.23295569449459,39.89166146188981,821.8090528872506,3.1657374000543963,6.334745377485098,0,0.0
23.155677508649124,64.67221396413693,30.5136507810218,134.62765278741185,2.8944936618306505,5.8227745632801815,1,2.9229523828467303
19.717778787180993,68.60734388932002,66.10887375723836,742.6398331459308,1.14393872253771,5.61771804714406,0,0.0
29.76674280880024,68.47163415474273,43.99856894522853,288.8697294292877,1.167718642920411,6.309360788977492,1,0.9002146582157209
19.058960568211067,60.524655727067085,50.350451747543545,883.4649351120928,2.3779931128267604,6.456714976728669,0,0.0
26.660176178546426,49.626495771906974,58.68180310106708,428.3284754006409,2.0692975683944836,6.461503435564667,0,0.0
34.94384651550061,77.25663742492,74.57827533839935,171.72331329737557,1.688960551342105,6.034876577553389,0,0.0
31.83749458160232,46.35281326788372,62.4531698684132,985.8444501105103,2.981552345518513,5.856042693908601,0,0.0
28.458730449927184,45.19368951394053,22.72755353542307,176.63451922991158,1.3215879297474986,5.830579658523851,1,4.090866969686539
23.206311553372398,75.50725187982516,70.31362180388106,567.6198212322694,3.4351422821753794,5.56078591008596,0,0.0
28.606229216957853,50.441851022599195,79.36130090765116,569.2864780961341,1.0602562668804025,5.777025027947458,0,0.0
26.959704886498077,55.33863756764161,48.34910152228293,372.8134511777799,1.2955768115271091,6.727909190663391,0,0.0
25.243417526136316,63.76137335008701,78.17542018727605,951.488592549131,1.77829163568963,5.504576898641615,0,0.0
20.22207640458339,62.467565836477306,52.83972454058897,843.8745624117316,2.2728727381387577,5.565832903835994,0,0.0
33.07227165908793,75.42895625324996,47.57695975231699,829.8195608382421,1.5403403961983098,5.690528410418601,1,0.36345603715245184
25.646339029962483,71.17158967216805,39.88428588364731,974.1519354294778,2.840537872135066,6.130360874013632,0,0.0
21.308582700953007,72.21980811409328,59.45329255000033,457.10933819631686,1.8938547585649745,6.000606751547112,0,0.0
24.251908964913923,75.70271653277287,33.78922523150268,97.18577562002928,1.096345833492344,5.766753787081718,1,2.4316162152745986
25.04020579299176,54.63063637117327,26.296053110864257,765.4559254497938,3.1943049186016106,5.6664242111603516,1,3.5555920333703614
32.06814422463686,56.116665590023686,21.634226155052843,380.8125794519338,3.359664182715157,6.9082938054096665,1,4.254866076742073
30.471444469543833,61.89988739477771,37.54280676291583,190.3451518035183,2.5464090560926103,6.866875331939485,1,1.8685789855626254
31.078183191902777,55.373108651676304,43.746249930022294,483.2473432202534,3.016340971426013,6.65784791257942,1,0.9380625104966558
18.187531495287004,89.24689344854318,53.12460177687487,925.7189401671633,1.3027788467332546,5.878032962086252,0,0.0
25.074617969055947,80.70259632107148,37.56498951122039,171.3570190146284,1.6720507044666615,5.985547048025825,0,0.0
26.1828505778005,48.23273441280148,79.04357434312467,848.6988152297419,1.8130792191954594,6.498767452395323,0,0.0
18.326268705991964,40.279707794093476,37.504710094470056,418.2049416151173,3.4018829173712404,5.937548342646568,0,0.0
22.41682454866558,42.139163412363395,46.45852330678452,136.80198070314196,2.2805565997684187,6.295934219841034,0,0.0
30.924926993076294,52.20317255214626,26.19656993191402,848.3823039886564,1.0185338970349,6.476925766589477,1,3.570514510212897
20.330864997392982,45.71456429184283,35.63759080022454,969.6203411914286,1.9504645571752388,6.278794444769435,0,0.0
27.10027223469406,66.66690574462861,22.899928387339465,291.27071583501163,1.0193765021639412,6.119927145572726,1,4.06501074189908
21.65843182429304,82.89976113636793,53.57051800623968,303.53620984206884,1.5945143511811146,6.021841020336279,0,0.0
18.206053168946184,76.83751104566137,65.06388098794591,390.54598303993316,2.1367501678529432,6.66662487466374,0,0.0
22.100424779192206,50.78045315410952,31.742588860164076,814.1303644608071,1.8084826385520916,6.608498492466455,1,2.7386116709753883
34.58985383347091,59.96496280128929,42.07465626896425,10.417196739499811,1.0818355307129268,6.544342096215038,1,1.188801559655363
31.62613090201082,65.39471047656389,20.996973603629634,223.95655173753437,1.2908393060219485,6.062015669791917,1,4.350453959455555
34.31280295345756,80.51029247516678,70.37132334333273,705.8998111063262,2.377216403056832,6.663604939522419,0,0.0
26.293518746748163,81.95608015530824,66.79781149590016,405.6394504855261,2.7390122609612133,6.9365554479678355,0,0.0
19.86551537751756,85.4859155953888,23.795241852457544,330.29562296812753,2.0113725305822565,6.533469278674738,1,3.9307137221313684
27.31531131255278,65.46226252514376,41.89205655922468,872.2828889020175,2.8287043660622673,6.111848876604878,0,0.0
25.724414687519335,74.71373732179315,77.31719683096972,917.3339201462394,1.4083322212878593,6.694721894240454,0,0.0
32.35407040657347,45.59001856169686,43.52162336473862,947.9862191661954,1.3051448695192152,6.413953114078195,1,0.9717564952892065
19.66740387333216,68.26444799769911,51.572520603440964,272.5505326542966,3.0986342898581896,6.8165155676406615,0,0.0
26.300099329370227,52.43459047355675,41.31457166062131,912.512609539107,1.848033371230499,6.5697737974662545,0,0.0
20.55082729979773,61.585844251330556,55.76788328769571,736.9655547272889,2.080619804861061,6.654880080626357,0,0.0
23.51949075713102,71.70252541533597,78.68941253820933,154.21474848858063,3.368954005793241,6.501154694704404,0,0.0
30.535070315592595,52.849296892689054,79.85015020887182,610.2700283082103,2.0602808198427733,5.6380306879923285,0,0.0
26.09230819926903,42.609252889838054,66.48289868067147,26.33481930699122,1.0087252646297606,6.227675829912247,0,0.0
24.390100847478077,40.51169282043787,44.25866588122636,708.3781557708652,3.3449298488745893,5.584734812292692,0,0.0
24.7060967356906,41.10797677722608,49.6659320497393,733.5675226509384,1.03529658371457,6.1713237295345635,0,0.0
25.810595062901772,40.41748687568848,41.40387968673833,789.3385085949973,2.6557157093229953,6.5746404828856395,0,0.0
31.345281245229966,45.51775282789377,79.13447779426077,172.5250541224349,1.807227273831259,6.131883207528322,0,0.0
33.165439711983986,51.97443572850649,62.46561834952422,628.249940947531,2.1759768914005124,5.502445377901584,0,0.0
34.24068967056678,51.06107570911496,46.93588672601068,178.8566848276544,2.3682129192404604,6.053927639651243,1,0.4596169910983981
31.377357566340017,89.33982970899484,20.726916206576142,946.6500833891757,2.0211501432388856,5.601638474785531,1,4.3909625690135785
23.361917227716216,55.30030526044716,51.229004863432905,675.0106926808345,2.9359219679554203,6.670894582748591,0,0.0
29.698290003471215,46.371039167969954,79.03569210209707,95.32584800405574,3.326766024161115,6.675627353937775,0,0.0
25.439253108941664,67.2781272083879,51.38365453838311,187.0322300058228,1.2160301302971708,6.709567884056537,0,0.0
22.32940057478287,82.89787276987542,30.94560112934682,663.4600981297478,3.0006322030874326,5.545490787051602,1,2.858159830597977
32.294816850240686,73.90301883938376,21.325624826286493,476.67049615960866,1.3216778522516128,5.548403963327222,1,4.301156276057026
18.653247932359523,54.804104456772514,41.28222548745254,736.2976662108784,1.2006929581240193,6.855174037983904,0,0.0
33.3299538663022,68.08080798957275,75.0936833417964,280.78879892565914,3.389578631805322,5.685525820422123,0,0.0
25.845116898620482,75.74279871002045,79.79324649055286,657.9175368470769,2.223244453728185,6.505135345666128,0,0.0
28.832425105740768,76.40522461838711,76.72207848872016,176.960168030439,1.3815082275232216,6.6931815882942844,0,0.0
29.209016677498305,73.32692276488444,63.7651995952554,543.7102633610331,2.424892783042724,6.171795555595889,0,0.0
33.217001592011115,83.5405212387809,53.488563706439315,957.7995915499862,1.6580928469238825,6.31970813907128,0,0.0
28.823384596842523,83.50527291720522,55.44116878293512,628.2222322909864,2.1607725420199855,5.841071085363907,0,0.0
28.43687094092105,68.94682797035017,52.33952054551765,49.993617504916486,2.561648984699776,6.8853999327143445,0,0.0
19.133084689531728,61.49281845556061,62.4229582953793,988.7621377366268,3.173174572174987,5.952701654259145,0,0.0
26.812936373068467,72.078514778255,45.13239360172115,156.8663296488656,1.0077034956732707,5.826716784064113,0,0.0
20.55287301388971,80.91060006852317,60.15224029734593,718.0691026971051,1.5353516522898718,6.288105287682743,0,0.0
30.536374068265253,40.28260524205923,27.296726897432062,532.530039064196,1.240676357296949,5.785770584351275,1,3.4054909653851904
26.707772653815468,89.59985045074257,35.94171839368903,294.3606878043038,1.2427442538976563,6.530037444066809,0,0.0
29.563872246542005,49.14468861645996,70.16018232851778,177.3104854277091,3.364443532849762,6.272673174508375,0,0.0
18.708439310240532,63.51244928299881,74.22493584460346,177.7023642767157,3.340207336287631,5.721706681016476,0,0.0
19.441464272778653,83.60148674214334,52.34049425361798,858.3996812081605,2.873270199253083,5.60086962753291,0,0.0
30.177497597065596,51.25201995220997,21.898137032775942,872.9125141634235,2.607657606002289,5.705430242111491,1,4.215279445083609
19.22543371197745,63.839761195019165,75.61841424750608,465.145521624712,3.1199261158942577,5.704936982717141,0,0.0
19.211364372009395,46.62910900905896,62.123855481637186,103.62146292497387,1.1460218452264188,5.969275787673743,0,0.0
18.20584407899309,59.753816269409626,44.84167542532165,884.16510384679,1.298714482753071,6.749905973786876,0,0.0
34.26052377109116,48.856772739650125,55.902736591969784,487.0164861750891,1.792782308240835,5.585941030442309,0,0.0
30.53764211080312,58.18138743855785,45.78649006648197,438.7624228669137,3.0812309497412835,5.6921334081435555,1,0.632026490027705
24.00527394453509,58.6732108396361,47.92035360392306,407.3570244376202,2.1805813569162753,5.954348774139501,0,0.0
23.04110488189014,89.65853947991664,73.2085919395641,365.01417385920564,2.2589369085940456,6.329999768355733,0,0.0
23.94495490567944,89.74065146518862,29.665054815026693,526.0054036085942,1.573163574134519,6.64432426066547,1,3.050241777745996
31.16911003008009,45.73931393303062,26.220148128934206,604.5412266117041,2.620968702933815,6.881787178821794,1,3.5669777806598693
29.243300388197042,76.29843896641736,20.163724670780944,466.43220357295587,3.2196053851556603,6.118132312961565,1,4.475441299382858
21.148324653746954,42.587273983455056,38.8400225367276,896.6481634550445,1.8237855496461688,5.65875222163484,0,0.0
20.959858700679433,41.50960076685943,28.844825989065644,317.6612285294973,2.5479648494247105,5.820273315043234,1,3.173276101640153
19.672726045127753,45.26669471224822,33.19912970828667,578.3118567867813,1.8298724102795552,5.930871445430228,1,2.5201305437569994
29.225146234922747,88.2742828503967,20.674338959922615,299.95392019398525,2.9817977795858255,6.679146466742418,1,4.398849156011607
30.99433525776951,87.04317739473487,33.631724881262194,753.3500237925342,2.187399342480793,6.52996497640215,1,2.455241267810671
22.505789281525068,49.69639101403402,39.962694915942436,102.12109932823566,1.8486725555492616,5.813507985106263,0,0.0
18.356064337525517,48.08361677768558,21.89404978459288,188.69899679533253,2.0501221355282295,6.758118257595262,1,4.215892532311067
19.396918347099266,52.02675432579735,56.47424745782886,801.2014099269508,1.2280688034905707,6.788733766524635,0,0.0
34.45362059236552,65.77734970375711,54.128020933025475,183.1975952195387,3.165292883306101,6.82365816243797,0,0.0
23.022561217116145,68.4852316017705,25.822146710595504,625.7463461947401,3.395172638345262,5.912506283091493,1,3.626677993410674
31.07679351324827,51.079671521972365,55.70058665110406,970.243451904197,2.1935354493385413,5.700595367372618,0,0.0
28.619280670522485,77.83113940449726,79.91923511653266,522.8906137659658,1.5533430201953484,5.655936110470408,0,0.0
24.49297387409923,55.47765847013254,76.66813716869244,187.39644634006925,2.6616404977223467,6.10013163015954,0,0.0
21.496683457324437,86.10656627647052,20.1602596020598,320.6910456926375,2.130953698852857,6.1439872154195125,1,4.47596105969103
20.06356910870991,72.83613532283653,67.72269867982158,823.4580764542382,1.6307502020960492,6.802314996961265,0,0.0
28.455220456660733,61.817559715180586,41.21631657418916,351.6609131199737,1.0960828587253726,5.901634067291401,1,1.3175525138716264
31.1687742708424,79.49560008514227,23.819082220077647,723.5113590298135,3.22426112947128,6.440338212449068,1,3.9271376669883526
28.946372310199223,80.89573130233325,37.75899282297249,777.3500628840102,2.9918358801126193,6.682319064737143,1,1.8361510765541267
27.01513626523569,54.52408028044718,39.30419097877774,501.18284724516417,3.0725151440984484,5.903729341629102,0,0.0
18.713170798337817,56.985727191804216,51.394654358543406,783.2133843663889,2.0995993273284723,5.900709395165793,0,0.0
34.46430921910452,86.79775768643017,59.66502603613128,316.9030044282144,2.8831384798835686,6.503732893530406,0,0.0
31.57814125812777,48.237051918163594,64.94333673250448,516.1596467164057,2.453063159699989,6.589204420569732,0,0.0
22.977974623916403,42.10752084814671,34.754182553796,686.5582639721405,1.9369382410337326,6.939643961887064,1,2.2868726169306
34.65949559910046,62.70276613047746,39.30623421490982,168.0731473043804,3.10685522030545,6.774911005986505,1,1.6040648677635267
28.231987023817474,80.06049501218145,38.50290241158412,273.62196738218967,3.496893870111046,6.733077105804841,1,1.7245646382623825
27.90118518952319,78.58340531553729,41.76421208725259,652.0366033936521,3.2482057681859,6.538471335545955,0,0.0
30.717244050302046,85.97653144564163,79.97937853738031,655.3601198295535,2.940479929215764,5.677729950321907,0,0.0
31.80008639753234,66.66003321845201,66.67659816964556,493.30264645297893,2.8687699304809424,6.713861838073722,0,0.0
29.160136324635545,45.003233578326665,78.49942791612182,795.5853567821205,2.625622107542137,6.902982588795319,0,0.0
20.1776276882254,69.4344487168008,61.58666357282343,482.0549020049756,3.134043742098943,6.086076724738698,0,0.0
23.750547601906472,78.91978071766059,44.376242098837054,881.3222654137332,2.232703119561665,5.970492937579113,0,0.0
33.77742188554284,44.66640601349132,43.384651017618495,735.9034308719454,1.4543237754949825,6.283722463480179,1,0.9923023473572257
21.818465401345485,48.63287005487949,49.31486869850271,314.69486330334126,2.920124310673016,6.934683400703686,0,0.0
24.326839405237727,40.61453305778355,45.01218700186624,395.25400848455547,3.298765935439713,5.576248411260159,0,0.0
25.345307010051332,69.68262897234052,69.69957476556475,667.6866857698457,1.8533807298262488,6.563320961084727,0,0.0
25.46988482480569,84.33671959729523,47.90012078160157,894.4526188234912,2.9574582448928393,6.722002499811048,0,0.0
28.419972902406933,73.53316580010497,37.736861612650756,178.70873270350873,1.684306757706035,6.683123750085304,1,1.8394707581023866
34.032289241660024,89.1020043795491,66.49161612179911,514.6635387419801,3.356500683396705,6.350161607455492,0,0.0
22.091776101152583,43.15168262498808,71.26522456288367,118.78442132437672,2.7086524800344667,6.880844495759066,0,0.0
20.065523397115605,85.15005425757481,45.22573736842708,279.4551553201312,2.423189967955993,5.7017856378453375,0,0.0
21.356998327618935,80.70341436933404,60.06851431433192,685.9813592932423,2.9496753947589376,5.867725895115793,0,0.0
33.07772330355758,55.71207602497525,23.528272033298286,77.73463524816171,3.033077926393854,5.960434454627187,1,3.970759195005257
28.978783815138502,88.67632759186259,51.767891118288,662.3585818888474,3.230924745563368,5.5130161145374,0,0.0
22.860415417065724,54.39688740857075,22.698868264730482,900.811120945297,3.252798832118576,6.056003885811268,1,4.095169760290427
31.871097962466493,84.46523619141092,21.751450429668083,969.3702910184662,1.1317270638838663,5.740989756742917,1,4.237282435549788
32.64328993817841,84.03742885370947,56.77549103136434,216.6322010255155,1.3072690200319885,6.586939228236959,0,0.0
32.390743757734725,77.88288083014862,38.20012294369923,748.8979566078758,3.0651521954680208,6.122429210691097,1,1.7699815584451157
33.621751071872424,68.1735236906426,64.55222974732793,926.3704487055297,3.365129133450446,6.556689170637776,0,0.0
22.288097342947147,46.0001374808444,73.76495363795553,91.369310849436,1.7691796203098513,5.940479904618309,0,0.0
30.83571278868673,66.59858672482491,28.363470423821042,414.0236084892053,1.0215045460817884,5.697876621132403,1,3.2454794364268436
25.82917145366038,57.839812782746726,63.47137031473543,919.4097668721661,1.806762972587995,5.697983535332622,0,0.0
32.313975399131046,79.6108516577676,50.8711998973006,202.7874982548301,1.957160339931429,5.804895628656663,0,0.0
30.384341511747422,77.90646032484224,26.72715500976193,933.7606837878418,2.902583411808506,5.672823538931337,1,3.4909267485357103
31.19960659049532,85.53062536863027,59.095556388843484,527.1920710877785,1.1189616640945979,5.830820610859716,0,0.0
29.154751240578214,40.74150812158539,56.56800818638837,99.89308253755569,1.5316005902316507,6.36855151701916,0,0.0
21.01628908098502,80.4551608411523,50.93851204404695,449.87731675551504,3.234921465486599,5.884504022445482,0,0.0
27.265457621247954,86.92310265623344,75.58827227357949,326.2611954670662,1.3870510236285851,6.014419842226048,0,0.0
34.73938557191664,79.4650224554075,51.264781766240986,282.2041605518083,2.8981191299208566,5.579100975308624,0,0.0
33.93559713045102,46.50972299351834,79.43090692701276,541.4755756336838,1.9032760389476895,6.838313638854697,0,0.0
18.7339535085492,44.063955242044386,50.55372883088666,483.59269075187007,2.6566505373034657,5.707241488118495,0,0.0
20.80185186740043,41.04226199038504,26.951122298082055,481.96715962009193,1.1846162582574797,6.022998753405215,1,3.4573316552876916
20.239389148727554,71.43726129140356,48.22827506450182,88.14173110311529,1.7163948627151084,6.069218875507466,0,0.0
30.341658469750023,71.48363259299437,30.939725753304273,802.3181810271366,2.0619743437418,6.658189403539465,1,2.859041137004359
31.902350607568067,89.34568571091062,55.82800911304564,481.4393153557952,3.1430315651944722,6.225314279959723,0,0.0
21.62969322728142,59.90215870520478,61.58793051161607,820.9058287018743,2.408739644115294,6.074434433226936,0,0.0
26.599495780181094,56.595314244874835,48.106116722425625,824.5946415509503,1.113063232694223,6.543812047885669,0,0.0
32.2919514761904,71.22124635921962,25.862178060988896,317.1353248480432,3.0046664333153155,6.395522126052791,1,3.6206732908516654
30.45762626102626,81.2804336253797,48.11848391501317,4.346303807612362,1.1363037223787065,5.617201875680521,1,0.28222741274802415
27.21803249336142,86.83869747615009,24.887252884064026,911.2456774581185,3.3359164099797516,5.969050376811376,1,3.766912067390396
28.03591073779914,80.15620830895193,60.92755733039204,760.6946930862402,1.529293615100974,6.967912192898903,0,0.0
26.64212929757676,61.33369903079024,67.42209349190526,107.2519568234711,2.219815361642637,6.22500280454604,0,0.0
23.05832367241995,71.7457117656032,77.74281963362233,701.7270340031014,1.1807024219157727,6.136289604716524,0,0.0
27.605373878603274,82.81496633580585,28.928126427707387,20.0232686688806,2.4042809657444164,5.7248797019195585,1,3.160781035843892
29.71105013485154,64.53048441558697,51.94522013199825,27.759069220698485,2.243071751821204,6.758605260797732,0,0.0
32.84648956963373,50.83433218526963,54.052242052125116,525.8232395978425,2.0256213372033574,5.699961816238089,0,0.0
28.816953017647215,48.48617198739365,75.34859202685878,96.03742923634661,1.0889322925850995,5.657625616288522,0,0.0
30.939066129733686,40.00788722890284,57.63659843579085,964.3365224849189,3.1973409466287572,6.158500525787137,0,0.0
20.72121779422774,75.91189974906422,28.730578738719267,893.8312266502625,3.006591497032156,6.154970319053701,1,3.19041318919211
25.846477065136426,45.55486044229953,46.181079437791354,649.8120312478848,2.582575050822477,6.972203480020853,0,0.0
18.158637537060585,52.19195498479702,59.28575171037503,63.708970838313284,2.430574956584826,5.691300229859477,0,0.0
22.193540696867593,54.89381657613967,62.01706592415784,324.83525780706515,2.737366078424578,6.225740648006564,0,0.0
30.34984915692108,68.01899300683841,71.7844399154344,371.72299790604393,1.359975039785918,5.8018679681462375,0,0.0
34.86076917293918,59.89786386478846,30.83042719066383,480.87983582869964,3.33161061579121,6.552645837572488,1,2.8754359214004253
19.68602769298267,73.7336996011581,77.0925288053299,168.9028740064522,1.7116832287616024,6.087530315601893,0,0.0
24.8254033696419,42.781932966435136,23.548364720935535,577.5116427971959,2.641225681107506,6.47270183410121,1,3.9677452918596696
31.60120646788571,46.19695971322197,79.02572807413412,435.77064790922327,2.516889202854762,6.007616775441441,0,0.0
21.46860578869128,64.96057517666334,71.46602557198452,947.2969633928585,2.591534949289022,6.346818979950677,0,0.0
27.436444138138867,56.84823939234149,59.61636696573028,936.1952296252191,3.1973803077052807,6.203705462781877,0,0.0
30.46221203250447,54.790668137567984,64.0997300158653,565.4739553399723,1.7397780166265493,6.061547466205528,0,0.0
28.471752654423042,43.35140395187614,24.361520355127787,644.3493359905352,2.872370470631643,6.306287189001978,1,3.8457719467308316
21.196420488462074,84.78595873740008,22.488791773667142,137.79646777374245,2.495977659847923,6.075698015571717,1,4.126681233949928
24.041537667657572,74.59092930625255,26.10594779308193,223.32323884017157,1.1901508273866004,6.709028166676573,1,3.58410783103771
31.324460336251754,46.08090784098247,25.241588879848265,900.7154042019096,2.0353867022049377,6.242856400379329,1,3.71376166802276
27.42185074024428,43.25229788685703,52.842874008166106,699.165922895735,3.094878933164361,6.854690899729929,0,0.0
18.088903430229518,88.74362667156215,32.92663922670735,189.43019728307752,1.7883684723264648,5.834206361083276,1,2.561004115993897
30.936842920477595,74.05862752197524,71.61233823240359,570.2103060732229,2.20565970828219,5.668185819677678,0,0.0
18.600293033984066,60.872803554687074,46.74491738408433,934.7612504894489,2.2215964203841496,6.071451039262498,0,0.0
30.677474306430945,75.08655203778923,61.7306285874965,345.1711061619036,2.5450246670146566,5.775489342079653,0,0.0
21.442169522809035,77.81658932400796,59.17238557820959,185.82037551908525,3.210044649475458,6.089679089655592,0,0.0
34.28724916202947,78.99811011943896,39.1911823357826,942.0252769090984,1.433847996962891,5.811116416565974,1,1.62132264963261
24.254992772135438,63.89386528265288,34.59005441154375,461.2653602920992,2.261542206600314,6.8023244634597635,1,2.311491838268438
23.557837477747345,61.4941379062424,40.547377117798106,417.24199866276643,2.0606681482190305,6.351856794684482,0,0.0
20.53109685565156,40.55140421344502,67.79950243099026,267.5671997927502,1.739800225251491,6.246383897472457,0,0.0
23.195271663333653,86.3278557570919,55.17661090517711,891.5852949471442,3.299020442384431,6.681617641102444,0,0.0
32.903062951079406,70.16539391944715,35.21231975115052,845.616766889575,1.0204277310192849,5.695550519758568,1,2.2181520373274224
34.9376837396632,50.1576968594984,69.07078658362582,402.9903994367541,1.3052619815759428,6.785522080780774,0,0.0
24.26126201861642,85.98017097107183,23.285563166618402,30.613279897078847,2.833361124790274,6.22495608730936,1,4.007165525007239
25.626380726227225,85.74659508851482,61.951002499417726,446.65143050613955,1.6586040117172836,5.7046498442868545,0,0.0
30.27520594944653,89.4592082183048,46.34604834495865,180.8580165800533,2.8079481527306083,6.729117199193158,1,0.548092748256202
33.06532826790627,83.70282815694894,63.877423163953296,142.7340701488812,3.080634026788907,6.191162815617778,0,0.0
28.08175368117533,89.88921939100324,75.6476768146056,393.0936118954236,1.6365400420863254,6.406900813685343,0,0.0
24.655936869023098,52.23430940616363,65.00204587681424,99.0769373446272,1.4798607196575606,6.840413328776849,0,0.0
25.014571294426602,82.1124792599617,46.51792131868294,957.4645069316649,1.3632515817028945,6.836037448330623,0,0.0
29.825508490445717,81.15141543978822,29.058540890832845,47.539181781281805,1.5002215272061155,6.839228337334679,1,3.1412188663750733
18.05471048127274,51.54701796103669,68.38105854832602,401.3696273987272,1.6679634727929789,6.125376188789435,0,0.0
28.53301873681729,44.921877450049536,47.642331615282295,162.7027020316949,3.171874541351272,6.624408822670079,1,0.35365025770765574
24.043381177503075,88.97102568387999,24.518739407427788,688.8113215287561,2.9250110331310815,5.849906289616303,1,3.822189088885832
31.501354631710434,54.80122757603052,63.14332386661196,78.81144921456173,1.004610792295604,6.746765482794299,0,0.0
19.580840876993246,83.5445895233903,37.511117954995385,546.8055742086343,3.1852978552452447,6.012583459598979,0,0.0
27.99943853812264,40.206357733730194,22.933293770311113,773.1014952019376,1.1970307492549441,6.195868692940745,1,4.060005934453333
26.176539128064103,41.05124036098011,74.16506089844466,950.0598350489707,2.6381640438671816,6.837087472290663,0,0.0
28.919533940388867,63.29356543481842,48.9860655256346,698.5275629694127,1.378686920542066,6.708609927391274,1,0.15209017115480988
19.10251110621046,51.935734196753174,36.857663190381295,99.49175763458351,1.1556895262773905,6.928766807708759,0,0.0
27.85972438627823,74.4920641717982,62.983193473094694,88.52054971414103,2.8994267438029446,6.045209484741667,0,0.0
27.5452379953119,68.27821627839772,73.15414266095382,731.5980485380659,2.1680077846396077,5.7266279044863735,0,0.0
27.531221605074904,43.87428987252457,20.01842450202533,215.32940500346865,2.4976562832778977,6.865615634617165,1,4.497236324696201
28.25929033213973,48.13141481578585,61.271131102529225,447.2393086332488,2.0633825469936475,6.239731580664046,0,0.0
29.49995493284816,59.40246350292071,66.02070164110529,976.6211013513589,1.1679296562696053,6.834101186635874,0,0.0
31.684812994573086,49.280203197771655,32.595645636769575,819.9067984038755,2.8490454157174367,6.598110389099918,1,2.6106531544845635
22.586952242179642,79.61111736219644,49.377429884610464,846.5933573002005,3.0508778029220665,6.812204358283054,0,0.0
32.02583997306105,60.803511777664,25.35715393507615,860.7699047280787,1.1035513577217506,6.482084403556323,1,3.6964269097385776
26.470346598478713,44.671593342124964,64.80499295092085,619.545340121558,1.9392929924598483,6.718558020580991,0,0.0
19.30999074528363,64.21714511360625,70.84736111380116,743.9339238624783,2.3932913426754,5.680503998266912,0,0.0
18.995365797147645,44.54190905307071,26.491199439479637,358.96091463428724,2.512958556917293,6.952442033818998,1,3.5263200840780544
23.682051417833033,46.446865270990855,68.98761520597009,998.4462265728507,2.445382352853247,5.7714688339627225,0,0.0
31.343248610894946,51.980491601410264,66.29421022907201,279.62216965464506,2.7323516347553234,5.536754151846442,0,0.0
30.030575890595568,82.97638526237449,40.81479922225384,590.0074033035195,3.4170405060488074,6.296211062416427,1,1.3777801166619241
31.40645439943091,86.23062661664859,61.417371796015,282.0616783211933,1.9764663028217777,6.5678683942236615,0,0.0
26.79357395950736,81.31288646660346,20.002887433658707,112.07105056007316,2.3915589173889735,6.574627651375732,1,4.499566884951194
25.48338296524334,56.70386087089236,75.9078592679599,567.5858148436766,2.7476965736599976,6.00884926773408,0,0.0
20.506692954006827,53.622322055441586,53.02299411850237,353.34867086613974,2.4810595551945127,6.630747754601977,0,0.0
23.579276811358298,67.45778453951196,57.22033184371997,583.2192675233877,1.9668775750229541,6.763840081559383,0,0.0
25.37832922495588,76.09265802665561,59.87956481234592,558.6784766649928,2.560198219874566,6.415017613560144,0,0.0
19.50620730455349,89.66863940800874,53.682141033102006,542.2567291435616,2.6252788261004034,6.078988010830147,0,0.0
21.75040319609059,46.57853559394631,71.40583325236778,123.30112204652943,2.462421188315842,6.420361876249321,0,0.0
28.16982999908356,42.46459995119022,56.58210992909264,440.18077435035707,1.5127766518809271,6.793345600526985,0,0.0
30.506272942066225,74.71779444976355,74.46559947442836,812.0039393987918,2.26495339538108,6.850707641255521,0,0.0
34.971907693680144,81.61128917519528,54.93989733404054,315.1434955446358,3.210892024401751,5.547274940694248,0,0.0
33.862926632840484,82.31743899332116,30.267345318833996,443.8315052920652,3.1715046950806087,5.6835978375714635,1,2.9598982021749003
28.923608392098256,73.92317745385803,74.81375335035818,493.83159032026805,2.876969812490028,5.506771071891812,0,0.0
25.161216905999225,87.70079020595935,60.897649901586604,862.7313125917448,2.7429887860930626,6.238663273539731,0,0.0
28.81501520003996,65.55023817722935,61.95433966613337,655.5997692260189,1.3831978444011273,6.154586391220395,0,0.0
31.356077507363942,85.69073991681063,79.12890503429611,100.202534837314,2.148661661261123,6.3187024926875734,0,0.0
20.011715245697584,88.39060684957616,24.511793252574748,865.1709858050212,1.2773782743687354,6.525470097950915,1,3.8232310121137876
24.9683831248369,82.35787285015539,45.715556425710275,832.0659754820899,3.0432111240900492,6.0486756129068535,0,0.0
32.276638855805494,55.48792816293103,34.345723579196914,753.6459805991755,1.7276080160993779,5.812865903145018,1,2.348141463120463
24.525160182861747,49.81078255851476,57.82558788281943,466.05801831883764,2.917164660622735,6.09223056757849,0,0.0
27.721828610862172,67.40600324909093,68.40870102488432,757.5453834858068,3.036447228772257,5.513516501030227,0,0.0
27.99207913465737,62.650737519009425,77.97864253354476,478.7420626427572,3.231240243528852,6.744170015283389,0,0.0
21.13609630327187,83.88791710963665,47.27576641728321,736.6235343271629,2.8845751962194086,6.075589449620415,0,0.0
24.158002508088902,45.00158355335768,67.17309383855626,880.1101649725363,2.4118225012684533,6.43418251367305,0,0.0
23.686691908612847,52.88700306557593,75.02309552242278,890.5415851305968,2.4954622868167404,5.987088433759651,0,0.0
18.4453440450451,77.58994722593542,60.999525952153085,454.5785741874546,1.8014556920565479,6.422218583259972,0,0.0
18.411259986153038,44.749332248865606,34.56395314698627,859.3426793520292,1.4424904784761132,6.31065309038307,1,2.3154070279520593
32.13884974248815,56.03822070108501,56.471249066467486,101.45738050771314,1.3265905120594503,5.8128389948284935,0,0.0
22.64220376953781,59.35776970269916,78.1971228690312,101.81941748678102,1.4550588027919287,6.437986037266855,0,0.0
26.807339026059864,71.1296898281345,79.25322973169392,548.26694686748,3.3348797185071186,5.664433629034213,0,0.0
23.07833475100914,47.90663228596823,58.54158942300669,651.8446184562689,1.4110831355017095,6.221628770242532,0,0.0
33.991547166960785,83.03022451748548,73.21926547231936,152.99377597840268,2.8093436123213746,6.579817088483939,0,0.0
22.408044900718153,62.377111773313715,32.020961830916164,472.18004480599296,1.4615713582868117,6.32359408274899,1,2.696855725362575
25.3041658165619,85.85108559402782,34.764716297133006,94.36266781592306,3.4382244255394343,6.619406601181538,1,2.285292555430049
32.836414258238236,63.39349568169658,77.17325677309158,602.0994855533104,1.9164613386892437,5.9097438815427665,0,0.0
32.31287063546075,53.75201294703667,28.114122529688473,855.0940367528478,2.030341072572675,5.573227794985764,1,3.282881620546729
21.163724103386713,47.091441434383746,31.466386285608735,737.6389760195237,2.0112789469553847,5.58395556645457,1,2.7800420571586897
31.644936266527075,40.18725473556424,45.232915947203104,378.29155242927123,3.0411479601505214,5.903088227988072,1,0.7150626079195345
25.789177074544174,66.60787424924177,55.37505726520102,993.7937966371217,1.5457263118552738,6.111500638219137,0,0.0
26.21047082545104,45.35783484634617,56.2290331380963,662.9349764661367,3.077561839764073,6.306257808063681,0,0.0
20.269159531071043,59.58638818155891,37.518560519933864,815.248434442479,2.642647136105203,6.636491942106918,0,0.0
19.37022573387112,69.46358806185434,75.2368338770209,669.6973872917326,1.5507004194923124,6.75941422523881,0,0.0
30.37496821855401,53.784294845135015,74.90599445647177,989.4162910871266,1.1635188646022767,6.540521460846138,0,0.0
26.439839590040094,48.761214618305765,43.52408318314235,821.359767217773,2.9374813535973967,6.194813432084025,0,0.0
25.426461944458055,78.73608113046708,46.05750616581783,519.4232178954405,1.547407614540467,5.896730523807637,0,0.0
30.401639887090745,87.33955861408103,62.14982700943471,366.87956283758984,3.2226670743070747,6.14170348731089,0,0.0
31.013719282848868,45.0220208930983,59.77975378393405,682.1548291488424,1.3244631934118478,5.910094227869249,0,0.0
20.70143885037901,47.7795162192504,42.937820897657744,590.2218088070089,2.5409114120187555,6.4366939208064915,0,0.0
28.3738275411199,88.00063286263594,44.854655091260206,629.3505910275453,2.7304209843037777,6.727310290742362,1,0.7718017363109692
20.301019398720655,41.889211090612314,40.88233660529234,343.01176628375697,2.644256036393048,6.277283115370516,0,0.0
30.77337646249378,88.8816168275236,34.12310041719847,428.7284205705545,1.790074536240636,5.56875921198889,1,2.3815349374202293
29.168237656541372,40.23222415424944,47.48830177544838,558.0965748906498,3.1888088080511707,6.909622941874741,1,0.37675473368274337
34.26244855841878,83.68343278256657,61.186047914152425,839.283401921843,2.924513291871868,5.94142601770355,0,0.0
19.17228627805916,55.36625904938748,64.51800231885758,762.9089177629031,2.275515854053202,6.871765507778225,0,0.0
18.969930259571324,86.92944290886483,66.73241889535775,118.65587050279036,2.508232569846122,6.719602453790483,0,0.0
22.797180269784402,55.84726443177927,42.48392080718729,245.5542500193918,2.415928067368434,6.119687669963948,0,0.0
22.448996623510403,72.7153160767028,65.87815965709842,26.657724933027428,3.3667464433635628,5.585055650776218,0,0.0
22.198639584223997,44.00162848829683,20.390978941512515,7.960567965591414,3.241033091948223,6.92155585663421,1,4.441353158773123
33.40632786885762,52.11649057268695,48.622996263012936,224.37546928024176,1.588743212890175,6.488580500787249,1,0.20655056054805954
22.242285397441606,78.68396732396253,67.63426400796145,799.3209480093296,1.6568994442876128,5.874480973884086,0,0.0
22.623145344186728,66.43429268394098,57.8026832384812,904.7476581743871,3.453595180331081,6.3003043051533245,0,0.0
30.90977046110538,86.39845308935224,48.44378744927046,391.7683658985981,1.5914017548821717,6.453055763314838,1,0.23343188260943107
25.64557732165918,61.43757041706772,58.678520396380954,563.1985966066786,3.383698311206488,5.839988990717034,0,0.0
31.20407946823808,83.49061829069615,74.41676018891984,706.0526019553807,2.624384262741863,5.640310749755083,0,0.0
19.11122467859455,62.447771873911876,53.98290803661244,952.9366992517265,1.1252735976026689,5.9011983187519945,0,0.0
26.288710292447533,88.96241393509926,67.98717148760637,912.9322372974317,1.839317998652084,5.5714040023924385,0,0.0
18.571431203115804,87.99171906994384,78.84456351351184,57.19230338137993,2.190385179782229,5.604979765367289,0,0.0
19.065104458741025,56.45683527780402,62.334092124534,248.1658432092808,3.082732228626129,5.734877565239884,0,0.0
33.40943670685499,84.29618352084016,54.399545833343815,49.14454395517709,1.821463533188379,5.737609555972156,0,0.0
20.36717130899912,82.38056871078246,22.249156827520416,616.5424209890513,1.776445780311366,5.871927377399975,1,4.162626475871938
27.051151598678693,50.534019866378145,42.46867389527525,710.493316472639,3.30065814757166,6.906143848283393,0,0.0
24.98862524421201,71.21452003916349,53.9265640109071,308.28341235651146,1.1975858635029337,6.3637300343116046,0,0.0
23.904836546400325,43.63411577949074,67.83239430236195,853.8519081332146,2.378803036787488,6.133757769910201,0,0.0
33.29716687668363,81.83553602917308,46.286287378854574,452.8127504114977,2.260598174620258,6.345699502868511,1,0.5570568931718138
18.37099774518332,48.727294175174826,77.6034965458864,998.3815150970125,1.143336900556276,5.5085673297704565,0,0.0
29.284424664985014,43.540735069288225,36.30762515742049,0.39969258932492924,1.2193980512982765,6.842120364571499,1,2.0538562263869267
34.377705381630356,60.01095477694056,64.67403171261898,109.48970841855666,1.9549185824450115,6.298469711580918,0,0.0
27.522859118851315,68.84610692998217,45.14188502504765,301.7932429353404,1.3354030483619526,6.177475997543352,0,0.0
33.925981854562565,82.74584792798855,49.159309673954354,25.50759795371316,2.1951797611196397,6.912402909070947,1,0.12610354890684689
18.888383947862405,88.71212627608682,68.15012203192641,782.3394577382508,2.5222222135179484,6.5956121267255705,0,0.0
25.119486424260742,61.974625628493186,37.77291569910233,52.77178787128722,2.728491711257442,6.006131260063435,0,0.0
22.42268244635487,43.02234614926351,25.80872339570859,748.9796332938272,2.3661751648019114,6.904236222185418,1,3.6286914906437113
30.423956404672406,77.45577895129352,51.21533507680563,52.56845878954941,1.949150039733281,6.777996437490325,0,0.0
34.6820505384532,68.25866281119687,51.72767670822493,252.72726465304564,1.3243965665115889,6.931800593964508,0,0.0
22.36101106155221,62.39456724222316,67.83006633352242,841.2768156585296,1.618713537017694,5.644335906116951,0,0.0
29.120968225059265,55.46344393960948,78.0991523739261,951.0952942377243,2.048554192539634,6.932927334080723,0,0.0
21.367659756915582,65.11992639217678,23.318041179700902,414.5263426605122,3.3102862085057514,6.314324258307333,1,4.002293823044864
27.610614327717368,56.933980222851545,55.50136842458653,969.9389643125513,1.5065014529859877,6.508322619388533,0,0.0
25.886852273701717,77.85059338736801,60.876711818888,626.8809237585425,2.0333605773316386,5.818358349525762,0,0.0
34.52409060373613,67.19468482463205,79.1480810449113,415.8351224329314,2.8307721434351354,5.7106022350779435,0,0.0
28.34496363583993,83.8423887077056,76.5554128566147,802.8013439679169,2.7630083800047363,5.6190812463640025,0,0.0
23.94160832547592,67.1771957324721,62.74704588271865,295.3285201402012,3.413981486184858,6.133469638217084,0,0.0
19.939628343094867,51.913120666996505,51.30736467466795,265.7962613602184,1.477253241699186,5.832024204438878,0,0.0
20.57119608849389,82.55459411160723,29.691435337955674,656.5476769110743,1.0412990289999047,5.6224343630495,1,3.0462846993066486
21.830387809170997,67.8609522465022,43.05059331226504,390.48736196809494,1.805808152468007,6.932599293893038,0,0.0
22.266433242785066,50.34205190717806,55.10733950342926,135.91802694497957,1.37423153120679,6.600087014871306,0,0.0
32.46047298329934,71.17539049781111,63.51202379574522,66.9642352899088,2.3711726309587657,6.276781762300596,0,0.0
27.540787400802923,57.88583824712138,58.12397344874674,787.8425762484773,3.246947638125584,6.615021224211265,0,0.0
26.89764549336423,82.2202806146033,62.84736810966447,675.9107318023446,2.720567082431357,6.4171872584464005,0,0.0
19.951070821776696,62.66498693232714,45.74915027311386,411.7982246066033,1.3394971408753122,5.767048890820426,0,0.0
32.6223747869404,76.32206790537083,63.65763743426054,896.2276351710566,1.2902250609887185,6.450154666030928,0,0.0
30.287843154544223,44.776810381811856,28.62447536118315,410.85675244259954,3.2786245331885677,6.521518403295307,1,3.206328695822527
19.150362152300026,59.80121731511731,29.75517870578681,710.2954714653836,2.219023874731001,5.856206258736279,1,3.0367231941319783
30.033196652906067,89.16207182361993,29.769928749767768,909.1152752072928,3.309182479973243,5.980216970918481,1,3.034510687534835
27.240149694824986,80.42301447385742,73.45189742214657,840.7154587084434,2.840544288857541,6.0749509896390395,0,0.0
19.38933087769523,47.99704011834643,24.56204379851807,511.10477633957896,3.483371151588502,6.403819959520357,1,3.8156934302222894
25.79111090598716,53.888202473862755,68.09050236400856,680.6363924467327,3.1780693566524336,5.690211973084551,0,0.0
26.2398368812108,56.49079044281805,34.014253882804226,413.66577672736906,2.035530480654513,6.615217185257448,1,2.397861917579366
20.81816718277569,72.51827802477229,48.10579642971504,647.197172294114,2.895569568878976,6.019036406145046,0,0.0
34.0768684990048,77.84973797448278,74.95739572794068,257.5524383453959,2.1780704182998623,6.537658929539235,0,0.0
32.44958131517125,77.47633044039549,55.15623378125041,434.74211376955327,1.5826807327477865,6.899331090075302,0,0.0
29.37337973459484,65.49370281532015,32.60706117394152,209.54573760183902,1.6025731468908988,6.804811970137683,1,2.6089408239087724
25.85902453701032,80.54102689190756,37.04540361912843,38.184952679548026,1.993305361154534,6.606371694222907,0,0.0
25.000014206936644,61.853904137873755,75.22679743374715,588.5398505753723,1.2786655650304384,5.789990475476857,0,0.0
29.06654894156622,46.1940282647781,45.6286355065987,864.4293453507976,1.4444157122216097,6.598111552863263,1,0.6557046740101953
27.272341779917394,68.22209208269066,55.21912898040737,25.57827462319151,2.2515217093002473,6.453684108949045,0,0.0
19.058642799992057,87.61506923005533,47.59593179752332,196.0297407292959,3.384806193404515,6.658820233768135,0,0.0
26.712545029095637,79.64968256962557,42.706285282906975,460.18505927041997,2.444215855043063,6.8032208812576,0,0.0
31.70886149295827,68.93503238461211,33.396747615944115,665.8968168422533,2.021241872970056,5.967212671058341,1,2.490487857608383
25.807077919148288,72.34028301745485,61.171490029076125,171.22919366988643,1.6067507996732544,6.466456108630272,0,0.0
18.883261818422564,86.52810135177863,63.094521576327224,56.69482897062428,1.4897532617661016,5.912707277882,0,0.0
31.36672938952856,61.41713972174803,36.493105496443974,519.0487177268892,2.646017573447239,6.019427408854953,1,2.026034175533404
21.423184296311565,56.56970694713187,67.34065058328983,818.7097130573088,3.120813293554147,6.280966816382936,0,0.0
22.39655419309666,88.86207825002245,71.27211201810077,35.23490931277129,1.997139816097909,6.151245087598216,0,0.0
20.80000800834903,83.17215667551667,75.24050577437782,349.3694503590259,2.376647615933207,6.400945903705498,0,0.0
23.613656102815458,56.152179230930116,29.672744835102197,663.5147427933352,2.7668169031225975,6.638142205568057,1,3.0490882747346704
30.864775596706796,63.18902986804614,38.23542101679598,130.742006102467,1.1457389376389395,6.407530036906632,1,1.7646868474806026
26.829559611566935,60.75390645038995,71.62120085022174,235.9467768927568,1.8772426185904587,6.954700741893653,0,0.0
21.482981660562114,47.4547839335717,31.912412169673637,535.4926437862661,2.824382224405272,6.607180013680459,1,2.7131381745489542
32.923111328584696,87.89096619066295,20.20810755460972,953.231696364218,2.7115475662981794,6.9775177396929715,1,4.468783866808542
32.952891534176,60.21562156098794,72.24963861509806,287.3426182437561,1.1333693110402283,6.615161086081129,0,0.0
32.799833225782116,83.7664541318954,39.58696650508216,487.5274212207104,1.5945462459335125,6.261878308373948,1,1.561955024237676
22.059535593486167,49.467811384033254,44.869851508337,399.93086306441825,2.699893036112503,6.116508644640552,0,0.0
25.671068851076797,67.39354053186099,46.780041543238276,897.39667203008,1.6785401058897613,6.603490585204877,0,0.0
34.74482415439488,41.19806925621349,70.89647604003372,71.88986403111564,3.036025734843469,6.530686585819352,0,0.0
31.124212097269837,78.21102419211543,40.27352867560762,566.1475913407643,1.0737621479978983,6.503147055535859,1,1.4589706986588566
18.46184616083452,69.04569491231392,73.5367931513889,846.119699189944,1.4758675732336126,6.582675766339292,0,0.0
19.108478051428364,71.27947917348763,57.01634828288288,988.1175770625917,1.7032824501263955,6.808258169870023,0,0.0
25.886833405809657,42.58604412773267,51.637203442021054,698.7254975218074,3.313224587025221,5.841640461311129,0,0.0
33.45674349964652,50.55191651043077,39.53687042764774,379.93547566652455,2.990797390926664,6.347342093341776,1,1.5694694358528387
27.157930565196143,43.71654361767901,34.62270177687115,411.8243525339439,3.210362716323294,6.404951781440962,1,2.306594733469327
26.46281263658293,54.44571579019059,57.44350656664092,351.68221974276395,2.1011978679432186,5.939285256707569,0,0.0
19.79305289926272,71.37195038410755,46.813649603394566,603.6130998069534,3.05640522819105,6.981924422146598,0,0.0
29.165261780313,68.30929921586876,74.63096059592039,739.405770718251,3.1337339296168714,6.678306874519329,0,0.0
31.975753730203834,70.60749108066952,49.498322966842984,819.467563588931,1.9998920596874992,5.981899153758079,1,0.07525155497355236
24.46714012762856,67.46256356889472,50.70769500207147,416.59310968317186,3.4861546193606316,6.037651533502125,0,0.0
31.185401465730568,53.651439783792966,45.003396868160046,716.7085022590393,3.1280965730396733,6.577387223260191,1,0.7494904697759931
34.396103116313796,52.22537486722126,67.3557798194771,916.2225920297764,3.4352424218619717,5.517240132240014,0,0.0
21.464029805170714,46.85298417682906,45.490351886556226,920.8247944507053,3.1662427716129136,6.196060506511717,0,0.0
26.896603730310602,82.45354374517461,36.1605199849853,704.0290027146425,2.94050910063902,6.014666458153339,0,0.0
22.881345287437785,70.82396792706223,71.7218524576106,636.9021928125361,3.3596096836613647,6.781004451958382,0,0.0
31.478525123575267,49.325550625202986,55.80969328191442,531.5260755250067,2.0495481114614753,6.686942365673384,0,0.0
27.81908721997968,48.86046899106198,55.4906131861401,183.19766818212858,2.9583335837421565,5.99814539008073,0,0.0
28.787901098355164,83.65178007630684,56.649332429835596,123.62965260541847,1.5322280147902738,6.7971954662481515,0,0.0
31.5645407134702,77.13654318816597,63.130384892340004,485.7110067893803,2.8319846368026926,6.870400009101292,0,0.0
24.731498035261733,72.96995399526857,38.78407935875401,159.44415620745934,2.963383207630982,6.328688273701392,0,0.0
33.55653116291973,60.34320537696499,22.03066224998017,576.999925669336,2.7913110247089747,5.738855503987109,1,4.1954006625029745
27.06149074318438,53.098778213925875,68.63558965262058,645.7027303012181,3.1245326633929045,6.655492124272402,0,0.0
20.685231988200915,88.97253815564119,27.734303232898245,525.6155975200408,2.033338617124014,5.979016360041544,1,3.339854515065263
29.83028500886964,79.86197875114001,63.309184232632646,36.42671251261365,2.3619203301887284,6.290922085059703,0,0.0
31.485442957450324,55.08896115681382,24.938917897239726,57.72795880233217,1.0266685267381774,5.568382996791202,1,3.759162315414041
23.384948510147954,82.37823981392474,42.518470521709524,113.34118468148546,1.36513290751506,6.250135633925667,0,0.0
32.5720473689788,77.94659743073407,23.781564189892293,153.64580498833902,2.610484814069554,6.070396799860579,1,3.932765371516156
33.40443533101803,54.85402749389992,51.33282077766347,989.8826137693331,2.4057929991126126,6.529097939861199,0,0.0
22.707376285422754,61.32764271208198,59.18814636689451,344.49501686312243,1.49333128385351,5.561175519934163,0,0.0
34.71986503615878,49.297672269551335,30.2859884706913,291.9733736412862,1.6086619854007038,6.43741820820392,1,2.957101729396305
20.392095976828895,45.55262221890547,42.29765710630413,52.266635664229064,1.8602055048086452,6.657934110361099,0,0.0
21.43426636284233,76.13810164198483,75.81436946258322,635.3203906855965,2.791036782358773,5.519167219950796,0,0.0
21.131822267046445,53.37559286769333,46.54334702644741,652.1907851312807,2.5242915066582525,6.624945017008015,0,0.0
33.197825070133796,81.00296828731268,68.1526141385934,175.44868957866467,1.1739281604382246,5.6953060409127305,0,0.0
29.122973389524354,89.7804355757213,75.63108470361254,919.2415409246131,2.8998478725309016,6.547084173209441,0,0.0
20.58577281477864,43.83099069648243,78.4607494986372,800.4935465951273,1.6566489075550739,6.1829145645635615,0,0.0
25.485498112261933,63.65175625418502,73.89932118148215,230.31931680750805,2.6793991960110506,6.32798695946765,0,0.0
28.460066426186636,80.10312796554015,39.04431974953815,485.8497309165374,1.3084071116538762,6.006020875646219,1,1.6433520375692778
19.418889444819516,79.44754482706168,77.75437316967158,458.3908561988499,3.4948031917979203,5.868199609491127,0,0.0
33.00107826292476,77.99985791654842,68.7437145047628,348.5204443423208,1.2008379267192852,5.606571037086024,0,0.0
31.6612601025061,57.44974676509555,70.23053501836927,817.6347128256132,2.8543350710024877,6.79703498122181,0,0.0
26.58851515080285,62.69266278425262,20.910379050310087,109.26448562115098,2.3533258981327383,6.415643823453523,1,4.3634431424534865
34.4411524594059,69.74841786707351,77.25433179909763,415.3142398277927,1.2148479782103458,6.974198738981376,0,0.0
25.101936647676695,88.69702917866286,66.68541343092444,428.03113054921704,1.0670261438768889,6.775677850607375,0,0.0
34.72987542362046,56.37736354692464,66.078049790474,468.72560461417964,1.9066642937916967,6.804449900828723,0,0.0
29.354639979661663,86.15719438584289,24.891483855715176,861.3499910986286,3.0055598300178596,6.3967745210240095,1,3.7662774216427235
28.789411645317003,53.4678459090247,33.95411246439988,218.16687020150127,1.1028781007034811,5.621414056699067,1,2.4068831303400184
20.821233220028347,89.45372327368523,77.73569990827394,102.92317351227275,2.7609966583201353,6.870094393098815,0,0.0
32.99277189117895,73.51318434137958,50.040624488328575,617.808462821108,2.6384406906605964,5.676829351223855,0,0.0
25.26732469465046,63.175574017927545,43.871481094235364,173.83447497804715,1.663844191931918,6.275719014037854,0,0.0
20.757967898302148,70.66952140318024,70.39644902881483,74.93208585461974,1.1937300893372256,6.785283607167466,0,0.0
18.214327839587902,53.62655845201034,25.24042484683666,426.6492205710535,3.288304901385155,6.208612021484981,1,3.7139362729745007
27.515846621852504,53.708692875573334,45.01652097626356,219.64643085814095,1.75087450684181,5.748505531236375,0,0.0
26.965793576085495,45.67772719217469,42.542046465325015,361.21661886798364,1.278458079466903,6.059795273060366,0,0.0
30.229011580275696,45.702514885269935,40.991083221823565,259.71108010245746,2.70379269590229,6.982581040314823,1,1.3513375167264652
33.13438690130263,57.38358707344557,38.46153461918439,92.63646272341575,1.5417030719790699,6.999638779736864,1,1.7307698071223412
19.349911938931502,78.14277389481859,32.60449740740468,560.3472029242016,2.189076888906575,6.5662524850716135,1,2.609325388889298
30.43544033578616,70.39855837990812,30.374648179431333,27.01841803948568,1.1260138605900827,6.831988464031683,1,2.9438027730853
21.186003049658897,45.12922801655104,58.424367015180444,966.3753479943995,3.482459872270262,5.566310092246871,0,0.0
32.58900990367179,82.61182624879555,75.1636904725207,341.3305217349662,2.119052816938731,5.913957362473737,0,0.0
31.924079735648153,70.06838134950331,50.531098714992886,695.1575104898038,3.4977749532738356,6.053439324060748,0,0.0
27.193493834754257,88.04277883923899,37.87847314079866,810.3628725474499,1.964187192335166,5.517996471202273,0,0.0
30.074127576596297,73.50927337056038,29.54961186333358,279.10479553955514,1.8696313898555486,6.065442333395423,1,3.0675582204999627
23.343951924123722,48.75874318520905,69.80860190315565,748.7387091100683,3.2864308206676838,5.639547377589101,0,0.0
26.009854281857848,63.68916811539111,78.28952338839284,832.4208554247095,1.8236646346112204,6.27611395302341,0,0.0
31.967827261078018,72.42487987736021,40.94932408807111,241.3172338116135,2.080013868290677,5.506628963348395,1,1.3576013867893337
25.807508351944637,41.413235052498884,37.457025533127734,992.4946768960727,1.1952760917853937,5.905674832850727,0,0.0
24.08257051053251,40.745513207740395,56.08957717849648,20.688682842089356,3.3886559700886894,6.799425103951317,0,0.0
26.4016116032551,46.4701500299284,66.51973885720554,217.0004802355411,1.2128781021272554,5.819587080880397,0,0.0
32.08023729143271,52.58322175227354,47.324168212979856,780.0207562769929,2.9279623338383103,5.597265144473422,1,0.4013747680530216
23.698536805304837,61.477456176033776,57.80438899165695,194.13102505575287,2.3465384845279424,5.874596176674182,0,0.0
20.953947083307646,64.37202368798941,62.99294408139751,698.2598633062065,1.1535128601188367,6.74133805900523,0,0.0
30.104238345623273,46.90138044689484,77.63553727137075,855.5304049829036,1.0042595701026404,6.380781045241797,0,0.0
32.04162961603739,73.66957895579154,29.902239831205005,959.2142726342602,3.3388840963178232,6.379111554006311,1,3.014664025319249
19.710837134900068,69.80690308482674,79.84294962952217,474.24751540026955,2.8554335105888597,5.500861017501253,0,0.0
22.07785991685106,54.72320494205801,43.52939931447373,971.1091229821174,2.7160906088485373,6.208226820813417,0,0.0
20.413523825936895,40.6829941717646,63.39200856359322,411.6222966816786,2.096391326498055,5.898427059551854,0,0.0
23.915003996896832,43.88239576766453,54.34486267837983,218.12803967438578,1.5965344667774435,6.004313518324593,0,0.0
25.655966641392016,59.58473877554197,49.200117020530406,513.9218530847253,2.699657686826435,6.398029956502182,0,0.0
30.73004772837621,47.698717558284194,61.88452212389519,649.8232443114927,2.520752671542748,6.811509662688032,0,0.0
29.06950894298846,58.84098030739854,43.745231013415705,457.9633160499438,2.815855487120841,5.772485358756817,1,0.9382153479876443
28.55578564713333,71.40913022551776,27.56659888020838,566.9724439667916,1.9144812962506552,6.652333035502821,1,3.3650101679687427
23.990374092364124,67.36187139396418,49.33360298727439,416.4091877271886,3.467309401282976,5.573353266157656,0,0.0
32.30460840244092,51.55879415686971,51.314952240939114,524.7619540212498,1.167521638571332,5.990093748868914,0,0.0
26.011881845768798,57.19112456293762,32.114129203996356,952.5956719465615,1.1992540425905351,5.828369034519778,1,2.6828806194005463
34.644783946257625,70.70155992243252,76.13716137971943,499.831152536332,3.2921896189515376,6.873375975509433,0,0.0
28.780416351027526,83.04275140217243,33.64853879877748,253.17963280926026,2.619266087297609,5.766996859548774,1,2.452719180183378
20.146500606596547,77.66067193694386,44.553655645045865,758.7466215125706,1.815835170455261,6.367947877196517,0,0.0
29.49501855528238,67.67000134167074,29.295781210683398,337.5844577815493,2.9048818942515657,5.74717474863286,1,3.10563281839749
23.526768262338884,58.11464991582431,52.14779877121665,816.2071708213907,2.1319334696325996,6.21022557291502,0,0.0
29.667562343663654,58.25256387709027,38.45825648600538,56.84198898388515,1.0528037720193302,6.1200998520476215,1,1.7312615270991927
19.183899518760896,83.9708655132198,49.35635119856504,332.1779771086913,2.6277591735498933,5.562035788350772,0,0.0
20.97298443199131,41.96217880202732,33.47701498749211,94.35990826063944,1.6077798427288073,6.738801390550906,1,2.478447751876183
32.54753340139837,89.39913222101305,23.226507676922946,85.31782424583145,1.2883377915251695,6.670169072674966,1,4.016023848461558
21.862052469399753,73.21877054257811,66.75359906493532,658.3895591724372,1.5631829562485104,5.916787558101708,0,0.0
32.22969912912998,74.05688495361952,58.4651770375795,385.3348013536074,2.190394702823121,6.42099270534393,0,0.0
22.747693503724978,41.89989186523711,40.44436134266077,871.4789419851126,1.1246410782081007,6.044004371321168,0,0.0
28.928992470998033,70.27646374456361,22.849653480939335,516.4051378735292,3.2078809669488693,6.653840714919932,1,4.072551977859099
29.800559749667126,64.23890300452234,71.93450376182726,295.3432211722827,2.399795041423405,6.538726684424287,0,0.0
26.7151308034659,45.28894534470335,30.18770029614076,720.8888879621948,1.7324904502885392,5.635700471679943,1,2.9718449555788857
23.19028150384443,53.896100538467955,75.84453309688568,624.0167915856997,2.7175121202217074,6.766282248054795,0,0.0
21.614954398308633,84.51572281068256,48.71572271575751,799.5946208292034,3.0105912424498533,5.769139157642563,0,0.0
18.564219027561247,67.49942079329765,40.42320259450902,643.588276341885,2.5348115699587006,5.761164553698091,0,0.0
23.167088821092307,60.670828758695436,64.50556861345783,167.01341709892026,1.5062367047763088,6.600620312229328,0,0.0
29.103767439031813,43.634107792040545,72.61036436451114,670.310037667066,1.2757210503661092,5.774876592086143,0,0.0
33.951181913624204,75.70607637011528,42.24281381874265,391.54919761581033,3.1497492425834666,5.683595430312143,1,1.1635779271886029
32.81047619847188,75.14254116980163,44.44062513021123,463.1430302575681,1.5867185338793512,6.003374240842722,1,0.8339062304683154
31.023101201100143,70.70218034862818,45.98949316083184,921.5645757373447,1.0502060766937442,6.758068721204765,1,0.6015760258752237
31.403604835306076,65.51313231103246,75.33938368872015,359.964046297747,2.60725527038563,5.765213137348782,0,0.0
29.30474335909192,61.68922011036864,61.55383949085996,611.9591429908387,1.3822133246607824,6.00860948967673,0,0.0
22.42487657862205,69.66355464939961,34.85876702273933,363.4817334122396,3.477424549411438,5.9293809258658845,1,2.2711849465891008
33.42231552199911,51.669772586420336,31.099981850118766,94.72748535779174,3.17432707934853,6.034091297079829,1,2.835002722482185
29.402449302399177,87.06295320888239,33.82205980548896,453.5253420483005,2.5211143150030444,6.571407691536543,1,2.4266910291766557
27.52749072666748,69.43972645901148,35.813833351131045,597.0615044596519,3.0846641065213585,6.108198371476583,0,0.0
19.886820976629178,55.559622217718825,33.81100948004009,407.5032920375987,2.176339251921741,6.639365022011264,1,2.428348577993986
25.59994424470923,62.48399254425786,59.51038683154377,390.6661846781844,2.971215611156088,6.460604707372551,0,0.0
25.826090610432747,80.28423944384463,26.95601063945038,820.378513894397,2.616333880992878,6.041648773163376,1,3.456598404082443
32.69758136188539,48.08080303651487,43.241509382477645,29.68517228947021,1.07161161992414,6.148361172410846,1,1.0137735926283533
27.293019743192403,54.64178112301302,57.50321437822199,295.58539674011996,3.371894168882106,6.555434068087755,0,0.0
24.466809332496965,73.97540113682777,37.45159843657585,811.7572653772116,3.152298945491718,6.302133119767345,0,0.0
34.60560558468121,55.774460324111196,23.916463082099483,920.5301486111638,3.383518476483055,6.80251024214108,1,3.912530537685077
19.882250086547366,79.6250840930733,24.909435370758096,412.2995858408283,2.828414836402039,6.8997751277151504,1,3.763584694386285
25.18332328130306,46.522674358868045,27.55800657828118,888.7942431960763,2.030152304154055,6.576560989057514,1,3.366299013257823
18.71441947791389,78.13430852273044,70.15058149208932,198.93012212503268,1.5174630582157056,6.983810679733419,0,0.0
30.578370053037816,43.41758574252831,59.471810336298184,221.42706786017263,1.4499908689146725,6.394805181129002,0,0.0
33.60730138738556,40.62963063337474,23.871344665858686,846.1913765848035,1.362290620969429,5.559746185466061,1,3.9192983001211967
22.76063460235832,84.91117594160811,43.464132749085195,903.2577413406182,1.5515241066037944,6.257278084190745,0,0.0
32.59180850558506,69.06696084661493,36.715110370823936,222.8057679626675,2.376590033368488,5.845013919078788,1,1.9927334443764095
22.96770991785226,57.591344854340576,54.68240669772801,59.32418996861111,2.7093626582196024,6.000569770576463,0,0.0
33.48309274794656,51.62973184819252,51.3683569803388,90.32413705528775,1.7851414025406704,6.235105078222304,0,0.0
30.817352361145325,70.8442891630408,48.8674414021829,261.3808353763633,2.371867423769659,5.9425762066162475,1,0.1698837896725653
31.683415206304456,65.45010917683692,38.87074222235679,761.4490771467949,1.8531316486346254,5.964432458147755,1,1.6693886666464817
18.306111445207726,89.57988877649926,28.267986322639445,509.99182779628285,2.7412749341849896,6.103024504615274,1,3.2598020516040833
34.367776070258444,89.16079933268729,64.54258297235828,455.58884224276966,3.4712155508006277,5.929686021634466,0,0.0
30.353406865195495,71.75122830708048,72.79140613055927,584.1399311660009,2.722542420957209,5.754251492771871,0,0.0
23.180768621564265,62.143525305294524,76.64905455396904,890.2231134621862,1.1475764420941332,6.6483403938569685,0,0.0
32.0997093026004,64.5570484567331,23.517138236814827,90.43037956565757,2.193087394584973,6.092817643560767,1,3.9724292644777757
22.785860373053808,74.1239533118431,64.39452269533297,694.7241276365813,2.9259687315863268,6.74763595073494,0,0.0
32.83681527262418,45.07872721176907,63.590207564417746,926.7908456554052,2.355604015633956,6.824075484271942,0,0.0
19.91386663700293,56.41760369053591,76.82657684873536,213.3500417584,3.377657574307245,6.6264452292277305,0,0.0
29.96266161683353,43.76361205018019,35.174875669865926,837.7723159618345,1.136929198010528,6.095009743062752,1,2.2237686495201108
27.191874102963475,43.66803797584598,64.5307422977094,698.0247107595022,1.7278888582391951,6.5819831695322115,0,0.0
19.641085993322495,49.791962094711685,23.277577325989075,14.468536073144689,1.5517952690994714,5.73283075656786,1,4.008363401101638
22.112195080400262,64.26266272966134,57.87474324569715,231.6116803621282,2.9190555044089717,6.491673638733329,0,0.0
18.21086861671435,79.23871605813946,41.050869443130786,605.8447608958808,2.309482671210017,6.109048095930792,0,0.0
25.9690554128966,64.27479455829362,66.13456637284851,502.40033949121164,1.3458605283825145,6.483466622487587,0,0.0
23.121509432920007,56.77383052804349,71.7982571861236,527.9362525268659,1.71398315865357,6.632185888212585,0,0.0
28.1720772330619,44.11764951683791,41.889262533050974,231.93042460682267,2.306648307490937,6.344029732049952,1,1.2166106200423539
23.053042731046492,67.51477615915648,51.53516556195804,675.0034707086267,3.490322453134123,6.463717889582341,0,0.0
23.09862489561874,53.56342932415884,27.044243741815993,266.4183709367769,1.9107308935384295,5.820291897107887,1,3.443363438727601
30.634284378437258,70.74670889585737,45.01441791340859,389.4349664784539,1.3920652433492382,6.389049332063998,1,0.747837312988711
18.818428211632007,88.85938695662091,41.64802359555016,368.9159158800762,2.2426663144791448,6.190711433192874,0,0.0
33.34921491826378,45.56571607387751,30.98740758707106,672.0250221198986,1.7754659430826645,6.142079289335811,1,2.8518888619393405
32.48848586465009,50.60626993609699,73.66871748600656,90.25276168321739,2.41491705957137,6.115473631556942,0,0.0
29.35267961484891,63.65472690496874,28.885270282409614,205.54190104018522,2.166775756963065,5.966386041978803,1,3.167209457638558
28.084766691825536,88.43069076729648,58.14436145181123,200.49707068506783,2.723724804281307,5.958001993579643,0,0.0
33.16914246837409,78.59048881349977,73.40855860879327,108.4246741157101,3.2857267721687906,6.549559641925805,0,0.0
21.150613051988145,84.9114596581415,74.71811479179354,207.59497883645906,1.5012858769218775,6.336699633753467,0,0.0
19.342475757244088,56.68574242378965,67.5943819904341,607.0602679233543,3.052950175920995,5.544928161045497,0,0.0
22.071672888462146,89.60192368892973,30.568468032450596,732.1681708741881,3.3731642888713385,5.572787845118305,1,2.9147297951324105
31.507830737903234,45.14164080320787,69.04588455283218,660.3034469691227,1.9340242037949054,6.35517850157234,0,0.0
18.589394534350216,42.64864530230504,36.59388874493747,475.18813798088235,1.284156751491747,6.76942521820774,0,0.0
27.907716196419322,82.7801313527014,75.34388164595055,52.43457109606364,3.0547779269572293,5.565966716813435,0,0.0
34.92243777525227,86.36324351034932,62.54520088543097,959.0070106867751,2.752739523595597,6.260810401165171,0,0.0
32.54683359523817,44.52926787730509,67.1160536605332,168.07646083749194,1.5317805120851293,6.776703063258553,0,0.0
26.864576713741023,45.67137133729207,25.101947210116233,668.4213704056708,2.1130589829563755,5.506671967148244,1,3.734707918482565
19.08189545787292,41.658707887788694,54.965906806612665,912.890615482111,2.444980516224719,5.913690861402709,0,0.0
32.133349744557066,45.22537813213621,69.26852761392078,697.7770959809886,1.4246352166285605,6.879880327519061,0,0.0
28.18263463901258,50.470990840014046,71.69542116634996,218.04964018895024,2.7872820665738995,5.622204435087357,0,0.0
19.953860950012636,88.50383094550006,21.717902284018493,315.79629876402305,2.724706853485891,6.41049471624923,1,4.242314657397226
19.595573841997055,73.39301111198402,76.34955395330715,30.20586701109518,3.2178165312790714,6.26107249989899,0,0.0
33.46365593042207,78.9276512759271,22.600323998148784,612.7582408421135,2.4181824110704877,5.7275190447233175,1,4.109951400277682
29.37640446994733,78.8069701845761,56.87112078049099,612.9929808815666,2.435782576739092,5.563730514979218,0,0.0
32.097875588384845,66.75368748896074,61.60325165691872,725.5005813763793,2.548468389923254,6.2538806526167505,0,0.0
32.94264130479854,79.87444888565085,26.44071747007459,10.99628927562135,1.6844581534547665,6.602695283483589,1,3.5338923794888117
27.720129984821476,69.79037661949849,22.88071193655156,817.8412888244666,2.896514628195007,5.765864165986867,1,4.0678932095172655
26.7965879798357,55.72730488016788,67.09472926704375,738.7109574003081,2.656248153156578,6.536979743230584,0,0.0
25.317265975456834,68.05550543842003,43.080237487846034,140.8866095240888,3.097864063652277,6.319574967628146,0,0.0
23.388091992449027,66.67542930672568,26.42675091890742,347.6266092689786,2.92146501243151,6.0367696383861,1,3.535987362163887
25.3881313345981,81.17265268796604,65.76006898325852,638.5248929042168,2.596430576260156,6.496645744337729,0,0.0
31.155954147412658,89.08636086908295,70.94978420861723,495.7968749403279,1.4022303772739975,5.787965166375736,0,0.0
28.23269832725724,60.55212827104653,55.243171445528446,115.09426390126242,3.2978683080220748,6.185396981427192,0,0.0
33.17289592923238,78.16953392206798,29.674208506078735,87.34537513658991,1.918030453457871,6.32395747234735,1,3.0488687240881895
25.53746024444619,44.98815020190668,20.91334828948945,781.4562991080916,3.410746421291906,6.188043310398335,1,4.362997756576583
28.320522838218817,78.84156847241442,62.048148878116635,155.96711801780984,2.004677005001368,6.096252065285753,0,0.0
28.73222840256381,58.57084559966161,53.008380489519006,172.0926739304436,1.364845731707927,6.611370459352355,0,0.0
28.058851759207535,41.96950814448434,59.04782850320477,830.9231253567576,3.21209936874917,6.484151449783525,0,0.0
29.944774142453777,58.16230892810886,68.79108021197575,612.1396345632171,2.987646850321763,6.459193128042125,0,0.0
22.036368962371707,70.53213754608224,46.05366661957832,604.7156081539724,2.9657401402828487,6.837700967370344,0,0.0
26.710184218278442,45.96250838407333,27.470928130017224,479.34577136334,1.2235268768277954,6.990250986032196,1,3.379360780497416
19.77182164774191,86.20172462151274,76.39899712344959,568.995014402291,3.198199582629918,6.350806799830312,0,0.0
24.536692569961815,43.88362066364193,52.71572763481144,601.7696903718111,2.4910015929071525,6.0224018165420645,0,0.0
26.290340166561496,86.50033599165832,56.917647145312415,967.8262348435803,2.1758893406823843,6.668313023772722,0,0.0
29.08781241227303,75.35687589678432,76.00468577310507,222.97330746757927,3.2829290535328464,5.713148594174249,0,0.0
34.15902789396546,56.48560877071018,75.89501937861579,214.5624197004591,2.665103381204851,6.2693637565662685,0,0.0
28.21106813132205,59.53751738545466,54.325676403690416,57.21848770531568,1.3325770596324649,6.286762722931959,0,0.0
30.641096575001516,77.04046823663721,37.85668548328557,658.1987988093223,2.298842940141759,6.975201801294479,1,1.8214971775071649
26.606523011418446,70.07355504406037,79.82681804076435,549.0421808222619,2.591541472118907,6.986510222480072,0,0.0
28.779768533397633,73.58214607274726,60.84902539721216,111.23920384663977,3.2463767443290856,6.6988212074213305,0,0.0
19.20584767427415,59.458230825674,44.50620061352339,364.5389351181872,1.6997352541872504,6.20952353167837,0,0.0
22.324656874311398,64.39067409037995,53.59020817121538,178.66320533120384,2.985584714118538,6.320838684962175,0,0.0
24.151502584487357,89.49337420189467,44.95004301608178,331.48174040086155,2.999532259586865,5.979612447277637,0,0.0
26.03238703511073,50.696143524985885,73.29830913779884,951.2641693946101,1.3201237120592018,6.744768555516721,0,0.0
18.776028673540523,60.89280932610657,48.94996249194477,683.3188388805289,1.0430829568896822,6.619819290753559,0,0.0
20.3804096584064,54.591159378698364,69.41170255887482,7.569100795141948,2.453524239746141,6.657137931736185,0,0.0
22.7058432324522,78.25557552199248,70.41057786938023,252.50807378412367,2.9736972157274644,5.708014507232653,0,0.0
34.51605574531786,78.20063128328604,69.4599402641149,10.361547077779033,2.386077060818243,6.097950956965511,0,0.0
23.632899120751862,54.62227304986979,63.331316748540466,714.8684987686808,3.0333687129996885,6.306027535632916,0,0.0
26.194697987905403,44.06951583164914,71.29266300845491,469.42180205547834,2.555757851168785,5.686986952985183,0,0.0
21.33366111655268,40.5716338336102,43.23377477737815,994.0186918143893,2.633230904180751,6.052934539575389,0,0.0
28.38326120828806,61.37252666212427,26.87979236851762,733.5832610226582,1.070386064406314,5.631148783621316,1,3.468031144722357
22.771614663771565,60.516879716788544,70.54725226235087,517.9129427078819,1.2214955072985654,6.938261840912396,0,0.0
21.518873833453256,89.41949393199314,49.890104941240715,804.7054282081352,2.8125740442896867,6.6268949943640365,0,0.0
26.781734683581647,63.490103784883985,27.642561951671063,704.803651234076,2.9071082059407227,6.431122181477143,1,3.3536157072493404
18.093598585727154,52.820918478771034,26.918751330920475,243.77617763598712,2.355444945160815,5.807284650290422,1,3.462187300361929
18.13028855503683,84.56147205157336,29.554543640593565,530.2582748275165,2.4754128186275866,6.001191155766212,1,3.0668184539109653
21.724169754731584,64.55339748267892,65.05839558002634,555.9987248340709,2.5359145996126937,5.7167273528700395,0,0.0
18.62426316251396,69.9587817605289,62.651400407976865,451.2316986078034,1.2624782971348736,6.304179440441507,0,0.0
19.836437820221754,44.78343552141063,32.229120811093,179.19262285536198,2.669771510627325,6.730773984682202,1,2.6656318783360504
23.760631038758778,59.14582036648871,70.8154050865877,223.369051657887,2.196174941905126,5.528554782534718,0,0.0
31.64395655285682,87.21118372368935,36.87768773169469,281.04740095596156,2.5063074417181976,5.654963004546017,1,1.968346840245796
27.724826937278117,69.47526920877127,67.57913499889685,10.255149378163742,2.4078545720263063,5.84402466091167,0,0.0
26.71535134125908,57.22509275712308,49.32835446409652,916.9438921695094,2.9075006211350973,6.571100114738631,0,0.0
22.98930999453807,71.28335903157965,63.892920952313965,686.0959915834788,1.7964206592899534,6.840969758154021,0,0.0
33.839813230357876,85.52055447890581,42.88325978441395,689.6173157844709,1.9338156126686301,6.629518505161737,1,1.0675110323379073
24.749255701032258,53.69953002362951,40.828435825686554,572.3306138091214,1.979015766311449,6.287421325256342,0,0.0
19.480577035528114,65.25583592353372,70.48157593755994,689.3108081610592,2.9061402479350313,5.657668546171406,0,0.0
28.490130774002623,87.93453269558776,22.118135270844178,981.8625498736365,2.077781554507588,6.632371561534731,1,4.182279709373373
19.935252689102224,48.61980716492263,78.48421683545044,385.1603376344933,1.4426869292501368,5.65845961056082,0,0.0
23.868793427628766,75.98319627983557,58.8907734959224,712.5255868765638,3.457602426042572,6.021534782634089,0,0.0
26.62600295820275,70.72405041014912,45.94900329196653,359.5290043775282,2.233454659911369,5.961987267247961,0,0.0
32.86178291964799,73.98375655703174,57.68327186902551,854.2887987468259,1.2731202078901576,6.03883519508741,0,0.0
26.390291865782018,57.56098153337848,27.36445678753897,858.028606890035,2.675687389981756,5.9942935651010405,1,3.3953314818691545
29.93839902253829,55.69396867418825,50.84314731761286,902.266425423485,2.847905893821209,6.653769575075065,0,0.0
34.87788626298419,74.21048352941852,79.10573140038787,5.463324241878342,2.2505570972722384,5.757585600942578,0,0.0
20.23531503826569,50.77716425522727,34.11616627080241,298.19144499609484,2.6161430456933035,6.768769075161038,1,2.3825750593796386
22.670435933831833,60.98273724295026,63.336685942180964,133.92435120159607,1.431687161206825,6.787390371216606,0,0.0
24.707793285159987,49.4087323026459,46.09828254990204,453.9861978901568,1.9198059632009472,6.236388734234066,0,0.0
25.171079035160133,40.415242056166484,59.147488909277214,495.4496426792978,1.4045715084290404,5.659223122733886,0,0.0
24.98735827951428,88.50286800190347,32.293233721506525,255.9040428296555,1.968088140912021,6.363110858523464,1,2.6560149417740213
33.42938704346143,61.58514893282096,48.22789895705614,723.4464920450704,2.407001305467298,6.7313970576987625,1,0.2658151564415789
30.13855495593656,88.46748072099126,78.8055628315565,269.76971718896937,2.106348517954783,5.934210278836527,0,0.0
28.334388639541963,47.0161759883913,31.717229060960577,853.8913752833586,2.4830371018393516,6.756621136294733,1,2.7424156408559135
23.259336203667296,69.3683389728743,58.18670167092543,177.65936814178684,2.2543979334213793,6.515378279072017,0,0.0
32.00443653176201,50.04870163956198,54.53586492600772,367.2352947652836,1.794535933504391,6.980869661114253,0,0.0
34.23602869524481,79.50370634816375,53.9030951774242,622.2377584243051,1.3585399953025303,6.737067045232998,0,0.0
31.96037080335385,79.18514943804877,56.90739737909703,605.3350704632533,1.631682153553193,5.8022506961394775,0,0.0
18.02660678825504,45.63035745196559,50.134278421293686,78.0291120051435,1.5017831297364996,6.173506089411263,0,0.0
28.81882329311792,85.60322264381946,21.01584501545948,846.2586121909483,2.7685557342267764,5.655262697203912,1,4.347623247681078
18.869301484515713,49.73148236016123,74.00580868778707,598.0649334297752,3.049917111030952,5.604505850219836,0,0.0
22.37932274567327,70.64886707946802,69.61872964904185,869.8595487071684,2.800971513248564,6.559081361306758,0,0.0
19.01191990591212,89.2816810043852,30.45006085526728,867.6355782278686,2.609335367487896,6.869397707161015,1,2.932490871709908
28.264522700139594,84.11982673831818,44.79639064273214,545.918690375031,1.769628384534424,6.960363275012877,1,0.7805414035901787
29.672028529374316,87.82819642805845,66.23293884161407,910.7814573114379,2.7774638977662782,5.905699531343299,0,0.0
19.946289847120386,57.12993856090597,78.80373892323706,848.407798813456,2.5127086499728657,5.8026570127889885,0,0.0
24.525261011764652,45.27878211097317,77.06822278650719,958.1229445617711,1.1172334167190643,6.340329830591845,0,0.0
25.756020652244214,49.417343664472504,73.96155198057045,850.4983985594064,3.269030295983539,5.801290109620237,0,0.0
24.273901369935583,65.02474475383069,29.50243383794838,821.2038510011495,1.1998846027540981,5.943860635102328,1,3.074634924307743
20.05742500824828,79.6614839136661,74.8685063605403,469.3604806769115,2.256769760397097,6.755839495117668,0,0.0
25.122112433187084,47.50768220919376,72.70669477706477,212.03106037792773,2.282672881797662,6.71569428471506,0,0.0
30.770026812743108,72.98657661303785,42.61699466998337,910.708733075486,3.092517971895954,6.8426099125053135,1,1.1074507995024945
19.207130297065344,56.17888020197559,43.67135567217572,722.5491864460757,3.282668752605916,6.223365272392696,0,0.0
19.363060239392357,57.06010361960767,47.59453531730965,281.7478641985203,3.3491894787744823,6.346128600540196,0,0.0
24.03111196121173,73.09588650789632,59.37053785798502,340.9957227556425,2.4241803336974455,6.65588426224405,0,0.0
34.00933709752172,63.34997097666101,35.650136958980944,686.0785118572205,2.6976055755290087,5.858898299679399,1,2.152479456152858
29.36573499428954,80.6016646512997,21.376905766396682,477.81730835367085,1.2212996560314076,6.734640386923957,1,4.293464135040497
29.537389263433603,47.79592548314135,28.473771475834535,81.48256184636826,2.2197900271100557,5.526336219743433,1,3.2289342786248194
24.152639844243705,79.49741348835192,46.40695445460642,141.447945745657,3.2446417606057114,6.696489833217742,0,0.0
28.09223345054515,43.211762402871045,36.920154165572114,745.6486835123112,2.1392428775951524,6.663861921778761,1,1.9619768751641828
18.172230128471636,49.70269401228025,65.8709936621679,328.56952848183084,1.1739848385835765,5.95266992476389,0,0.0
28.813632788962217,72.80748572515827,26.40140423295628,507.6494284020392,1.501602856041134,6.591868537241647,1,3.5397893650565577
33.52587810879602,82.74628282555356,75.04791353328824,766.6214782535258,2.0737673060887367,5.820990421244579,0,0.0
28.413748961861927,52.63398138696745,73.71963079663468,751.1755937060525,1.593820762272631,6.364348956480818,0,0.0
32.852876088927864,56.359580291445646,74.5254090159973,167.01502688727388,1.9807314633543016,6.550880162374498,0,0.0
30.307541942923592,66.856037414337,64.37659991619961,98.39386439903531,1.8324046883401475,6.572048323603847,0,0.0
20.049493078862735,50.57864032446511,26.419998289015957,591.1522929650899,1.7973226320398803,6.97440270253354,1,3.537000256647606
33.34170622385931,80.55781307937528,46.28825428217401,741.6328739312396,1.2279115243920884,5.773008492768495,1,0.5567618576738986
19.129545354048172,78.68183225028804,27.884322308327825,149.0399219954104,3.206786727716466,6.221197943335836,1,3.3173516537508263
27.077447033311984,47.26458559828908,79.26195156566496,371.9552873272748,2.731765633663533,6.82015681635874,0,0.0
20.41633110448878,63.1914865908316,39.98230540392039,870.2779959676407,2.5584547711728116,6.342268909105001,0,0.0
18.19901238242537,78.74138833273108,55.11983251340372,944.2231415603211,2.5161735202385174,6.8145835381361355,0,0.0
25.174582422169863,56.866476555170735,66.7635832546533,454.06976094968434,1.991255561786647,6.1510881660883525,0,0.0
23.015692030120654,71.65534113588659,75.23696505353873,79.51593403083301,3.0582882721287494,6.693027131690724,0,0.0
26.262008394559253,42.51065607287864,65.33286355048159,257.69645620237736,3.325099984819847,6.805073948520297,0,0.0
27.812398074487362,70.4344380264659,60.47022672597426,232.969920315533,1.0140431224886028,6.769659054565919,0,0.0
18.743564229252105,47.63264900003035,47.95890692228908,238.96372054105697,1.1979961920950184,6.807047566835772,0,0.0
20.091056017103675,81.52916625572257,56.32400802503144,493.88170537925004,2.687439043415698,5.82933204491085,0,0.0
27.49692073965723,57.77247317902392,25.64982853116979,583.2256516915711,1.5901668068076804,6.158476195922959,1,3.6525257203245314
23.83384500393519,54.077693136409785,73.03535251767576,122.50958867993533,3.2792624969247046,5.76185780658769,0,0.0
30.395949288340617,82.04444883557426,52.62663853039312,889.3560065283343,2.6685326627906374,5.770811766163936,0,0.0
29.088958026062976,42.50720115359051,22.408103026096562,619.9738232811148,1.9207281378967827,6.23174096177682,1,4.138784546085516
32.37527417082842,59.830439966717236,75.19412753959385,597.2517302680054,2.0382060069485757,6.940131632063882,0,0.0
29.77237805337683,58.500177028751565,49.35811843021212,987.2789983842841,2.727206263116395,6.38786695945167,1,0.09628223546818156
25.308828315632518,54.24001871247754,72.11534849366011,628.1439774931254,1.3524102565053582,6.780767644875958,0,0.0
29.440432580705348,85.58771660007386,71.41327725232142,928.959149301185,3.2085297006165234,6.9057759917841,0,0.0
22.681479962342117,77.54641967583612,68.94509524742689,286.25697235979175,1.0119292460754443,5.629863038296107,0,0.0
23.207329479229614,43.19615820959694,23.684181157721365,240.12949034649756,3.4473673832596656,5.743095985269322,1,3.947372826341795
31.412747718653485,75.7343724717477,34.82399872545253,516.5186868244531,1.4191137009077357,5.936262670267085,1,2.27640019118212
25.589131778826896,66.3649566564397,72.53287234792585,508.6089476366661,2.855278396534706,6.425165601989458,0,0.0
31.572465788811993,85.04339472007896,73.93946336312564,226.48364948389687,1.0998117676079013,5.592593827744137,0,0.0
31.98118035236073,55.64728086741792,47.48413174212836,699.6556568999476,2.078572247607732,6.679981764789202,1,0.3773802386807457
32.57855974024182,68.70809998047915,46.402488059252136,29.63381923669328,2.5757842057853435,5.595683075383958,1,0.5396267911121796
33.58279900930052,65.0377637370493,30.508438033168986,690.6304725494526,1.17556864398271,5.737647711347177,1,2.923734295024652
25.326748748726036,64.47804531138028,78.10464732146907,457.17788612330014,2.1082338222498094,6.072561796255282,0,0.0
23.42073591145936,62.80526997586063,32.78830852154259,689.0075108450791,1.7578410077755562,6.3365797849720416,1,2.5817537217686115
27.897378692099934,50.281473776614064,31.456207061045934,477.08063064151895,2.245609029917982,6.822257010910501,1,2.7815689408431097
24.30993119843967,77.78549612461964,59.64373820895046,977.333782884695,2.2614413399228703,6.945594667896192,0,0.0
28.21826083560396,62.566801636964435,34.57065818002686,334.6849511031178,2.9630790146057717,6.826963186067213,1,2.314401272995971
29.994959664945018,87.92581375013029,76.32629666086339,982.5729370023882,1.3087613211122442,5.66056698652738,0,0.0
29.702885314366327,53.04042135963881,20.65441971906769,64.97394247897536,1.2067990026186661,6.44684422788196,1,4.401837042139847
24.367399079342064,74.13719198135206,20.34519573939808,683.7607747575565,2.004725583096977,6.1625718581801125,1,4.448220639090288
20.8366234288788,87.03585398195543,50.29260808613597,454.2192067849121,3.2187997984413315,5.688688327166885,0,0.0
25.318998753857528,73.17291615080462,49.28374759480832,822.1376255297002,3.1381737991802323,6.332668556878803,0,0.0
20.424100449392448,83.56364538086973,29.801841314054627,789.616069716998,2.3999822732035225,6.034987458378142,1,3.0297238028918057
33.13164959812474,81.3740479878503,49.67117377821707,800.2101828759373,3.2219345474277676,6.018681758944526,1,0.04932393326743991
23.879916832543575,58.00588577445019,44.69966631019919,94.73859930251972,3.0133589938717797,5.641667678066808,0,0.0
20.625815702796505,70.00619699697482,73.41977152054213,822.3656998612947,1.6948486502326234,6.968279448506072,0,0.0
18.432611918397765,47.813066990567776,20.55523521301781,214.04015744376093,1.4252657011145753,6.588939850335731,1,4.416714718047328
28.978980566870234,66.77629413477997,78.57618830197714,25.680263859034767,1.7528912524417648,5.920501317010628,0,0.0
28.827339396730636,51.52109859071686,57.463565857750545,217.7387196844114,1.567794696097036,6.876212735856253,0,0.0
23.79027083188196,77.18684074762228,29.110606738716537,479.28510469983274,2.556796981646743,6.922130794495314,1,3.133408989192519
19.219102110410066,66.40292109460623,22.805600828669974,742.111359911432,2.4622477819366253,6.7155622649750395,1,4.079159875699504
24.963691213218944,60.56136813158302,52.28633951355391,218.6324808328537,2.4960934586319543,6.488972746166929,0,0.0
23.29069741607769,53.439854808348876,34.09340995830921,113.00754809027136,1.473258841228622,6.064564929583883,1,2.3859885062536184
29.511050875495158,89.93492409206434,38.06993222007556,645.9672550239422,2.979656813191097,6.15151976162616,1,1.7895101669886664
28.298247240695737,43.585526044246635,34.707929890070815,983.8980363600176,2.084065208856578,6.182516880151554,1,2.2938105164893776
24.19809337935818,42.178034028621,59.010338814350646,600.870302085618,2.1811298009163322,6.92314398257655,0,0.0
21.704173422334833,50.86287002469323,53.21173772696801,691.0573641234217,3.492404615528099,6.6402019070438385,0,0.0
34.796611424645064,88.55362293139098,24.67846541130869,561.1674437464201,1.7056794649068703,5.938021455005431,1,3.7982301883036964
25.71802756033395,88.96190841599923,51.59159199051052,782.3484442285039,1.9853450102692771,6.436960880432156,0,0.0
29.700662008264032,72.74638673860679,67.47138593379799,975.8044202094449,2.691158019760218,6.390850805072961,0,0.0
20.389400448832134,84.00533336032024,24.87167544921946,544.1292294041848,3.2010325504756034,6.718190498959282,1,3.769248682617081
26.25502489420976,50.69808654203977,73.3843385738252,416.79051174272587,1.316952516710078,5.642962593973833,0,0.0
18.468124237780913,88.60210470883118,54.69839896686375,860.3430611601265,2.8376145160679096,6.551907387276748,0,0.0
26.592737004477648,47.139242506978235,77.037468156219,969.72834375999,3.2957013149888765,5.996754760487853,0,0.0
34.38829592100094,45.05625940908291,28.888473063342538,129.18164086956796,2.0573115335671726,5.6944480610685835,1,3.1667290404986193
24.531514120758604,45.610576962363645,79.61389996119891,578.1709654738779,1.7168173073337938,6.597659996614878,0,0.0
18.662932213773498,68.65639616362823,58.65637195818061,792.4599925459975,2.694342866937343,5.99746903580263,0,0.0
18.52624844562884,79.04872003590262,54.04965196886377,533.3394051563907,1.6151841280957289,6.595185615506035,0,0.0
24.595774919096783,58.333358893731656,50.91677744672512,409.1969681929487,1.9607243663682152,5.743655425091474,0,0.0
20.7204239198743,88.89479938930633,21.419262385898765,655.2298211354206,3.2422834352245067,6.9788917367155605,1,4.287110642115185
18.39698563757916,61.721006905916475,76.37835149297469,270.1280945133483,2.4758313814784434,6.705112023520651,0,0.0
30.855631437153008,47.522427538660814,58.6396683712519,349.1337429383694,1.2374431664996108,5.933727678994451,0,0.0
25.794891150992143,63.29833740930684,25.497589069957474,992.2766588813446,1.8242438286159273,6.6107863810928595,1,3.6753616395063786
22.917161123535127,73.95185827112199,21.257130217671495,636.4653343744953,2.56816291279344,5.70369981363948,1,4.311430467349275
33.301414111280174,81.61128902521894,23.04701835420508,872.9272983110747,2.2037440928866947,6.480156178253156,1,4.042947246869238
19.974362323408936,62.93841449782964,56.56374580593444,807.7685130371435,2.650848291878977,5.589455297055976,0,0.0
34.250620092240425,69.68034130245837,56.840924893675115,652.272554394024,2.9036035442008514,6.000081189650427,0,0.0
23.337434195415,53.36723560794267,49.98003750688646,840.7290824587732,2.2015378005117703,6.96769381798283,0,0.0
33.10286242924758,72.2958263202757,38.40594923917709,287.158495433571,3.4673792157548458,5.681380561312184,1,1.7391076141234365
28.250028900150845,89.29859719751718,51.904563896878486,637.1164488122984,3.2866846891847508,6.396136048661482,0,0.0
32.054025115605285,42.452678629389695,50.97810925257547,590.6034895239809,1.1497685151716408,5.605908078948891,0,0.0
34.72822377457789,84.32653353525839,21.164933592593936,622.4196007933448,1.6660778443755457,6.5041018172940435,1,4.325259961110909
22.902892442918677,68.11412513837614,36.94815381964988,168.6319271467752,1.7513587807744602,5.917993229440819,0,0.0
34.33930325192908,52.604932978114995,23.191120488028968,277.2430399980684,1.4607258916750265,5.964963402186393,1,4.021331926795654
24.621192213341146,87.7444855004629,74.00928508685934,286.6583187925391,1.7800412576262006,6.006703802942827,0,0.0
24.553702380527678,64.16771515294495,63.51338976710812,601.9461625727632,2.0620515823386505,5.8077352219384135,0,0.0
23.786580772326595,56.58451258366928,79.76691021157474,972.5468804397862,1.1288774474811443,6.912486077606497,0,0.0
27.203929324908948,49.07488141354206,38.13027579831727,954.0675511821481,1.3182505903310362,6.858747763593025,0,0.0
20.62046573403428,52.2226105128331,72.70915086541461,227.18955298969655,1.2406146969837095,6.805022844975836,0,0.0
27.41309525108619,81.64245207957214,56.183256075948904,304.8452430667725,1.1157923478666265,5.659668320120182,0,0.0
27.208981810970066,70.7205004658583,47.1875244142163,36.06189227916712,2.203742550754046,5.850167257760131,0,0.0
30.95233081428279,85.66228097441581,33.354386677318104,398.81558985939415,1.8345077080653627,6.418338788967639,1,2.4968419984022843
32.172049352938956,51.59842260788929,64.30352991716856,834.6741216803636,3.338618074124278,6.955556502084741,0,0.0
25.487502955311207,46.05692869244508,74.248444934258,915.75173898614,1.2569013386043446,6.407226073457026,0,0.0
23.139665238975393,40.3043765487795,34.11850388452224,236.49647956794362,3.3150883393391806,5.990652642512254,1,2.382224417321664
22.408693254390606,65.39310188079969,30.523420098416754,265.79447348883923,1.216364043498648,6.726106166845195,1,2.921486985237487
21.308605223982823,89.91534651909942,61.77331490029202,220.8498165087537,2.5480433665110875,5.70314582484935,0,0.0
18.980008897383424,74.74826344093195,78.61838976353116,350.10356757457873,1.6193258434408009,6.822612825181972,0,0.0
23.821615640190128,55.419729598257305,64.99730606624468,804.7593985905447,3.067014116234687,6.962015185179293,0,0.0
22.594210766223316,83.84292915130858,37.07484434285894,646.8574698844601,1.1536870675999247,6.951478980924569,0,0.0
34.42909555972892,79.086113299398,45.19732544886714,785.9409178637001,3.3812703894240634,5.721544845123693,1,0.7204011826699289
27.481050046250747,40.770758303826966,43.059058127502304,583.0311063353062,1.1181430008322504,6.324411260244399,0,0.0
23.90370966351863,80.84302402705111,71.12570108282273,257.7330780591468,1.6027831707533347,6.3773785444672635,0,0.0
27.867949216892832,55.0263378619248,66.28224673233342,227.99418021254414,2.160461815168475,5.792377885630419,0,0.0
20.366343922876823,47.483673229180056,55.33852608569121,9.000705863749792,2.8901447164155387,6.320166020840315,0,0.0
25.54874373643745,51.31654198685373,36.497546623814195,780.9821368740725,3.3777817938584227,6.469806360959611,0,0.0
28.645983464158085,63.42899021875695,76.27931166332337,847.1212261647178,2.07010607823594,5.993442617120589,0,0.0
26.311263140471674,61.243396353400556,59.1989134861488,768.2825996284163,2.893275234544682,5.973521149754425,0,0.0
24.830239611123513,54.44436496871134,78.22859878650695,74.40205772849073,2.817906386113097,5.59035774966697,0,0.0
34.89542261129487,48.61091611035164,54.807021982521846,762.221627169866,2.427922238227266,6.935238339886606,0,0.0
32.96535095653176,78.11153948210847,69.27156550181684,45.76745315026931,2.727297940252049,6.705423892013443,0,0.0
28.59790128871048,89.50548918674585,68.7863227636716,105.59306570639116,1.0951667076654448,6.639173696356698,0,0.0
27.679415140098808,78.88957902098451,40.23972661001552,440.47537293266726,2.1039435022437836,5.532668379912776,0,0.0
28.55122815701793,54.79684838357706,77.8412433774337,476.14700892484007,2.964651735150076,6.436463656888147,0,0.0
21.422305832981365,52.24044807060667,21.31648805585384,816.1186366186963,2.1855528625068272,5.770942803186865,1,4.302526791621924
24.717341635493415,50.88329380329691,66.12265452604485,679.5268920409105,3.183761460567371,6.492576296957946,0,0.0
18.670812059145288,46.834753724451815,77.93342514584263,153.32017863121627,3.0840946914117757,6.431733236463138,0,0.0
26.084282637276054,67.56652748461507,40.334492197023366,226.14678322880133,3.158615075430914,6.777888036495867,0,0.0
27.231417927280276,70.27001859766722,58.88663526745832,285.6751882586868,1.3249917140704985,5.883151142972202,0,0.0
21.87174551375456,75.27513303315686,53.733394990652634,123.67263745485835,1.6103528114151762,5.541192668431378,0,0.0
34.38849040181373,74.0106685466834,65.69043858059142,287.64488635923067,1.0739931830303258,6.871166319063888,0,0.0
33.460728385933116,54.616665564169125,71.97067529870314,728.598155539733,3.457001817157638,6.862954042719728,0,0.0
30.2764350027504,56.51555026984233,56.182674157972876,241.40147010728296,1.590345348541905,6.183789311573139,0,0.0
27.067572689011165,74.0757267721169,68.95427518288741,835.3596470603865,1.9177333362056057,5.617132088390686,0,0.0
32.78947571401064,57.47238203918141,38.73713455335531,469.5169951252078,1.6873161180710905,6.246953483251727,1,1.6894298169967032
20.22108984499887,50.63115948096565,33.71522352228901,322.93576124438886,1.0994840571135434,6.28602133116517,1,2.4427164716566487
31.438666502673044,58.71680768483698,45.84006137197041,412.4181045488731,1.6531450240252712,6.732588207659969,1,0.6239907942044389
20.121953837436422,53.60420787889888,60.664195974847,709.4967405934914,1.2454891655192681,6.575652166549293,0,0.0
31.501581263339894,44.41563606092889,31.23481693632342,516.7927032459902,1.9857077159614616,5.6062068638928855,1,2.814777459551487
22.68804866027307,81.50694511383267,60.82113152911349,7.278663975058053,3.417060295841939,6.558006416380206,0,0.0
32.91053987730921,82.65556945785181,43.64561891432404,922.3238465850751,2.7456559301595442,5.7036092027969305,1,0.9531571628513941
34.048715595031766,50.987515008343976,67.73451643355791,65.9960030018517,2.767251974519703,5.634208040574231,0,0.0
20.529531479886966,43.238609976260086,22.2101490261982,938.6213488143858,2.1329398332281384,6.097910697152333,1,4.16847764607027
25.86548528611169,76.94137186755898,60.07895826976367,28.15282362005467,3.0282600267236193,5.616045410251263,0,0.0
34.67678542876565,50.576431293170685,58.989340198998065,770.9793349574484,3.270710417293897,6.7439034906774955,0,0.0
26.217926411543495,59.67177447184301,76.45612856751886,534.6747081832882,3.403875015209552,6.1946937775100235,0,0.0
32.68030788274727,43.206762611869166,62.802053213844225,505.726180604106,1.2474755568660463,6.3805056334931765,0,0.0
28.00843587623244,51.313479237921754,67.77811378539687,72.77850254400452,3.1991100216161943,6.365296785256319,0,0.0
24.38060843463323,79.64511391648179,74.2754609511901,238.74501033791628,1.562707208939652,6.967164679524938,0,0.0
22.858320443939792,80.2198223457601,60.50311509751927,777.547317065192,1.993167254977085,6.873673760419459,0,0.0
21.454792548463484,50.35424124438552,37.409218097598476,891.2598299224941,1.8636929867800658,6.773692088178052,0,0.0
30.950569253420852,56.79569225533447,72.18642797501133,529.1186810529796,2.6878251002169873,6.074903840369702,0,0.0
24.571188615991474,46.71192095468718,64.85468716855851,353.3433963625954,2.494811350584479,5.717649550757476,0,0.0
26.691682857412772,43.70863151424612,45.46625624005361,59.94320806421083,1.27276218692009,6.387800503760613,0,0.0
26.36953316002009,89.60858572242047,62.63175035899772,682.1785260663404,2.9570565737862915,6.160474112665099,0,0.0
27.81374349696323,72.77969756224196,72.06133263086852,278.4466106862826,2.09911350450374,5.838289978618939,0,0.0
32.71481147561739,67.10482545991593,78.53912788347628,55.0137149921468,1.0055546083241167,5.646538172891677,0,0.0
34.6725688409183,78.27492502026499,77.14109023754332,665.8517290986221,2.036258167152078,6.154139945991089,0,0.0
24.92893154575489,82.0038579843862,39.51966960584849,485.7197935337584,2.290828939367978,6.47630158048217,0,0.0
32.06782167580715,80.33573840223637,45.30162282309091,11.962149701723934,1.1721867130205732,6.438084720605851,1,0.7047565765363636
30.996972509130202,40.82697246449383,26.572196298642275,110.92403910634707,1.3778381485405038,6.660882159731635,1,3.5141705552036586
27.749992174744747,49.340394909524925,34.85265722108276,699.2019292459441,3.4839304287271524,6.199831940386537,1,2.2721014168375864
34.252801441402866,72.74526510589155,72.94527250921702,63.67133306578854,3.1779885050562138,5.982459362890817,0,0.0
21.40806676398285,58.78796739019815,41.65099557676154,865.9630648429902,1.3333185483666194,6.308050625547997,0,0.0
19.857491575263563,89.12413255305535,57.23315951569286,311.3262774199327,2.4507734992406407,6.962509089654098,0,0.0
32.517353438242175,73.2702396319127,59.95793709842199,88.66647043642462,1.9481082430433578,5.567635807069475,0,0.0
25.465546882773722,87.82744543646032,66.90975650859872,759.7573781680654,2.3593510217497995,6.292998704847915,0,0.0
32.398470521520025,50.07232408228969,30.968001814737857,524.4272344530237,2.176337983918468,5.993896753563553,1,2.8547997277893216
33.18253348832205,83.19785140575115,38.288788076866126,306.6400323792976,1.1203723125642118,5.658025358383542,1,1.756681788470081
19.061779091524215,56.06761529076127,46.900180487490836,406.09834166926794,1.7885507774769576,6.152005848946167,0,0.0
33.01890097076303,89.47824041189034,41.89046367429641,21.412395604825885,1.3138014550703168,6.4617461949743,1,1.216430448855538
25.621423941280177,47.884433603657364,78.97431397158138,662.698537539429,2.2224202307268692,6.292248350865725,0,0.0
26.67735231307195,65.81699094191633,70.09644819282275,365.77368896344456,3.2682917999488583,5.543764705396585,0,0.0
28.652072688584575,79.6422266918561,48.78120527722916,714.0375697281297,3.4888319314238596,6.368676196732602,1,0.18281920841562566
33.74850431441148,61.632124030201794,72.75611756518808,628.1711459525472,3.3606326712061785,5.848003875701067,0,0.0
18.32497360530599,63.404203009382336,40.859176854997806,651.2541859097379,3.464242812437025,6.012214832561472,0,0.0
26.10633896140289,89.31778977528705,67.14969943341588,792.8927110044324,1.038115789450888,5.9683071148886935,0,0.0
29.69127472131953,61.26540751505767,33.42053588638722,631.1580783762511,2.8236174461100694,6.787769961662253,1,2.486919617041917
30.286018280869882,70.20360502995318,66.33932271358196,418.72592924189246,1.6823720254413406,5.571359526454532,0,0.0
29.773051336130834,42.726983033757534,47.387204191743706,389.9275617346356,3.1640449456728423,6.021995128035538,1,0.3919193712384441
20.28539719993807,82.110504010513,26.44995925953454,119.58210676485581,3.034333726560106,6.092224505292702,1,3.532506111069819
23.08972500231858,72.40840244897717,36.39574727333493,779.4434131562417,2.059186439707385,6.428251395225538,0,0.0
24.09816393208923,60.20100514314068,44.136477441413874,761.1084417546218,2.183151687757894,6.6834472727194605,0,0.0
31.675432530551586,40.80847699772599,64.95757469986623,246.29836708552344,1.662729172481347,6.591497706497461,0,0.0
22.738917831047402,69.5834410296752,24.37896288385705,862.6819126981446,1.722010090550755,6.62893315493743,1,3.8431555674214426
21.581984385742455,40.63289142420811,59.57281970555837,589.0032577906283,3.452936058401211,5.7885805244551785,0,0.0
34.27661632364763,40.060180695450896,62.96081845597062,478.6868423945673,3.2221322216754364,6.867605910617922,0,0.0
18.150675846928973,70.80492810746773,59.23528219554509,17.496301625495867,1.479672430287437,6.121223019191515,0,0.0
34.96295454659363,49.45085336672771,65.64017829005334,382.74118586431626,1.6888116946623324,5.516663546426033,0,0.0
29.505962080575728,49.594377485904765,30.690116961370297,640.670768235663,1.27161998265565,6.502144273127294,1,2.8964824557944553
32.083978090634986,72.66357829163718,55.22620130378224,89.74783768838346,3.4721769574492285,6.406004198566773,0,0.0
23.008529737885283,42.68485939696871,76.4686968322328,459.5673088875483,3.268024626326369,5.688936452633769,0,0.0
18.24335972034002,55.670278073727815,56.64705618827226,993.4359513615962,2.3802449674684936,6.9398014081140085,0,0.0
30.543781815546012,47.47159510710095,56.68018081717718,716.5386372090675,2.732232759867814,6.342346646219072,0,0.0
32.180458149011486,69.0088184898267,64.18637852679615,546.8708875016044,2.869867348976636,6.203895979463479,0,0.0
30.588094243209824,73.0882577363698,39.992253927551545,533.0328849390767,1.5095280686505623,6.097183333056112,1,1.5011619108672682
20.428454884114256,76.05679267995217,62.028554079292434,43.76508225819442,3.3366658433278937,5.814777067590425,0,0.0
30.808274678368477,52.76156084592827,74.9740299987929,957.3144374079361,2.3168567843040417,6.9292192138179285,0,0.0
31.071687295829896,44.4624875818292,20.65372838152058,928.177660285043,1.2311288437510672,6.553237958613504,1,4.401940742771913
29.195188766390935,43.93418284709489,72.20678246653192,682.4047106754465,1.9927065195841727,6.351405623387901,0,0.0
31.023970857524965,61.307577422536184,33.117099875531544,99.01164968154997,2.504116390441417,6.446800302695109,1,2.5324350186702684
32.380664474521446,87.29222045313576,47.35539642202251,207.8338967494382,1.882057978666758,6.760630687678394,1,0.39669053669662374
28.431269942036792,50.88645171235123,71.14086805715829,183.90953587558522,2.7480110693795776,6.453580421472214,0,0.0
19.506280137484545,52.837080067077466,69.43472764739775,519.5784851012188,3.205124951019887,5.6718860934570605,0,0.0
26.289672764342583,45.04444010529295,73.51564868756336,207.80387450198558,2.92973031095533,6.545942738237378,0,0.0
19.320038689417288,70.27851369469651,76.42500755795157,695.8005615441982,2.6066450502432597,6.347304063839154,0,0.0
24.928231527551326,73.99364369735875,46.82941740630552,545.229885969389,2.280393703529163,6.949516161493558,0,0.0
24.920810315135668,72.146560408038,59.38182864806041,17.65817704265549,1.6361587144697833,6.600578822009236,0,0.0
19.122167350384107,83.05651215223907,43.4287064315664,744.0572370356515,2.1373654124935832,6.016004373970392,0,0.0
23.929949077481147,64.32129175130359,41.04300304952995,188.8287366539485,1.7323822678454428,5.703096777111664,0,0.0
19.88696767945235,46.722852038353224,45.89572463586017,824.8851196806769,3.335058452724312,6.223420888704114,0,0.0
31.73999857015678,54.470256535220635,64.58456808696056,355.04543712297897,3.2682778924666525,6.519031421217674,0,0.0
34.110696441396,73.1214986710676,50.08644482849317,338.61967998163647,1.3895659582589488,5.765913276860386,0,0.0
19.229380079384956,70.65609868707799,68.84358046690052,11.817335778210536,3.0565505529855495,6.474166411432774,0,0.0
34.236958523958926,66.55015648714813,64.71310863176936,987.7289829230172,2.7572867418893505,6.738417637019358,0,0.0
26.883802188724665,74.14822093443436,21.228707667463958,612.0043391718638,3.4380293014015115,5.735575267576877,1,4.3156938498804065
23.092616525215856,71.86954251866497,57.8142894263697,422.7301661859907,2.1582664215004463,6.558678555411527,0,0.0
19.30665527969478,84.0662444732476,46.194267398515464,96.62140446133904,2.8054359285359576,5.602386450399722,0,0.0
26.510612557197103,69.30081887391484,47.397739349068495,699.1480641510168,2.294709800320941,5.511925124330101,0,0.0
31.506764256342727,78.93006793502782,69.10238323219369,282.73046999193883,1.1735012417308892,5.548952029492098,0,0.0
30.020470113533868,52.435357798323395,52.85647916508061,988.280818375529,1.1169118743419193,6.4472568664647865,0,0.0
18.853842194887555,73.9091292294534,73.13730940753683,950.5473591493231,1.3052786071994644,6.960043079026281,0,0.0
19.23933120125436,85.10970591913379,62.76833554350142,735.2966788027886,1.7404776596310423,6.657058378209629,0,0.0
24.84884580475483,59.28661639499166,53.17040052584317,971.071930282969,1.6477827645296883,5.881613890060746,0,0.0
23.019938398815036,78.95520936693234,65.27227856906623,105.63386245376283,2.8208166717647503,5.607533029751272,0,0.0
21.950533491952815,76.23946505977176,22.30094305552444,279.9153605365452,2.7898068373053104,6.424981193489471,1,4.154858541671334
22.77707648144813,42.976309843591125,21.625019289692464,253.24328879117908,3.42848644962343,5.504843327728377,1,4.25624710654613
31.65920663604704,69.0754154812036,25.000959615251123,72.01265845930249,1.7759770636059904,6.688878436408071,1,3.749856057712331
33.79687691174152,46.50946746004012,46.25391950882856,972.2265979714558,3.3461302094514824,5.864680788638384,1,0.561912073675716
24.88674580696863,88.36595861152955,34.127008737616585,59.97408664689385,2.5321265087193376,5.948825613962376,1,2.380948689357512
33.40388703625245,80.5703751350328,79.05567766494707,856.6889039943296,2.238271777475301,6.01596848061023,0,0.0
23.465426921213993,45.486190062356,52.53740834068201,768.1614245768392,2.6696034445330397,6.64532941257743,0,0.0
26.099428767844458,46.08759988238392,59.74494476486951,375.86708747145946,2.756888628963967,5.898612807326064,0,0.0
21.842492962871994,69.72369274563096,36.7292081748018,18.807362629798984,1.4298225721481037,5.9267063408305765,0,0.0
28.888092716989348,57.24445870865917,39.307814515256524,6.0959049818695155,2.8792887588381433,6.3114879072305206,1,1.6038278227115212
34.642678957971754,41.745292953655465,40.12771484846935,203.99384069392323,2.8129319111674413,6.194500792943748,1,1.480842772729597
28.259382632737434,67.08207539165265,61.92414230901804,493.87658003379306,3.4938307098719474,6.933354533251564,0,0.0
24.08283942993033,59.39225498429235,48.422372461358506,457.9099781851513,3.2798694516811886,5.895094873121009,0,0.0
29.01289658183898,45.05382461858713,51.061019151804466,585.2925765649275,2.711650579210729,5.637836864905763,0,0.0
20.08965153391159,80.09601961279913,55.52017892956072,771.9593096607621,2.780909282741632,6.3114722118838325,0,0.0
33.10720436451177,85.75383826394031,66.12869937429302,377.35461486020574,3.3649640845864632,5.776779368008572,0,0.0
26.552427163257217,77.8296967007065,25.42218491074869,160.36369550931738,3.417945682460437,6.120440050413837,1,3.6866722633876963
25.638945614673915,81.12111550081386,66.6124347331293,800.0489168284239,3.0674129930378187,5.780796915347991,0,0.0
27.959701403709825,50.824528363305866,53.79410413251079,332.69068133121084,2.9184838637679023,6.821454833087612,0,0.0
28.621325667419843,53.17864754593005,60.14572669131543,286.88189779335073,1.2784145584122277,5.991174448478505,0,0.0
19.22018870585072,50.426377014959385,39.653105890445715,764.3120384292354,3.0758054787015894,6.662301258012622,0,0.0
29.60449276079784,78.25317156827819,44.563210208986945,934.1394380831445,1.6329891961394762,6.922905089671348,1,0.8155184686519582
22.112838565364,87.39585394672486,33.86994917923521,914.9612820107569,2.409460740048032,6.910825870265636,1,2.419507623114718
30.137194752612025,75.84186033669513,78.75799984504431,137.4424258571786,2.0134311760945884,6.287201644974973,0,0.0
31.983091504531345,84.0733382439778,49.820178350619,503.1581534692996,1.8640182515931025,6.974882659569999,1,0.026973247407149615
31.667294628392845,71.93495474415863,79.76461494779588,92.8702837281734,1.7756250036676502,6.48390582756466,0,0.0
27.392516445934113,59.382995027939955,49.38715868367598,960.9759589063998,3.1385677016437246,5.692733405051794,0,0.0
26.84288816928277,61.28808074651526,33.18507586304404,215.2278858768394,2.9228403016796105,6.832565414587356,1,2.5222386205433938
20.42889134277,43.76607160837024,50.44714380421141,197.42957476577473,2.308621881021754,6.203033862630366,0,0.0
31.180884556853307,41.572859762301306,22.37573430794467,888.8856730064795,2.6612012346611422,5.729041431690901,1,4.1436398538083
22.613959467594142,74.77378020945386,74.28618808531708,967.8505551219649,3.4613198758600223,6.687132633113909,0,0.0
26.44382218790509,61.92144460055903,69.11301507166647,697.6322592952566,1.9938378394448577,6.436604511366407,0,0.0
22.832659579767785,67.61075340273148,63.54923124165708,121.00503369922488,2.3777515150239372,6.823181457416055,0,0.0
20.275082170994782,67.88306238112082,56.5896029265476,485.8556105406738,2.3338092814362135,6.740983694984714,0,0.0
28.70248084715952,53.86879066666507,54.79005402022179,816.6050940616037,3.339930937879338,5.980165639234148,0,0.0
18.923644591989365,63.79462554147453,79.80369284476777,572.4771837082452,1.878906044027148,5.884471847499056,0,0.0
30.7269689801454,63.538011083385115,36.67984604119627,132.59485472833467,3.465636875544363,6.600742822344242,1,1.9980230938205592
23.398975519438984,59.42136106139285,66.78106192193468,171.88774950322784,1.7617440339329624,6.359969296669977,0,0.0
18.00228978107625,81.03376917005352,54.88428621281945,864.141675834805,1.2722675883100802,5.604812215274698,0,0.0
26.68919536703291,62.5582001843798,78.55283262553311,527.0291636874834,1.4784338631051401,5.772456698943185,0,0.0
18.796482444969254,70.18222622529939,69.66819099789515,705.8367737667124,2.0655533546605453,5.727030170215483,0,0.0
22.69488248295529,84.7760060190413,79.91150677937556,373.0625262330648,2.6243898745831187,6.384695324286998,0,0.0
30.018600286747173,83.31168114294613,55.29949966774678,532.4855829188415,2.2920630500600487,5.628643394751331,0,0.0
19.06572356757172,84.52111018895826,32.2726374526961,977.1031403876917,1.9406954414361113,5.811551405337734,1,2.6591043820955846
32.26875437005204,53.5002498232507,50.22122214168403,329.70303696813806,2.405083164266939,6.318064743720412,0,0.0
18.064938685195912,41.749124415403145,62.66666804303448,674.7885275082745,3.0970156907866704,5.699585214863774,0,0.0
22.196005776432337,53.05333999476646,66.46162317089528,172.50555719522976,3.0973275690961994,5.872407723694119,0,0.0
30.595368954585215,53.93536728103543,20.030599340956613,121.7398852603333,2.815569720455577,6.860186550749427,1,4.4954100988565076
23.376592545398214,85.46801633624841,50.301625310137645,783.6401112590298,3.3811211456083563,6.545676277708578,0,0.0
19.73217059712223,72.46213664189852,34.11407479823879,844.1082099871657,2.4755116685945953,5.960322141959861,1,2.3828887802641816
24.123976619607273,44.08519798011144,72.49470999528731,668.3116953494155,1.0191440941352226,6.8160326835314216,0,0.0
22.596685868536934,46.76892980055506,29.174326643013714,158.19583754447507,1.7273240820303941,5.875427212404947,1,3.123851003547943
32.326102336729434,47.78380627709877,59.98737497449,240.5879656425386,1.8205567612252518,6.383624065471896,0,0.0
23.326914598947432,71.52108740844616,35.96373141949549,911.1757080951116,2.3683151932584194,6.052741506466372,0,0.0
31.41185202019212,76.77070127535015,41.39252859285634,288.7040487997563,3.2622236784687053,6.6282241140383835,1,1.2911207110715495
33.16182646178249,82.98219552826981,76.43355564541069,818.8605161971175,3.095287408857735,6.057381033906902,0,0.0
25.374896132801002,87.03182754031215,34.42688752448477,285.9372889104016,1.5804324632707698,5.873292509008882,1,2.3359668713272845
33.469033445524666,50.08522786932209,25.700165709375838,939.4625693234345,2.298475589860173,6.411556911201565,1,3.644975143593624
24.41440691737428,55.488624236202455,24.15709408665355,914.452912837003,2.647871588572404,6.618010662575151,1,3.8764358870019673
34.38933308033184,52.01614403724153,50.276906605967724,43.26317362878795,3.4687788515778686,6.304545532278171,0,0.0
19.51792191693474,57.93807837330689,58.50268893705728,770.4139868674085,1.0782570484007699,6.574432428534942,0,0.0
29.679327530555128,85.73325537118747,39.63761861425323,169.46176023440705,2.159693291925799,6.133024308046859,1,1.5543572078620158
26.394838687767788,68.75562834696808,61.415584507584846,215.2716259063815,3.4702716350193006,6.693169217589862,0,0.0
24.590029692746,76.90959486622495,23.66202311439427,459.8452123314758,3.4430144925702373,6.377537019316819,1,3.950696532840859
28.756101938726218,64.5059618063391,71.4400786953726,576.3181497494501,1.8268162939940729,5.794374977177001,0,0.0
29.96557055778363,41.44289566680623,68.99403258435427,325.799718970492,1.0000418406448368,6.836127554650731,0,0.0
18.074175584055254,43.20977429989072,79.12977628352513,575.3833655542093,2.466836462380835,6.75523593689416,0,0.0
20.838202508702377,66.89615156339428,76.19029885411072,170.6583713411366,3.1673471269822264,6.945868313759232,0,0.0
30.12178286078342,75.93945174100128,41.371829835135685,22.337654381037076,1.810743060444723,6.353512774556031,1,1.2942255247296472
29.32855203082951,50.76652637643657,43.95652304093463,571.2243883617632,3.3356749120844253,6.513611476145867,1,0.9065215438598059
34.42280758718751,76.0954786996152,64.75789084869558,517.4152599623188,1.8317560927781575,6.795368854343969,0,0.0
30.93764243426331,80.53328867417562,28.044966317298993,689.6539640759249,2.525503299931423,5.57888699813975,1,3.293255052405151
34.16313603143274,60.59487391810556,38.84088261469009,649.8220619678245,2.8051151829540877,6.868306950083334,1,1.6738676077964867
29.943188526091717,77.32096164220525,27.112456218538895,897.4863802339554,1.8635394112384043,5.906745131336936,1,3.433131567219166
23.066887546870532,60.201497516423,47.29318694436988,459.46862016154586,1.8805160300482,5.585565522537416,0,0.0
19.79120367826456,73.917531472751,53.12025679311906,8.369474692942024,2.174987074209435,5.856410480261133,0,0.0
31.291005676863904,78.19985246597716,32.66962819776514,630.6526815968541,3.0880585702614374,6.379539945057416,1,2.5995557703352286
28.95053676509057,89.59633091540553,21.5979012148463,675.1324296032184,1.252126918905571,5.571770498112561,1,4.260314817773055
18.819162210686034,57.269833103179806,63.161349905031386,521.4949893959697,2.5786984634969787,5.501147149483748,0,0.0
24.12085792031663,60.552039028730576,21.200309865570112,689.3048702412157,2.6933698232731498,6.459044009698613,1,4.319953520164483
34.265596863232865,48.28100297050857,78.40415653570136,323.5838132361527,2.3946818999728414,6.180081021156552,0,0.0
26.50681947707342,50.20365292009035,33.29643540454373,148.80830319107918,3.3395959684390566,6.7664953765229034,1,2.5055346893184405
25.35639531233498,74.6697501299189,59.834005526977464,664.5536639564066,2.504976792336367,5.8863209302879245,0,0.0
25.780893287707997,85.85227950772381,46.08510357439935,245.18642921552868,2.586441877692594,5.921061406487723,0,0.0
21.551006308087782,59.730247583062024,23.58043162022643,456.31590928420485,2.4994000697871,5.61631960586375,1,3.962935256966035
24.26802190470152,48.992222341777065,48.331016398068044,491.62273061164865,2.8050469373204177,6.307767519891914,0,0.0
24.286825351782003,54.2549749691497,51.00563805780798,477.19955046838845,1.3385235391347363,6.04885658484066,0,0.0
18.89003534318703,62.75258524040693,71.28099248557211,598.4491436799558,3.2356908088107676,6.009561772728588,0,0.0
31.04864968480461,54.53251646826842,63.94094417887388,29.453708925858855,1.1062308072976332,6.18644901132717,0,0.0
25.080575342365943,51.67895415609331,24.758148485203183,989.6824949300881,2.6018599001349556,6.774531065183056,1,3.7862777272195225
31.977058075879196,76.79922443785398,32.549761005935906,716.3104739385712,2.53870233050777,5.657782893798444,1,2.617535849109614
32.45591601903822,40.39224606203116,38.71326105289687,425.38778179876266,1.5203028185666336,6.285390441280244,1,1.6930108420654697
21.603898929877186,66.96152636682416,26.984461187889167,191.3300302902443,1.1017774342103415,5.794652505542175,1,3.452330821816625
29.175009196892184,79.6883403514877,47.413944254869435,80.17732244335629,1.3470884926202729,5.818586796034374,1,0.38790836176958476
26.02879067077069,53.31141431587341,79.05855145175212,672.1904206261219,1.679180137378054,5.8851028180583995,0,0.0
32.962664544665245,70.16457553060087,50.8767674742657,316.9556149585583,3.2052642263976097,6.189102539090592,0,0.0
21.66759154599972,73.4450052809309,64.51293009939016,229.478458249868,3.1393360104499757,6.241600073961184,0,0.0
29.522824405270754,72.7512348202545,60.97626786196077,379.95438711233345,1.1596389356651293,6.807266892447331,0,0.0
28.331786078296282,62.292481709935885,70.99468610552827,592.9230878077101,1.7231700200767122,6.83816821095665,0,0.0
23.020125118721158,57.32889939378896,32.943409427936565,671.7052166840011,3.2232906081226345,6.379996304566123,1,2.558488585809515
20.322215362069933,81.79620365139067,65.2295757015817,645.1700693545301,1.5916475711115508,5.9221062334807995,0,0.0
29.077875928113702,77.92229784999321,72.88131441834497,863.2655834919735,3.489913259552217,6.7276554863643545,0,0.0
30.556156788249623,56.06275867069563,30.290589378814566,218.75743107011525,1.6421004894682665,6.6893229903047216,1,2.956411593177815
23.36566484397695,45.1509597221103,40.80813318728022,636.7461631971355,2.8477831416774992,6.696930149049955,0,0.0
28.962154268379336,43.59037727227346,78.20610585989368,101.11437618609409,2.042647933928484,5.524551375253554,0,0.0
24.717225429395555,44.713798894946805,66.84727075878754,547.9346898991778,1.3406113801113113,6.630795787010199,0,0.0
30.1245170158045,69.14346805960214,36.95544995225194,583.9584024896712,1.6378865333220096,6.7790791856963715,1,1.956682507162209
21.386659673198903,42.58310879144948,53.83650617866922,216.23729893417365,2.6877951890536287,6.40754940746495,0,0.0
33.133655044814965,56.84634374820192,44.259567370968725,391.69312999123684,1.842641005091125,6.6268662969073056,1,0.8610648943546912
22.885963139914857,77.65998509571148,49.39791057962779,827.1928895838024,2.510320551501196,6.664255310243379,0,0.0
24.2523617918546,54.7174083257689,41.30997148344251,148.40905375296342,1.513827606922399,6.259875108576534,0,0.0
18.987563185365946,78.16540385900649,36.759861111820435,434.5061976158402,2.121452430457002,6.7204310743229785,0,0.0
19.8957076094617,77.27335191035277,60.485782483485124,932.7330712114518,2.280614450710564,6.688436460251614,0,0.0
26.769652346109577,52.29135663166082,66.71250890516706,504.10892769960094,2.031961408285811,6.874156535445003,0,0.0
22.549075504375516,76.44110900463727,72.43742736484069,725.133711833287,1.4947950783764845,6.882060448178052,0,0.0
32.2031638376173,77.38883191360503,29.319798039091282,826.866039555551,2.153883811516844,6.294571874517971,1,3.102030294136308
18.249787607134216,59.872696283351345,69.37133141871443,203.77437484549245,2.732251401347576,5.547240760113306,0,0.0
24.444598827422915,50.52102418707591,35.28804946862381,218.21723553293236,3.4122641570646524,5.528660359673121,0,0.0
23.734874295074576,66.06354034459346,45.64018339460304,758.5914560983836,2.9738040511948736,6.908390052409343,0,0.0
18.328569725599216,86.06987940000982,74.0866211509548,753.3067381764009,1.403676203797616,6.006041628842619,0,0.0
20.114262783008673,71.9808366216031,47.27021605895612,60.18332063961906,1.6817546245088502,6.066299804587516,0,0.0
25.0319254736168,48.64612488136306,31.82381204265897,322.49824069496435,1.197059738633375,6.204862044103023,1,2.726428193601154
26.378697935606592,74.137846236676,29.59211931422707,398.532491908438,1.3391238106501948,5.898698495801806,1,3.0611821028659394
24.872925703332776,61.36015136409173,48.37902599912803,829.0404034711537,1.626707412171119,6.3856212922175715,0,0.0
27.025940533005596,69.57643986776864,65.76034543859325,421.86225542973744,1.49881841574555,6.676930587394376,0,0.0
28.117238473396586,76.7032017511554,79.83230863845807,925.9288904032438,1.5341231269165916,5.8860124555611915,0,0.0
18.168704959173205,65.74736757572224,67.24451770585412,996.6077771406401,1.57692556609822,6.6145918866563465,0,0.0
25.889617710709565,80.69919872866544,72.62071753657122,780.7261656943496,1.7516967394590286,6.508028714887825,0,0.0
34.379487095089004,76.10777896583139,64.86994165609329,666.3866895672575,1.3139651715668967,6.288375194208494,0,0.0
26.82354876220233,70.75366700092553,73.72610604536635,391.8971659871228,1.6945874595457373,5.988163145569051,0,0.0
29.518218546802203,47.53964079161757,24.577612598834797,67.03944605203338,2.7210295682051413,6.8091616894673805,1,3.8133581101747804
23.301685584587013,81.79745554557842,75.79589593889872,573.1387563961306,1.5910024995636445,6.1041941075680395,0,0.0
31.157853428596965,86.7952792659908,43.78436922353937,361.70490554399095,1.4295960691317187,6.061994602336339,1,0.9323446164690942
31.139665191893954,46.84825619046474,75.29685339682668,350.8980758323436,1.1692391554611519,6.462056277156654,0,0.0
26.86203281012036,64.41205647167152,24.543970247568534,687.7092527094356,2.249928715492596,6.880497486548753,1,3.8184044628647196
34.59223499574663,52.94443709852523,62.91457742726815,463.63935859663576,3.104956819680691,6.262026878081056,0,0.0
20.134353650965107,77.72616537127823,64.14132492021227,752.09384477145,1.1475416106593543,6.584035995331646,0,0.0
18.288110303122878,76.081481800235,79.81465335786636,398.17322268537913,2.3558150680953727,6.185324537344012,0,0.0
31.09268959987063,47.04425602851994,66.13131624138882,150.86338548656263,2.6265472885562455,5.828211476510257,0,0.0
31.721644135203004,83.85136356308186,42.954422348936404,461.3475261902465,2.4811541419471097,5.685928489387573,1,1.0568366476595392
20.043522895049797,49.04865319890011,53.43491309711272,951.0125143253632,3.1940580089146278,5.704489654749069,0,0.0
22.514908160296304,79.86295128240538,41.993056289995415,801.5246291165583,3.1659889505214083,5.531988573790773,0,0.0
18.29839017723269,62.849017981400245,31.76111871829149,205.74925507336673,1.1432689813211483,6.329353415632165,1,2.7358321922562765
22.9862463832696,56.41361467790756,34.910139650136415,391.3005016449427,1.9023599230592172,5.696658969061007,1,2.263479052479538
31.143411856617416,47.91196313371068,33.32063205645926,927.7920952205377,2.6770745762443817,6.798547511411641,1,2.501905191531111
26.80532897111384,48.38071280733147,52.928919809792774,123.6990587265665,3.3811116387313276,6.974346287002018,0,0.0
23.917625083860898,73.094527735045,74.3696380719136,253.95024186493598,3.01171199113263,6.243803090171613,0,0.0
24.319568013407615,67.52151939735603,74.76359756530385,262.22264587189636,1.4414732763345484,6.174510918925199,0,0.0
18.02301163716296,46.10427108256164,23.28582665154953,570.9328756619835,1.6980220943682487,6.022108713110759,1,4.0071260022675705
23.09660896860901,45.63489302191626,24.793964057113612,410.7333197113228,2.908984659059346,6.45704041826403,1,3.780905391432958
28.98979860784482,43.615528738639576,34.70714343034061,79.87067399629989,2.1786871181816894,6.412040638022075,1,2.293928485448909
34.56130554487807,77.1883673686772,35.3035671481685,629.1814545770857,2.3682561050553854,6.015073181390881,1,2.2044649277747252
32.40003405872629,75.59410426146445,25.693350514355068,99.07786452015021,2.5224495504392674,6.014749977604755,1,3.6459974228467398
18.401114398973995,42.921549542728755,43.307800470406434,606.4149319790781,1.2582287943143484,6.4672057499749,0,0.0
33.27553027947227,68.01350377984865,55.263523561477236,507.0083802260258,3.1399050835831352,6.331819273345565,0,0.0
31.31437302607664,44.2338077621345,54.68973203596782,493.6686607253126,3.157836098441818,6.577833141607552,0,0.0
31.266394100706666,85.18728853044709,52.60578087551556,67.49624529922981,2.1705986103209183,6.912088524256241,0,0.0
25.785927903060717,85.35587095900662,40.320315493249836,639.2204468835358,2.5671130462516576,6.669387341499501,0,0.0
24.766089980226546,74.9116494906565,62.38734111899484,431.32025858933076,2.6497603000637255,5.956518562050562,0,0.0
23.149567390164275,86.3094460719725,69.58903645886429,411.1061222856865,1.4743064618247104,6.638683650776016,0,0.0
19.11681260222422,80.57265152068453,40.77645598864451,596.4513964185368,1.2814620711656985,6.175036790968319,0,0.0
21.880001179392885,81.42692879635247,25.13212155796772,606.2480599465474,1.0516823660093757,6.666484586031539,1,3.7301817663048418
22.19226179462642,68.48539252849666,37.779815065511386,15.03329576198853,3.282204566944003,6.829856905825713,0,0.0
26.229310185073427,55.302959910808795,28.242119274494165,125.22590120320665,1.8642832223617283,5.874909023694853,1,3.263682108825875
30.706554912143798,50.88995575582108,48.04152363363085,236.51822084472062,1.2145773375275075,5.857967517294934,1,0.2937714549553721
26.054767082765093,56.36000110194646,29.356109078964696,677.9773333459791,2.164499946244929,6.148937362411218,1,3.0965836381552956
18.98335564060173,71.4247715044531,47.770685459478635,576.7411270296075,1.189062783365438,5.577300810472025,0,0.0
34.28242661679947,48.63282679161995,33.26017353947886,757.6291323847537,1.2131268820173873,6.52852890891536,1,2.5109739690781705
34.026313424599905,52.93201183186608,64.32386632774418,740.607805543857,2.2222133642613127,6.624551619360041,0,0.0
31.348222233522943,63.40304313977322,21.654094450150737,853.1828692061507,2.272091649291588,6.018145007952836,1,4.251885832477389
34.85257432659175,51.652504926230776,53.28477822991553,376.8148612724139,2.4503577133197765,6.197927879645089,0,0.0
27.25619965760447,69.43218348580308,30.1692964952034,345.06386618330276,2.6407787000215044,6.3855348806878425,1,2.9746055257194897
34.3670619543045,86.1588014228165,20.059511868177623,831.0154030534633,2.670668425447798,5.610396769023251,1,4.491073219773356
19.285285690484763,77.40446828515633,72.15200528388843,237.60153386718451,2.082491718878794,6.566946300798189,0,0.0
24.216572720443313,73.32133070744565,60.29166726884406,461.17237367360696,2.6088326463434406,6.290052506123567,0,0.0
21.83148155611502,69.13607379918894,25.936569323031406,194.32565202224973,1.7618493905362898,6.436393423334083,1,3.609514601545289
21.32916243028259,64.39739546285324,59.844342061031334,913.8407421392136,2.103270477887845,6.585745871276325,0,0.0
20.393650131175495,49.32819298173298,56.69883996425591,407.80301309662536,1.983317621330701,6.513338111159733,0,0.0
28.581031906621945,84.73552277134328,48.4014012225922,212.48689823082833,1.822775003046591,5.642982383028448,1,0.23978981661117016
31.282471547704183,52.42680010064181,45.15548590553684,692.013390568912,1.5964270640274156,6.673888114173692,1,0.7266771141694736
27.83107279014613,44.56544387890804,73.22418577494409,244.64467821047865,1.196147501352183,6.415069872750604,0,0.0
20.498366062999565,77.50075896143477,34.70888119384708,943.5036031702234,2.2647761944642393,6.572321263010576,1,2.293667820922938
31.789104088869003,48.78077671655832,43.898603420803,367.61701480941144,2.343220465514737,5.892252587518133,1,0.9152094868795501
28.811230021783384,58.5947999770588,39.746924773689635,664.640712101837,1.840387610255142,5.832140828776386,1,1.5379612839465546
24.598817004158924,41.414246414548984,66.27206174219802,345.2449311574134,3.4396096575886146,6.73913841679118,0,0.0
29.46021502411307,46.853397127022404,74.98791837395237,807.2455829934737,2.3924030257661455,6.08558377735429,0,0.0
22.418384647128157,48.660181537995605,70.98690192441383,896.9227410227758,3.222526297288095,6.363020083607617,0,0.0
23.86826754440158,42.7205063875089,67.86223581798612,787.9183594147862,2.4252132738040495,6.327393208549325,0,0.0
33.597259333243834,72.83284783114226,79.20739673420498,848.49901872752,1.474789632429153,6.377750233679528,0,0.0
22.938576596414148,81.85038979015586,61.82867302462311,101.88082793763597,3.4365563490047997,5.604259641199741,0,0.0
25.989800558684923,58.66577031829705,65.06322747281203,924.0646770330663,3.2133375261226194,5.9537104684248785,0,0.0
33.132399335732245,83.72882383591003,78.96815238230113,624.3007288752804,2.1781841960941826,5.599720809229627,0,0.0
30.03126295454797,50.667328728006325,20.419447123950444,869.2175321661997,1.607644729518286,6.220241462902981,1,4.437082931407433
19.057454844799945,56.26952117806198,58.0429025861819,684.4367641854154,1.5566740406621273,6.853148020610483,0,0.0
20.504151752742494,47.53684965155842,64.33829191719738,201.8476685437104,3.0150510679156404,6.0837642749714185,0,0.0
18.133307043122585,71.02795977094993,75.0696232254317,609.5551016456765,1.1727965286281485,6.673674630895961,0,0.0
28.72567043389578,60.99347954351534,73.03065825106057,90.94623972314098,2.595150953533872,5.930869538402545,0,0.0
25.61044823197711,70.66416734209494,70.51764087402765,695.7230302181587,2.6003373088545882,6.784398658055208,0,0.0
20.282672465338685,78.08374526970917,76.74747631650223,409.0011410805727,1.456136369314522,6.129254663311697,0,0.0
34.2848800579651,67.28515080164742,52.24275127482245,151.73317310020894,2.7622809210866572,6.032826123476346,0,0.0
27.00421530707554,71.3815177450894,20.415205735089607,979.2298158684141,2.7635157229887026,6.546219406806694,1,4.437719139736559
22.112185999919117,86.76251571971665,20.663263921820572,901.0844242106812,1.8750771686034593,6.269135923383674,1,4.400510411726914
26.51026070963003,54.953215480442154,52.67834333707148,893.5437134032538,2.208439781792479,6.005980067102773,0,0.0
29.553545656496834,57.95819693169766,46.11633433183648,788.8203063522528,3.0819088778724844,5.587138344216215,1,0.5825498502245284
19.296066705550597,75.88516808546684,47.07470320192691,691.9811251435176,2.307883183668113,5.749958985724899,0,0.0
22.669964855814165,70.56527585276933,44.02428423260222,655.0794802922452,2.54539275246244,6.6584855756898795,0,0.0
31.71841334502789,48.92664522698574,75.06354854547413,106.09383770385527,2.031924126215695,6.881097561343011,0,0.0
25.81430279684524,58.80736550052451,41.55022107018739,900.5662353184541,1.373997722912255,5.753257427162992,0,0.0
27.291811414549013,63.39190065623575,71.373616505785,881.1283963046104,3.495166579085227,6.354161832262308,0,0.0
25.357872037560977,60.96949189841946,74.17188762749845,747.8526265248533,2.3288413007065185,5.55126054090888,0,0.0
18.746299024931087,48.91374041610204,49.97010619993729,927.3149590751225,1.841116153551277,5.936265185874668,0,0.0
20.81774625694265,86.22150458921311,46.8162822419053,553.083451397992,2.784468314982835,6.173181938530678,0,0.0
25.574207858612144,78.1159380846988,65.66123625292681,447.64233471755534,2.552054416653755,6.6038168009482145,0,0.0
21.556152911934774,64.06779160539261,62.47829045839294,967.9474021662787,1.5822707007483898,5.566161780204728,0,0.0
18.84964348721454,74.00305141534183,39.71210699577236,464.131187797656,3.1923137484938833,6.671845976504224,0,0.0
32.342044288881006,84.8641336067761,26.152887555478795,641.3244410671576,1.177257342303092,5.8039716464579785,1,3.5770668666781806
34.68027299578997,46.80870711807856,35.89114401094882,373.06214685843895,2.5142456295897584,6.639297656567381,1,2.116328398357677
31.48342885794457,52.518652535348885,27.861710348737937,636.3262260197279,2.1947212286958346,6.438206217678969,1,3.3207434476893094
32.514343668979336,67.13506236283226,37.68393654660149,720.0989956256877,1.795496034463305,6.009363755386453,1,1.847409518009777
22.11361121538977,79.95051856761793,35.70929393484794,624.6555252885504,3.065950320650605,6.585627221186761,0,0.0
34.3306585837244,41.81274477207637,58.26268543320281,514.5629412161977,2.640692685723158,5.8544838757208835,0,0.0
21.347736975708283,89.20090750981802,77.26976170728678,300.11079762523286,2.8987487421939386,5.829591938523818,0,0.0
34.17430677615115,62.74533014411986,61.14462393982902,643.8456761362233,2.036646856611303,5.592617137261774,0,0.0
34.91192799742117,57.96155703108615,75.59896448387417,908.4288952613629,3.355995828266276,6.089615760736152,0,0.0
30.09928769768283,54.6362218919886,67.04793551650661,6.912591169667359,1.8618085567975,5.6465599466540235,0,0.0
34.67944344046097,48.71783538254358,63.672657324270396,133.92902742969036,2.3276123111391143,6.129251358039468,0,0.0
27.68217625264076,79.5786954465014,44.84371641280049,119.7731584998557,3.334125279528897,5.514705364115591,0,0.0
22.412210313993537,87.77070823730483,39.48767017180212,923.2053028928541,1.2079723947140226,5.732625020736666,0,0.0
25.428930056315554,60.682237742269905,70.77664234837516,662.7476889626147,1.2720260929173943,6.898557911038299,0,0.0
28.09053590143936,87.62103473767282,74.32359397574032,951.7881064701505,3.4854694158086685,6.693342724255618,0,0.0
19.242386554459255,81.18988077175172,47.112949619055925,582.8132732124283,3.4284778923891497,5.854245386103317,0,0.0
28.579835498493182,64.05255637381592,20.543785891198667,461.7328971592537,2.9292540145928405,6.577438010607023,1,4.4184321163202
34.68002322495901,73.70130895630663,67.55186353438822,792.3429118143624,2.210470690177912,6.502722686613155,0,0.0
21.23183004632337,61.74920895852315,37.1041304283375,160.94226747522455,2.265152121591108,5.765388421065708,0,0.0
31.474116976902515,67.93617041062762,20.593271901015243,381.3381163173214,1.643032183843589,6.056587790516124,1,4.411009214847714
33.43427949425353,42.90231685092519,68.29931353856733,466.27424053422374,2.081827590338312,6.870558613842455,0,0.0
34.04292707794376,74.81317376502665,51.04485132901389,298.4583945121182,2.078373444665831,6.608076824808475,0,0.0
34.3223052748926,42.64123222420684,61.112644780308145,371.28561240847847,1.0902250473168467,6.640523794459739,0,0.0
26.864813858265023,80.85424734598247,74.88138926866864,78.10518692441826,2.1328955200841735,6.345829050601943,0,0.0
34.614234435855565,81.24734647302787,52.470429808286326,197.98358944955797,2.1994860212936675,6.498309698102659,0,0.0
30.87427352128546,51.85386437781073,50.191644354737946,335.4967203309284,2.664457935574657,6.263107714402459,0,0.0
20.748414416028353,56.183139051790015,37.43972728089581,795.8904332331343,2.291132283469194,6.61134070500435,0,0.0
26.107301809955487,64.06551892791467,38.31163006639716,182.4973548428639,3.1542073309380068,6.599091468132544,0,0.0
30.211629981324066,69.83314534662408,67.79252396177876,346.64037398422465,1.9189045631045591,5.5466247813583704,0,0.0
22.204785368924416,54.367683087099834,46.94175473515622,64.92028819693519,2.024293978014006,6.447661588959646,0,0.0
28.890458120331083,69.62432023159624,29.811572516487225,557.1043448266059,2.428706284140186,6.444720495586271,1,3.0282641225269162
29.332208143792528,54.889353661464945,25.671725840029737,611.2508881409277,1.5068068112781987,5.600979948399448,1,3.649241123995539
20.76589564474562,42.774536053553035,48.37520701170676,865.5164634621669,1.9837452139555487,6.115571897760464,0,0.0
27.606450311696857,40.12637749159545,47.89730141706383,819.115998501964,2.715418679383319,6.848183685418494,0,0.0
31.117657486636332,45.05755289592143,59.207496692323765,285.3779546838805,2.0295218481870103,6.930158237054972,0,0.0
26.481226297111014,79.61253500820091,48.26404866470844,136.95368918985972,3.266541275024894,6.673316421569828,0,0.0
18.205752985193826,88.07156561916685,28.608542248052885,156.08318221040375,2.5382513023511075,5.727206783456275,1,3.208718662792067
18.153653974347968,61.34830996406096,50.46817308791081,968.9639430404445,1.3844193748034106,6.062079935182082,0,0.0
24.06949884749021,65.63419767249714,74.4073642331615,673.2258140073574,2.2186108524734034,5.773830023825634,0,0.0
33.74529916334029,47.342408453671304,29.566484697212744,42.570787803239305,2.911946863989415,6.478204204240923,1,3.0650272954180884
21.88750525326135,67.55156763400785,61.385278458664935,136.77925504509457,2.6083629132663404,6.659716676969012,0,0.0
28.784182710818683,47.23274510034884,55.63155589793159,485.80006510095575,3.2131589341802997,6.825648577936903,0,0.0
21.77528980178645,70.56071655994151,64.91514360270816,207.8288042931198,2.8749572413065416,6.790972713202556,0,0.0
23.468389824212327,86.6629333790427,29.036016405655566,803.6589850000189,1.1540344315247166,5.648814891491366,1,3.144597539151665
32.41671552322523,49.78492696515198,76.49632021435968,573.2171175693649,1.2812816230953885,5.688511010468564,0,0.0
30.3906445185891,78.2281859028551,57.25798566602952,612.6322077892984,2.624371746927746,6.864507719413103,0,0.0
19.62178771432458,41.175121140916204,70.8242682614682,462.8255480492118,1.5960198962798466,6.765676647876899,0,0.0
25.28793435676937,58.77486206608105,34.79640582081414,256.0627754263155,2.4695872565980936,6.19056724757416,1,2.2805391268778794
18.495885981969497,45.53742539152545,64.3647733638777,589.4036132025466,2.980543980234941,6.145078137665729,0,0.0
26.17513249225115,57.62377207978497,66.86184226003513,716.9700461607318,2.44232896951763,6.3291995123246805,0,0.0
29.26137819891816,48.676845981944176,43.84611634322454,370.9480776301669,2.0387214250157233,6.394953774822435,1,0.9230825485163194
20.014544601168577,58.66524950614437,43.03720717300533,504.9436306178353,2.6156757777817976,5.881324840651457,0,0.0
22.911043961455817,60.876140305376516,59.467775901544954,839.6839704720333,1.3590486106865791,6.105612645215879,0,0.0
24.763222633536667,55.02955613904592,25.60446090561296,148.6817618224603,2.8080199887582045,6.429539446208377,1,3.659330864158056
33.63202741915285,72.83109747365646,64.13744901305054,545.2244192741003,2.7425627842800555,5.809401079103669,0,0.0
34.88533526219039,85.94260256294548,22.573205590364655,348.41266182922817,2.2860084123807227,6.998249856449816,1,4.114019161445301
18.76349208292547,60.02976870526362,31.435418067249557,702.7947582172304,1.6970337375329307,5.924409178438056,1,2.7846872899125663
30.937134699421662,49.61715782375107,59.84862543448203,18.810243162394656,2.993909466574375,6.328622917033,0,0.0
24.319309128839834,53.536137909799166,25.89942002551783,670.4732998031888,2.276375758070043,6.331239390598686,1,3.6150869961723253
24.67178916590116,82.70004117481845,78.3105254886074,102.8977340161874,1.1479422646486719,6.1772278425836555,0,0.0
30.82250454689939,68.5819861635074,72.10377256771403,64.76775299365801,3.29653137960165,5.862315185015716,0,0.0
33.613249346471946,62.75055161534786,57.57813994440419,724.623300958613,2.9192910912172296,6.348029608503279,0,0.0
34.16578610654332,47.48183607544634,69.14344734016099,640.3421529040735,2.462012869206704,5.636521623025166,0,0.0
27.811083962651452,62.4863654161891,73.25480291537407,894.9359308926588,2.092063793207253,6.080389170003301,0,0.0
24.07105970810855,53.92460016786933,35.56853897430911,519.6549558006451,3.3997492451042266,5.836378292524006,0,0.0
31.38833445959925,87.15815639266745,70.96469527695916,530.0244255271671,2.9375514356635035,5.68626666095342,0,0.0
22.267023515459105,84.20350547078657,31.68762701825611,707.0178355765505,2.337482668217091,6.888224396321736,1,2.7468559472615834
27.589258490169804,44.1951270914099,44.800535848928924,323.39757635325117,2.6328847379597153,6.54991437241491,0,0.0
24.095833845922844,65.83267446306215,53.49557787491596,36.912455421932556,1.7018760043244978,5.7532433235116995,0,0.0
29.162728253033894,51.2529172757336,62.83345778444195,230.04582571905786,1.4892898568722122,6.924093790899274,0,0.0
22.086781519189618,60.53885447621453,21.808479063351683,238.0134118963666,1.6832988682601964,5.823988162221636,1,4.228728140497247
21.257080077492038,83.84239991257283,37.43056476669134,335.6588502781939,1.7328402482068168,5.853419895695858,0,0.0
33.61006447348243,66.37572599442724,56.51114589262342,943.4627330404629,2.849346126596777,5.699905563317592,0,0.0
19.730662610142126,56.71076466853799,41.442120748947126,804.8427986631478,1.3501526017980814,6.591779703147225,0,0.0
26.601284431493838,50.39441770524985,66.5015033377696,935.9562452051921,2.943968004294197,6.356313148952344,0,0.0
21.75449731037115,80.01624297032447,59.09912966904297,998.6095901130004,2.308488283403031,5.587376698622306,0,0.0
18.661809376536347,71.22590076821736,34.064087223424146,433.7790040870445,1.9614327609420046,5.537949924122445,1,2.3903869164863782
18.61231991095425,63.40327302131156,28.755738775539985,227.07331668030463,1.7509902739842218,6.298989231663596,1,3.1866391836690022
20.978770125799066,50.8742176931489,57.74281961522303,560.0041612552491,2.283001511366888,6.477296787884031,0,0.0
32.73509602660201,56.71231870785657,47.028039662285465,881.1344139481188,1.7937961565751237,6.7343104247738,1,0.4457940506571802
22.802138647609453,87.99217133692594,30.137422466079116,465.7318610145782,2.0736299810724677,6.217409386233309,1,2.9793866300881326
34.15780589978003,66.00449688029173,39.58245231910264,505.39930257225353,2.847538224205874,6.514795718138586,1,1.5626321521346036
27.88757898081629,60.03496406216264,38.1828048991152,134.43910592782672,2.5649962658828764,6.600483491435634,0,0.0
25.422441226069026,66.07110211741619,26.487918340362505,420.45549256776104,2.8699559411829583,6.419579039467159,1,3.526812248945624
27.86151018938073,78.94942529498044,52.81454115591368,386.99480980857817,2.7824342241078055,6.028324378551139,0,0.0
26.783872548846553,57.00544682514344,65.81891803475324,351.6885028654496,3.037681233307304,5.697843224541464,0,0.0
30.899196313874526,48.935306046630444,54.528013331179224,887.2986699241998,1.5042248992667822,6.471307816794253,0,0.0
22.80243312153849,69.24680591695238,69.57748189624114,59.301433212332945,3.487807498683253,6.6530444977186,0,0.0
24.00185665720514,73.26020517405337,27.65411283292588,972.147182897347,2.189426124678915,5.784740677980943,1,3.351883075061118
33.19960314306526,75.63590014792749,46.136711469333434,8.246825273136027,2.7955823452021766,6.242300078622222,1,0.5794932795999849
34.08976072355689,84.09937953830648,56.56490621948595,945.594013949809,2.694375407503304,6.095868077180431,0,0.0
33.173489867270064,58.55870603445565,60.56009365651444,548.0475028385436,2.415375211542571,5.808554613287974,0,0.0
25.130615897274332,43.76774481144459,61.74717838540562,702.4452444001158,3.489540546514669,5.867969724792755,0,0.0
31.26621355111699,87.9174291815471,63.73792562587286,187.13284969512324,1.5432896240922163,5.856511222491514,0,0.0
26.097707466118678,61.750596371873755,59.085788731761,654.211539016607,2.0543221681975705,6.128396431740048,0,0.0
26.458177486483738,71.16287548365656,25.653685336452057,881.9576685277326,1.3193263980635799,6.085692877497661,1,3.6519471995321915
21.479561853973827,73.31526615641462,61.718340656137784,139.4801398336516,1.4545886799563736,6.331268098340159,0,0.0
28.04921515539478,67.32568543506018,63.48695940646326,127.08161227328996,2.782410158941916,5.639816034793954,0,0.0
21.164310261806914,50.262876486813504,79.60879606001762,303.97790914947274,1.0121066969082002,6.371875503856392,0,0.0
23.636599884142292,77.75715250580707,61.60174620206756,161.72589247539815,3.224551628424126,5.532769132434718,0,0.0
32.5355134275389,80.18759871520408,61.20982374509293,110.6458480933471,2.5829612081716293,5.886062692510482,0,0.0
21.520288756584538,67.648779300872,50.888797410918315,678.3190359852917,2.102262634290825,6.253207020969185,0,0.0
19.20969084794836,64.42805802924208,72.07537451510683,213.8266139124908,1.8284027681173138,6.530404455076986,0,0.0
19.173129074417876,45.696909156399265,79.8100857176695,667.0148994019862,1.3156851214997904,6.656898435421896,0,0.0
33.993336848552836,44.19758307498919,66.74269221184593,861.9292271158163,3.303906466134688,5.5533419743995704,0,0.0
26.61764744535119,56.97824227817644,56.75002267146851,652.0247914130006,2.7808058125881514,6.306230331950491,0,0.0
24.96000522088931,55.54230777586966,24.737289615894092,119.36706991540092,1.8409824973151028,6.031654888783937,1,3.789406557615886
31.784935877134615,87.68282254816356,63.60434790377765,573.5775740474451,1.177340448601551,6.542363380432392,0,0.0
32.20904077447877,79.18113712217149,62.51369411491702,393.6286842115508,1.8142070788525442,5.925669643167451,0,0.0
23.647247562965276,72.996214762953,66.5340888685659,343.3709367224947,1.4615857370227086,6.615585444441176,0,0.0
29.791506977054517,65.88240445088024,27.47332330396936,318.53146862983215,2.9656832830780226,6.403355361754989,1,3.379001504404596
31.10908786948207,48.36837653633257,59.22395000756861,929.4322238196455,2.798996711890899,6.684508575576401,0,0.0
29.12906167672123,88.9228336092142,37.74343429710048,742.5074566777278,2.2454015683073125,6.976590937106994,1,1.8384848554349282
20.57711627160169,58.7520349120105,65.61627460417003,133.848789580295,3.2146027577275214,6.86287896574625,0,0.0
32.89001241978997,45.34628012236224,34.42243724188798,476.00547973246375,1.45170172034771,6.389935292269326,1,2.3366344137168036
27.164607396512146,64.6899447857873,61.03872060922464,318.22307525391955,2.1299139635837365,6.840643266111962,0,0.0
22.802031248290064,83.69990058065416,37.69957681903878,977.9383125459582,2.776550759910301,5.729634719282206,0,0.0
25.228879152440797,84.36455008886648,20.53965756904587,978.0289729531695,1.169505874296698,5.5645527353829225,1,4.41905136464312
18.638708536781426,40.548295802822366,58.00147471838572,319.53447433303495,1.9316934022367773,6.299699874855421,0,0.0
20.1737356207811,84.31478723756999,26.796144989535343,352.1131161454547,2.4291620054554506,6.961554664208291,1,3.4805782515696984
31.014294758769637,53.57421087499293,59.55748836729285,599.4142071365455,1.9170088468425592,6.564604671162861,0,0.0
18.000197790841224,41.94861819842115,75.53656690141625,479.3070143275001,2.200497473181877,5.957713605375447,0,0.0
25.081619084198966,82.38951351814372,78.15475605266542,213.10087215844143,2.5202958734176795,6.503157029210665,0,0.0
26.882673078455003,83.19333779941041,34.15538523965675,660.4121669886114,1.9209765354489625,5.559861569657053,1,2.376692214051487
18.92878514001653,69.8115539921175,68.55519365903929,334.1286438752384,1.2650358898061707,6.205929430990727,0,0.0
34.54232877052966,68.72168786481792,41.21319661234642,653.7164983321676,1.348611243355331,5.855883525119993,1,1.3180205081480365
21.844130631244422,80.65601363107098,74.02742436487894,383.6815223277997,2.317509923885493,5.573797227343347,0,0.0
23.171378233816775,79.31547763551399,67.24937411776243,700.2098938562716,1.4368500640797432,5.874865571059278,0,0.0
23.167022708335466,84.5052736721352,24.43530299874582,667.7994708896505,3.224584180359742,6.583690646991652,1,3.834704550188127
21.91708325599495,67.63737237983517,44.42821963263664,508.8127559210007,3.085464212809565,6.326783173400141,0,0.0
18.025054975467295,88.38235463664043,40.23906956058045,704.7399907108309,1.8725801725150384,5.535152347431183,0,0.0
30.398861499495936,89.80734154666692,67.11086124339661,460.96567623201526,3.077467929987325,6.114606629730994,0,0.0
34.43637349658785,45.82723049993163,44.617142639189545,116.1382996501229,2.3329695758527373,6.628256656800388,1,0.8074286041215682
21.812989215845768,82.47718797770611,61.07530385918503,182.10625333735464,1.3976273215073527,6.931907040345027,0,0.0
29.27180226065818,64.99111288742945,56.14611533542642,245.99313416561287,2.535529636353309,6.811536356288552,0,0.0
30.612237558298155,59.3783169149916,78.53832314585803,63.22892822569659,2.698627793041016,5.502279626844959,0,0.0
32.42323144453892,70.65361549413575,76.2670974080969,711.3812206306701,1.2097289461753964,5.82805299554023,0,0.0
25.184696349231356,42.79827786310035,45.661970884323125,367.39022683161835,1.7861327260550954,5.8116053263628284,0,0.0
23.149825395887298,65.323055938354,63.41469269846896,93.5232963269973,1.0134599690297974,6.1196419450416135,0,0.0
23.53001727839153,83.54452850133333,69.7676056388733,819.9581207255803,1.7910720083903158,6.468631846813511,0,0.0
30.114562662674718,50.67307580694844,73.9331452317287,683.6542844635749,1.8386133322981217,5.729603591321894,0,0.0
31.885250930595813,61.319494738471256,24.08805582658902,452.22423712770086,2.575521566947712,6.873518041008184,1,3.8867916260116466
21.087437451862243,86.97404438574378,38.12472795640981,247.42533509273423,1.4976081991229124,6.665675372232158,0,0.0
24.30599713868201,61.428191890284864,39.21380245811131,151.74589379284674,1.0752274668194817,6.128997905991465,0,0.0
33.33298334473555,57.91838161661992,46.06675707319272,458.374191755062,1.7890863337332035,6.375990214411288,1,0.5899864390210922
31.71378983481057,62.02683240616891,30.155885042925142,885.2457430105624,3.0640488656473095,6.31270300792366,1,2.9766172435612286
34.74259284696209,65.97263832587782,49.77235279700049,188.39532327196994,1.9978630138945652,6.373345083515615,1,0.034147080449927
30.82222041459537,71.59956720657344,59.79285963790736,568.6592289914879,2.0377344245850493,6.790172880624352,0,0.0
24.684318417474678,80.03464004583655,49.841835213003066,961.685995222256,2.1725689071165055,5.80017945917601,0,0.0
28.04084317790884,62.60511028821571,59.947585711856945,637.1165747646129,2.879472077024966,6.525570953013779,0,0.0
29.237242322204445,80.87404675450702,23.986497909074018,439.9647301558683,2.2000622309464295,5.660549200206229,1,3.902025313638897
19.33374887739111,66.68603306760403,72.55923990244462,716.3729729389084,1.228206881341956,6.188745962183566,0,0.0
27.256448304765705,56.92402551839888,76.34415152606411,824.5779190187064,1.5159994989991241,6.453758303422758,0,0.0
30.058454084034363,72.89754140597071,57.07444544711892,590.5162978868422,1.4697434174814377,5.518752491720177,0,0.0
20.844462168018026,75.88611273717457,72.88345991821382,871.8323589929926,2.2696582960108396,5.662099396011015,0,0.0
31.270739196234473,67.90244878147438,27.886760998892747,514.5917593757376,1.074823662663063,5.636900154137159,1,3.316985850166088
27.924137268739898,42.83074865673617,67.84693520457861,830.0290022062567,1.709041521281909,6.062038911401717,0,0.0
34.187770356859104,48.49414375804125,27.14889160835564,952.0192404056952,2.5179873526079213,6.433013435317672,1,3.4276662587466538
18.72117906951716,54.264886044511414,44.4806138898522,501.2434670235171,1.8866266888290042,6.993947545698454,0,0.0
22.51054433844294,54.131280297574655,39.4291120734965,605.0017155853252,2.769280396047054,5.881118328012575,0,0.0
28.22641594809701,73.67104001234352,55.135509513227255,609.467542949835,1.978053342141976,5.703939297237384,0,0.0
23.04151850750082,40.91743308368163,38.09087211437201,781.4348635982906,3.448143820944446,6.122143972581428,0,0.0
30.14521078921112,77.784088852476,58.23881778002796,822.9658401774228,3.413390717645786,5.718963149002684,0,0.0
30.903089802872827,53.26712374034666,42.04323734911747,27.229316206060727,2.9996017861614783,5.5368168138976435,1,1.1935143976323797
19.742771389130066,55.50109231080512,71.64742286182786,733.3595640903878,3.385976320128778,6.345938588482474,0,0.0
26.735525891515053,66.39549139719621,58.03303041317669,783.8152446302377,1.5119456040441575,6.819358769838861,0,0.0
26.65113944504795,50.79628004694788,32.917897839286766,700.4294394582369,2.8773079144908507,6.791275157681036,1,2.562315324106985
24.277773093664198,84.22356567877637,40.16776532168522,713.695659323096,1.8041465832986425,5.651182859227863,0,0.0
33.85972266368442,44.26843896632826,70.84525325759935,41.402859184269445,2.813235797357309,5.721215372946831,0,0.0
32.06760743784476,62.21911811505325,43.18878499924751,442.03866194890605,1.934733654082998,6.236681489737561,1,1.0216822501128735
29.852559492463826,82.47111347274449,52.14794393393871,818.1796497217406,1.7235516493604637,6.051574780207662,0,0.0
30.143552807494956,70.79219472106179,58.93651615713996,934.0071412951037,3.39698773805415,6.554611814152285,0,0.0
25.849174444823024,54.61647579213167,40.868578975155,229.46792057193477,1.5247136043895952,6.2424115003178775,0,0.0
33.65690685864179,61.03801038882304,37.638717845484095,579.194940352795,2.896421486516407,5.530177268030975,1,1.8541923231773856
29.80812226330585,75.33471901712574,48.515294156481716,804.3302395505837,2.686680408011388,5.926846267419149,1,0.22270587652774268
30.39267804814888,88.66303716819496,32.892858325567346,752.4076428591857,1.7586941045201607,6.852237806037693,1,2.566071251164898
32.648745364384865,84.65693591897167,37.05263521514381,618.8901169800791,2.145857543730699,6.267263240311481,1,1.9421047177284285
22.659217018817248,57.12164041911884,23.724709041922164,18.691188262000225,1.357357739810823,6.696923127554738,1,3.941293643711675
31.720205365733953,89.90989396439288,38.238216558260326,723.8858401115659,3.3030215109268064,6.103444148915391,1,1.764267516260951
21.319090250260366,40.175233176552915,39.24224560181416,773.242503278815,3.4202995038185766,6.515445471769358,0,0.0
23.870813188163094,41.381487790420756,77.70998997747918,722.849506625635,2.831157579378399,5.753504825855439,0,0.0
23.705377722587325,81.1920257585597,55.38372952795281,765.8091614899568,3.1235508595815746,6.604799900832525,0,0.0
34.634932962615395,49.9731343416526,67.24294552494834,430.91489267886027,1.2065435770032966,6.679871569625224,0,0.0
32.561132803714756,43.03846341981205,22.722635166819348,993.752145925391,1.9599215448909786,5.635210388673919,1,4.091604724977097
29.919887647034415,51.85740366182511,26.392201616502316,770.7869158726589,1.827027787205537,5.77496611457994,1,3.5411697575246524
30.359964947461634,61.30500769904301,68.87221765175553,578.6800052799855,2.4123789140476726,6.1943339103842545,0,0.0
27.55523750484371,76.52831352167024,57.412972965058145,934.1912697466239,1.4583882366854612,6.456155104611447,0,0.0
34.10054134084483,71.21677632756027,31.458921832412173,908.1983394580183,2.4084533015674943,6.456237001862265,1,2.781161725138174
26.436398799000145,51.88106087802102,44.2877243517043,814.567065334265,2.635913413941471,6.502304470863564,0,0.0
24.468801067788206,65.16352240502923,52.32034999889737,563.6949189837663,1.330882729643157,6.571622870499549,0,0.0
20.771600727837047,86.31070526992843,70.6165897482465,527.1010191467135,1.32930177216361,6.25864995658131,0,0.0
31.365496088437986,80.75038884918789,23.624719501669652,328.70793197452076,1.0885584746078778,6.362283233877049,1,3.956292074749552
30.485546845285054,56.15948924158967,55.803337362041745,250.87797910394838,2.9022311240603607,5.512609200712446,0,0.0
24.534035654910294,89.11322806778482,63.02215529520104,512.3595169750865,1.8275213420970118,5.7499010580133545,0,0.0
18.4282880373069,75.43102002175655,78.67351147462756,577.7817617119738,1.5635511393620054,6.247846063142377,0,0.0
32.26295457120618,43.12246778333909,68.42960469753106,244.52643145884556,2.9452359876130725,6.6183895871055345,0,0.0
18.194105718719253,41.75803566443194,36.5736388139164,922.6012436534787,1.358139225223849,6.713387350035099,0,0.0
29.962896253693867,48.4203974505015,62.57475163269591,557.2739967343185,2.067958567743262,6.593415538120828,0,0.0
34.49437086534297,76.39279340250734,65.79667309561863,526.5053253821466,2.8619666887963184,6.229604084927814,0,0.0
25.44024257851946,49.18694629212139,63.78412999510371,435.6383883661402,2.4345807939679416,5.921916321770301,0,0.0
21.994547884931198,65.57433846044168,69.2086440771122,58.07129571686054,2.385000358731058,6.1670742403622665,0,0.0
29.982807170737487,44.66300600904159,74.22379857281825,882.4013344598493,1.3936585267900627,5.513942347135082,0,0.0
31.89117841426495,86.04430789150976,25.905792139360415,316.9942264430298,1.4523318195868526,6.396939184167738,1,3.6141311790959376
27.289315373323404,57.19803067917837,26.28583146086713,642.4603344682944,2.4563969847743525,5.611850356164942,1,3.5571252808699305
34.43959967935449,85.40660282803154,67.78399932623876,607.4335589700354,1.05891715270165,5.718085142310568,0,0.0
18.878368268185337,87.24378209552722,35.142348591288254,584.4868253845268,3.172794972408526,6.438964930678394,0,0.0
26.581525171176978,40.30643236568404,23.512485317004675,525.712202011584,1.876177001602437,5.520023008518624,1,3.9731272024492985
30.21371710448335,63.2067593599366,44.07375085883635,181.43983343132808,2.0415405425433177,6.360332999941646,1,0.8889373711745477
32.66488800953604,41.232802785344646,69.19261470956468,280.6057410479655,1.6460808368315,6.45757013098042,0,0.0
21.04734540243243,85.43463831514529,27.593901428838823,524.1880712703,3.1916777481577583,6.682412520275318,1,3.3609147856741766
31.600059189982584,65.9203772367288,60.31051830826805,789.3424515969259,2.6062601820147626,5.602045791945284,0,0.0
27.396020287215272,43.74720063492484,20.21695170629406,431.98897065041865,2.124771172587667,5.504397495094778,1,4.467457244055891
24.741412593829374,45.51383641382834,26.584246832746995,203.92255304613082,2.463271989149353,6.650286840894786,1,3.512362975087951
20.23915548584459,59.17545122463695,41.05102074610921,87.94442480542597,1.9509239899384772,5.935080818798738,0,0.0
32.71002790145151,87.01170964364448,25.016136861464844,663.0110034940242,2.1639561957110303,6.8308078322853705,1,3.7475794707802734
20.67364453905516,74.64545757840403,70.75410004622677,423.3399706211646,1.8940804835357112,5.7774528911871466,0,0.0
23.266393606554686,83.38094330945663,71.84423018872813,125.37089262264189,2.026686985527088,6.378258633023116,0,0.0
22.930774043361428,58.32283231699898,65.33424218597145,674.4668799869837,1.7874413600235757,5.664114496531222,0,0.0
32.814038581244525,42.16068497749992,34.548777883737046,207.57873085437316,1.194102693865055,6.104035222606612,1,2.317683317439443
29.435950901551266,88.7158818602207,51.39482451439879,509.0160483036771,1.093365695407922,6.823096592453395,0,0.0
31.54358375225333,40.85864953311848,31.051311531402284,306.1879750768605,1.4352655106693466,6.412521262615659,1,2.842303270289657
22.257954279472482,87.38258265405446,36.876707004386645,931.6900644340004,1.629094359571826,6.53442555364973,0,0.0
28.62285969331898,58.43387119245723,50.96031753042747,228.2880662711656,3.2261796514742063,5.838955495606225,0,0.0
27.719681713443727,40.50452025109408,64.10082850764786,419.9185215420285,2.5281216363077617,6.884126380552047,0,0.0
32.158116405400605,74.45786158622542,25.67926282361835,959.4935968280058,3.3957429240599772,6.435223660521734,1,3.6481105764572472
33.40348002818143,89.0270152015677,37.80180185768517,318.7251799383154,1.849117150489074,5.658828226329735,1,1.8297297213472243
18.206665115115577,88.28128614187963,75.59728091431533,644.5931630110001,2.0043450095010926,5.523328371754881,0,0.0
29.458338623999474,48.04685056012092,45.74739906691329,316.7270437063252,2.7993830689746426,5.523883774770795,1,0.6378901399630067
18.88120858503539,49.06239030330775,76.33218043455886,110.674979117249,2.4447551940850762,5.57681768832378,0,0.0
27.33059730631505,68.276945730983,79.48403249312814,627.5472326842928,2.3197002009552463,6.867423793407421,0,0.0
22.88975639374253,71.86524132141622,51.599589566684955,916.0315352853404,2.438910103909813,6.037568094504694,0,0.0
23.2152021918764,76.97089568329328,37.28264058709104,452.5646672340918,2.4603382806911496,5.94734879131799,0,0.0
24.00029455869006,49.05251802360738,67.44660851435475,626.1765426924671,2.9143510605113283,6.124818585017752,0,0.0
28.56197163384337,87.95035433822173,29.5586441315009,608.898413256623,2.6702050682875225,6.114357370296031,1,3.066203380274865
23.678849416369076,71.93696281446189,35.12281158032423,415.0897026278759,3.3932856217051706,5.857739913534365,0,0.0
30.455883860034767,82.35234594352775,67.09279456995694,614.8966387647306,3.369907545141083,5.637742014377427,0,0.0
24.876965554755785,67.00328576420858,46.018755483921794,259.3180844189722,2.054807124195574,5.6629398889381015,0,0.0
19.162004405269297,60.713842379494125,32.09227621926001,378.0379046030521,1.089306523779776,6.398783047340744,1,2.686158567110999
31.323917322229825,88.8591453297498,59.06754469713947,442.31885636237513,1.0276869555468182,6.095252577459648,0,0.0
22.857891518076002,69.1060685409918,63.965711682900974,864.0086835624805,1.3079835122196943,6.853683081874327,0,0.0
25.357036953187464,83.34367913995894,27.504274367034146,348.3328948332549,1.1872434972452388,6.195605065731511,1,3.374358844944878
29.652546014772327,87.66461981831449,36.61881559849605,635.1370481158264,1.9334151224271714,6.255237363564023,1,2.0071776602255924
23.651754671528103,73.76773135043297,33.27660532233399,213.4038374188987,1.1321864972100073,6.892367471944383,1,2.508509201649901
18.961956154494164,67.44693392593375,42.79127772574713,252.56972905392672,2.562285090342795,6.252461109235293,0,0.0
24.35665779921783,40.17554254553253,65.80669373456386,648.4288754599776,1.4754355649881932,6.252972966331466,0,0.0
34.055625905803154,42.0009820369503,62.82248613645945,762.3099273666037,2.284913296423969,6.0447444704399516,0,0.0
28.90948475407549,50.04256080255582,59.751434623022234,462.11717652628147,1.2576969565843379,6.56561779057512,0,0.0
29.415145527342517,49.300421592799765,20.37713275211547,335.0996967777665,3.06932266457073,6.088341502227489,1,4.443430087182679
28.74879661183988,52.737939759992265,28.528598802823367,910.2715559322725,2.94989707048329,6.382483255599836,1,3.220710179576495
21.382866362310427,55.24673188488304,33.397852946124004,135.80781504904272,1.9662180526284883,6.171093015592118,1,2.490322058081399
25.11167568973876,58.00327467753641,36.317350762330975,720.7142376493471,3.27648333131396,6.293117291448829,0,0.0
30.76597657217641,61.026884503443824,28.785592498934,690.170749747103,1.4642516154634428,6.740540948742559,1,3.1821611251598996
19.723339258403705,44.94331692280073,44.61893308843338,690.2451627277941,3.0348417630325906,6.120599532014048,0,0.0
22.72349719352511,42.1180965976391,24.510835100841554,935.4204444235244,2.364638585941595,5.8451167090294875,1,3.8233747348737666
22.697424843919514,73.69722245365116,65.00133142326683,728.1903009807921,1.8239501707468513,6.355480638172003,0,0.0
25.344321769106603,66.86674124215389,67.2632472377663,301.5651894095841,1.2109023372940193,6.906263227812445,0,0.0
34.66626859601715,62.20721011100598,54.456001376053884,353.40922423230927,1.4282778160193774,6.539818031243527,0,0.0
19.147543293624974,71.72199705841761,25.382292622518072,391.1109731998943,3.1571565133892188,5.962544865825167,1,3.692656106622289
26.817916904470117,81.38397036017702,73.40499017280548,30.80867409810606,2.5172151879792883,6.944490747740044,0,0.0
21.04919959420758,61.38464545581023,77.93814972248687,913.510315408257,1.592738895991249,6.014075351749622,0,0.0
34.50150127196565,72.05597325259896,32.141813619307364,73.55260386480388,2.2396321936389114,6.974881035728421,1,2.6787279571038956
19.926159580366892,87.67861119175794,62.27838916644318,699.7942820974716,1.2695916745631046,5.787984592984695,0,0.0
24.86121704014705,81.98122479307804,70.51631783854914,730.1610048433117,1.2471062291714818,6.999474301510799,0,0.0
30.544044742188305,61.30004052512047,52.39061135256214,843.7150506305396,3.2694116290929207,5.6138584748629,0,0.0
29.97742527646657,72.23584189073715,39.39938597160493,553.3622555955226,2.144640723157273,6.569859822588478,1,1.5900921042592606
25.18638682719685,48.853546095796986,48.71352290482116,725.2644238565368,1.9039178848778424,6.610662379068718,0,0.0
23.89091085519621,68.0261092447545,50.73612504706712,302.72292446595105,3.372679566610652,6.519362030447191,0,0.0
24.7594104353988,89.06641455692214,44.03822265128167,745.5840109127901,1.9975016965179244,6.666410151469406,0,0.0
22.492696473696867,65.91575576012612,75.79054961802237,343.4157372618859,1.840605320133951,6.2077494124713635,0,0.0
21.4906599580156,86.38191495950736,64.63298665655012,902.838478426696,1.6824654278946056,5.581170919863862,0,0.0
26.21167485850113,60.36674602516304,34.47809853529784,163.3818077663828,2.4126570518677384,6.036629939101732,1,2.328285219705324
22.565073853149325,89.94224135923156,55.13343123919211,315.7573106739535,2.3960264806892786,6.463471745800223,0,0.0
22.886848303253252,68.96100176137789,61.321349055870044,498.7694515551306,1.040485439992404,6.469370570951325,0,0.0
29.16485307906747,42.113449711796726,28.409385302127816,775.8505571480978,2.6351558098932664,5.79279074846998,1,3.2385922046808275
34.465134638898164,69.3377398345694,41.50554454280893,748.7991051030319,2.9707677575661338,5.87950780946482,1,1.274168318578661
28.261832409509374,53.72863478397983,74.33289689623496,210.71687432450346,2.539911356075974,6.230047206823672,0,0.0
19.308650940104428,41.62406610179474,54.03038601111209,144.23569661179636,3.174720345710094,6.592915784068329,0,0.0
19.284921435519138,81.04266523473316,33.01986476361901,303.96960429409825,1.6910409025916897,6.779197154503684,1,2.547020285457148
34.174194754374625,53.7864818490378,27.367087887149047,483.7541516759025,1.4799485069218563,5.629727272061384,1,3.394936816927643
23.05394343522467,79.82742770232493,51.09361360849266,539.0050448257506,2.743195234549934,6.8884298735083185,0,0.0
19.565138763402082,54.41087914779335,52.86114338174865,429.13759095527917,1.4713977555008184,6.891597493818963,0,0.0
28.183757981556486,49.716317693688715,40.064867081276745,663.090116648007,1.2277621984381575,5.511900613146959,1,1.4902699378084883
28.602029230934523,88.69677870522136,57.82496170514711,427.55894359723766,1.2415376713491546,6.259614363512953,0,0.0
29.024581942017697,58.08226638775098,24.121081173163326,946.3290099387947,2.920983733064295,6.3807163960619935,1,3.881837824025501
22.545834473578203,70.06881057215801,28.708381595968437,260.968847981536,1.071843254170261,6.330570143685161,1,3.1937427606047346
18.256881631646074,70.49907464072358,52.776429260675556,627.3721206700948,1.7236417620979998,6.42365748629229,0,0.0
34.40526128072602,68.0236741086751,23.708941630667237,611.3779386601318,1.322966024860192,6.25502692279441,1,3.9436587553999143
22.26518177674874,85.73478717606073,72.85452589946604,281.57472188228405,2.8872753669987627,5.940710370650014,0,0.0
29.492446896893306,73.72205356834343,28.528782227391005,411.6876245140273,2.25873271393246,5.643556579241072,1,3.220682665891349
30.012707787938062,60.18665020524651,60.43519244507219,365.47361943997083,1.513731036244168,5.81256911588298,0,0.0
28.370126090351256,83.11901922621371,43.47220650286552,172.4990600204893,2.876027246628168,6.610382670681966,1,0.9791690245701723
23.31942570163202,49.05314495579822,43.987264852534906,477.29521263154396,2.8759162728454086,5.861595277947964,0,0.0
22.608636313989116,67.21183788052087,65.89337171666863,386.6622530218414,2.3075566176716267,6.744565503441595,0,0.0
28.160360805945952,87.52751859718782,49.96772805037484,178.31736006715937,1.689624467638024,6.105232550506788,1,0.004840792443774333
32.72362577139876,71.26988149402064,63.53932781863198,449.8800454177615,2.465692748155554,6.121713782347188,0,0.0
34.094473391697726,80.8484225237438,50.31147372516615,421.84396825873915,3.3338252518854796,6.802748111772897,0,0.0
19.800398674863878,72.67803627725965,55.574320484315805,131.36567765945972,1.129090969065547,5.821433242414592,0,0.0
20.632086414161236,81.96854317689451,65.64287767217985,131.18754191801085,1.667374616554481,5.784428855049748,0,0.0
34.060516399312355,87.22439399226218,56.43852457527652,647.5073798456974,1.7124229884816953,6.9781096082917475,0,0.0
30.521098881691472,53.64608637663684,56.93690656332732,706.5808047171039,2.579529158962207,6.310906660387103,0,0.0
33.01089502210614,48.48305406283595,67.35317548565567,941.1804199089048,2.6279109916548684,5.785781056086484,0,0.0
21.444754780300833,64.199537516627,76.94520894916239,87.00469046109983,1.5157884873592835,5.748707245067256,0,0.0
27.988959808859832,75.09312134121079,42.6029692361202,117.8614923782535,1.5402514941562766,6.792497453989009,0,0.0
29.91937310509705,51.35956265911081,54.62702943355708,51.81812846791101,3.3205317112979236,6.399768950706207,0,0.0
29.561902052598533,40.205072521508356,25.176389464012736,532.22843075693,2.8907470441570275,5.672557381422649,1,3.7235415803980896
24.938578744733867,57.14675579183527,41.52823283413201,622.7466142952264,3.3356742463292988,6.83036213283439,0,0.0
18.261713158752244,88.44296677338943,44.722953553363155,403.5234519321577,3.074157470406746,6.165857508520931,0,0.0
27.90974296567247,74.74837303029233,70.11423900944305,797.9022209611327,2.005294950659246,6.984035908195587,0,0.0
22.302726166053347,60.066272197061195,50.80354412754061,686.6994360038001,1.3047690921129202,5.922640491528831,0,0.0
25.654322184429134,49.62880486734202,63.86398239790747,985.8404209468599,2.5738759156418443,6.293225847172309,0,0.0
34.27887725642489,57.804483687737346,21.14044400154028,137.89498329967864,1.8799776556441357,5.7596504210989465,1,4.328933399768958
24.78360039992139,48.491971665062394,47.869560177698936,58.31566434250135,2.0635299764795465,6.159558968034983,0,0.0
32.27662731329525,45.31529106564757,74.07905990981506,274.80370556938783,2.0646993523601456,5.764806323514003,0,0.0
21.205190297737268,85.33711862862769,33.45883455834711,19.050195316844043,3.341299054160532,5.9608466297783975,1,2.481174816247934
29.43182846642549,89.88251691877367,21.891331118426777,932.6114278665126,1.172156047981484,5.904798606729953,1,4.216300332235983
34.60911822546204,48.205721979789516,46.00452402280858,303.9516586881754,1.482759403674346,5.924640898385788,1,0.5993213965787128
19.732182714839926,42.72612794391399,62.26590923885572,552.4301669714589,2.5198571775373555,6.954739467086997,0,0.0
18.141439017862265,56.48655535731062,47.26781041048817,318.0696328787419,3.2093951647172334,5.557669728682274,0,0.0
25.370907474754443,63.08295903807077,47.59869881067595,245.80862198882346,3.2948566296749773,6.2452922880601145,0,0.0
19.57463321187324,50.24106235379273,60.18830247429917,152.36472397487998,2.3967323162873253,6.443868706396493,0,0.0
30.722533944495932,55.071245589927926,35.263328496982936,320.3659203291356,1.0864030470859918,6.491142061666007,1,2.2105007254525595
33.5473272854255,50.043536784582884,65.11338749851865,615.4189304079746,1.907202585848685,6.631818532199477,0,0.0
25.3783565360489,78.71302842162257,29.186811854344008,971.6211996875278,3.2970832304316975,6.641448112339569,1,3.1219782218483987
22.398097916642495,75.62889716236305,43.74503631715926,558.0920403671495,2.249860214932731,6.933254473653941,0,0.0
25.384856423112367,71.74757578804909,59.36048650825508,532.7090660990051,2.8165331979587105,6.633501931905564,0,0.0
30.298612903450017,59.36089285396024,69.70214043381186,35.26301810514687,1.6729835511237368,6.735533873759742,0,0.0
18.153920746866305,85.4520470657118,67.49186426990332,840.0990156676927,1.062517425839764,6.298473122878931,0,0.0
28.020717821239852,88.476627076751,63.30113595846187,44.84137499757323,2.4459004655705603,6.486510015734986,0,0.0
28.425958643085444,48.6819656312706,41.54578301218346,906.2322741034792,3.087452511091051,6.2171864752407915,1,1.2681325481724806
28.840700197230902,51.1506320705939,27.338258977623433,538.671725356718,3.475671742225149,5.914625570206651,1,3.399261153356485
22.114375359674913,66.28155140001849,33.010053061579434,168.46660523403546,3.1165677695971814,5.9700746204441,1,2.548492040763085
30.138896297428154,44.56252846411226,71.89002887458909,451.7073920064587,2.3849859058028136,6.040799115017781,0,0.0
19.5536552676402,61.822419941155644,71.43988220795957,994.9844806831983,2.521818972001345,6.010965021828315,0,0.0
21.387595719935614,69.0895632388855,77.09365115234095,305.08285204409304,3.0604100996779144,6.299741593880364,0,0.0
32.91699079312619,66.10367855686665,24.559319113732496,269.45976854857867,1.0495267420690404,5.871447587959903,1,3.8161021329401255
30.55829356235163,56.5454291539013,52.208545116647365,118.00589504250591,3.379110870486161,6.274963170297632,0,0.0
18.23367441819287,67.12229030386034,58.920982694254015,597.1423487908388,2.3280531146205785,6.874361966741233,0,0.0
22.222396426286604,87.94004771294239,62.639442624011394,89.22699901396291,3.380130611224802,6.1089457432930585,0,0.0
21.644910210883797,50.3008702145688,58.63179410062581,766.0080638040772,2.911295416452078,5.833969096692294,0,0.0
22.603707576628533,72.74156791970017,66.20068339413692,919.223514330558,1.3807941965367534,6.020283843454855,0,0.0
22.208516094758068,42.16983470780259,41.56829457736049,931.8711112154994,1.4131495365990685,6.815330941756584,0,0.0
19.06294702762838,43.320820224071745,30.76596632812893,107.91625287743778,1.8841149400317834,6.912546885130757,1,2.8851050507806604
25.801988782145948,67.59141121117925,32.275002329026314,558.2625973529688,1.6599700548394933,6.830030339752592,1,2.658749650646053
30.456469071364808,45.246959016397476,20.71872136820986,97.10985490216662,2.098246898243816,5.9310214170319355,1,4.392191794768521
28.31443932019642,41.11733942134287,41.01931232637334,572.0161414842972,2.509759677188475,6.081768270506861,1,1.3471031510439992
29.438818366167357,48.57564988240111,25.504643052798635,814.980585209581,2.0914487487168545,6.962400736800663,1,3.674303542080205
19.379536035116065,68.24245854997872,39.28932156741145,537.7901623032847,1.141051461768047,5.985778466001515,0,0.0
34.17534207300538,75.16704772594662,57.692604629974866,872.0538261066812,3.4390790378772556,5.70678982689211,0,0.0
32.254361175331425,50.123928207069,73.6686833352092,801.6743548493777,2.062805335503374,5.9231413064666025,0,0.0
31.686535414426267,73.41297186040873,70.37632705943099,276.54834993992836,3.127687510804301,6.945966288159905,0,0.0
31.99072468571005,49.123816554961465,35.16045271745462,630.1022828824416,1.1848857306528804,6.123813175725971,1,2.2259320923818073
33.856078638256946,70.67287133156286,28.044988531882815,7.412126476131431,3.025162199291705,6.900822909895007,1,3.2932517202175777
27.25231742393286,60.59798399478994,31.584336427803876,396.0419159248644,1.4335115942782624,5.656123321647323,1,2.7623495358294186
21.40479430374964,72.68997546668083,78.25919911421641,237.96016778429518,2.6985123574924055,6.6490833583206514,0,0.0
28.4853213334932,89.75263762396236,52.968468781129445,937.1163459434862,2.6545167406377255,5.640015095921727,0,0.0
30.628985392354963,86.8908482616281,30.95013338003449,405.38901172316,3.274516795667149,5.796243587044428,1,2.8574799929948265
30.544595687018433,40.21408789180518,70.4447692812089,654.0644284224805,1.8016917008768465,6.424153362017674,0,0.0
26.864633410836962,84.27193821811528,43.711474658753296,731.9816092736072,1.2723993997891063,6.151717242849008,0,0.0
19.163798228670828,43.324539758738325,73.95332911848364,773.2125386815076,3.1614145406496883,6.50001137926575,0,0.0
24.308919953312174,87.65232930799225,35.64062761006919,735.7751920175289,1.828943824100918,6.960109438070004,0,0.0
33.65303234387707,54.091283954984235,43.59330552825417,289.16506098773476,1.5813344726511733,5.579070590085239,1,0.9610041707618744
27.93563146587624,59.10174152056355,50.29686576740507,686.0676967292221,2.215521529970906,5.787440007931722,0,0.0
27.151643035347128,44.581910258786394,73.5569200453419,549.0094822622833,1.3653392250294747,6.460335883808458,0,0.0
22.57050974449729,45.613637916445484,72.12544589630335,597.3726647975188,1.7424083826799226,6.844789675285597,0,0.0
24.263631638581842,76.33702826146597,54.46130421823268,0.8146173087548725,1.9632015851616327,6.6964718650657735,0,0.0
33.22088351560387,87.21661178741458,33.30653058685344,258.25760095285654,1.6931382337276735,6.198373728325101,1,2.5040204119719838
29.32987180795621,70.53742474771548,44.20141830427251,930.6836967156555,2.125648751857705,6.618212012626657,1,0.8697872543591237
31.385579454789656,75.79250077634055,78.53798392193033,290.0760833057258,1.961626680710312,5.812146341549715,0,0.0
25.72387219215014,78.09848722985768,56.466393432644125,438.0155222496426,2.9364775777764986,5.520595887361438,0,0.0
28.714202730754685,53.14071372764708,66.8658653074518,186.67398219574105,3.2960216923117747,6.3550249754881225,0,0.0
22.22252134863453,42.26148154601075,46.99188172168518,138.60255190368974,1.2523080418696313,6.719867006489084,0,0.0
29.992834114819267,40.09363719595843,51.92043652800838,208.6689686387051,3.058256358610478,6.150165309070489,0,0.0
25.269222672956733,57.532464147700935,45.737246733952645,553.647328866973,3.3294280192548387,6.3538731556731305,0,0.0
25.523273751850674,52.073211409960805,62.17525988371808,919.0286513901082,2.7165328649216898,6.13327179196069,0,0.0
29.03847951780699,43.11588625245928,71.08826083321264,326.1991798961903,3.491049190426721,6.271056849808051,0,0.0
33.916770564971756,48.976414624683336,50.44181259347381,323.40795220797105,1.83760749916223,6.826519395677375,0,0.0
19.088107892346557,46.224944913397394,48.85204751817354,564.1405868868683,3.0757748539624137,6.217210163954085,0,0.0
32.02063503489913,85.74391903086851,40.41718802590381,356.74271769313526,2.6842562616922225,5.511213379702855,1,1.4374217961144282
22.970512877007284,47.01336067295845,30.625801657645027,910.416047983988,1.808571967993644,6.699772963505726,1,2.906129751353246
25.546630726608424,66.88242319938396,76.35486337250653,377.84804264226193,2.761691208775863,6.426576012103759,0,0.0
18.372526589175152,69.65529775560823,38.9647831207703,490.44225251946705,2.274054597643895,6.595590005403393,0,0.0
23.11778332318332,67.1744728854317,68.04148781445713,533.3892839704108,1.4724347269928064,6.851630809510965,0,0.0
26.544731124712218,44.9528217107994,62.92082127724845,782.0677951304712,1.4346992060236567,5.929321354345706,0,0.0
18.954993314906464,55.93991808752756,67.45505601668773,563.9059394148836,2.7834971169146203,6.254604881900448,0,0.0
26.34862739951381,42.56351662315766,76.20608800232614,239.1551001473241,2.7798261557918336,6.403725324018818,0,0.0
33.76088069059327,59.783495704815806,57.40224561325383,123.98720662636731,2.326934402403584,6.018086746743523,0,0.0
19.79168470783269,49.4299465635796,73.87702060292267,937.7745466889639,2.2535391681943677,6.769100728530732,0,0.0
30.995492377283576,68.08162666421899,30.06183937473762,801.5629946391074,1.4500961142221547,6.546349269849787,1,2.990724093789357
24.964407907391873,74.64041969245503,57.60275455740726,22.96521028891574,2.073215307510762,6.600111375719576,0,0.0
29.137953146913745,66.60599301023532,66.33653677487676,821.5289843235475,3.1784938025777527,6.712010902564889,0,0.0
22.424022165748898,61.711834830569785,36.298467844650446,590.5977939047688,3.1368182652378773,5.887126271967375,0,0.0
20.71136846320309,59.366671042834625,64.4452280775179,518.8942350349433,2.652297254520247,6.618462684497466,0,0.0
20.72786444261085,82.0845884048502,66.70860974697422,12.229179023558912,3.493391694924333,6.660710289325451,0,0.0
19.198363075933457,50.9684032532635,69.87127736098668,780.8640563844151,3.232945866724051,6.763588819976551,0,0.0
21.15599398332113,76.71091697644344,38.77297475575597,198.0650142412501,1.363076058920255,6.232806745752537,0,0.0
29.291729544812462,77.87411623700595,60.89639541009855,727.981213194079,1.9978410077342572,6.256284423240623,0,0.0
32.98874040133964,60.96000036353672,38.255197004585725,15.868247365817268,1.3298437118981858,5.647267330151756,1,1.7617204493121412
31.84013665504975,54.86502996128197,64.34242324990731,796.3536496661861,2.1652240410730075,6.778181438227345,0,0.0
29.64728326786623,63.52707430229876,47.778419908742734,23.03946835504056,2.94095706186208,6.300232283068998,1,0.3332370136885899
19.877341677988746,44.660696294634924,55.852662471633195,235.89290407251906,1.3894717748218988,6.391652082466328,0,0.0
22.91618658703115,42.2965016114545,44.95039888583413,268.2782125127134,3.201055081049758,5.682160984729184,0,0.0
23.266716880481972,45.580159972594586,29.718975615789457,157.50863810692638,2.422643878851266,6.4027337978595025,1,3.0421536576315815
22.24926808875956,49.357251573111306,30.68177177632182,481.058196195369,2.8723611369931126,5.562982525142659,1,2.8977342335517267
26.755096215065294,65.20884101690214,24.654134435728068,283.6879596167089,1.1128895302690007,6.884813149960976,1,3.80187983464079
27.104414852954434,82.45683180805611,57.08436078329971,993.2879757272567,1.2345953833771794,6.795306208003896,0,0.0
24.067061577908873,51.78211659998435,70.91830387718355,579.968793365439,2.552152965994151,5.791476135446837,0,0.0
24.014415698519414,86.7581005373389,21.250209575724856,566.4778250542405,3.095479782321969,6.390700999084948,1,4.312468563641271
32.08544516440338,87.74539544675017,23.97437012530121,220.86963010645522,3.1846627113130435,6.404048680754295,1,3.9038444812048185
31.417978421434654,87.94523024226027,47.44801953817462,408.6894387149114,2.720923313167704,6.70514862205296,1,0.382797069273807
23.232529138572676,81.87813673381619,64.26324417009135,123.97799436000001,1.5023468003683587,6.635380544128457,0,0.0
33.53440354584541,58.19125203988603,29.462458682717077,762.5292522503862,1.4875542866517417,6.989864823365229,1,3.0806311975924383
34.19785528904261,43.63419555013115,36.299079172951636,331.15924615347694,3.2034068683928845,6.02626101570185,1,2.0551381240572546
23.554623214510695,68.44093658832475,33.92037207690843,751.9658333932103,1.2830884637931885,5.6869486777265905,1,2.411944188463736
24.025224129481934,67.93407219686169,43.94307312026925,371.6959999294754,2.7151771602711907,6.360207579927595,0,0.0
26.5957806081733,82.49878835547977,33.49992062105427,988.7572401148456,2.3337670975918634,6.645987511100072,1,2.4750119068418592
33.99905381307245,89.79955254730527,41.15592071268518,171.1216222546218,2.0535502403427137,5.928690028458461,1,1.3266118930972228
32.897430363419296,65.40786532800738,63.71255591971665,1.5238938833312954,2.100836415409639,5.854309550286984,0,0.0
19.743655363921025,57.26020155198921,56.660554907251345,594.8255413783858,3.3630184068379765,6.703681892919526,0,0.0
24.676422635614074,49.29508557781335,24.870902323501575,952.9532000878381,3.15360799974249,6.630583437587834,1,3.7693646514747634
27.407310225746123,40.239991240868534,58.264739974743065,647.0540549059793,3.162459659704365,5.80508795160578,0,0.0
26.553252033376182,65.45568462444396,48.62463029355281,85.72352274818095,2.0165457703590555,6.803905905992998,0,0.0
21.295672154927175,67.77593333512979,76.07393448242833,540.4803824662255,1.2674530218432682,5.702094125888738,0,0.0
32.59988510985863,81.24692399086987,37.358259026243196,909.4869361377273,3.4945985827941017,5.663859737907689,1,1.8962611460635204
29.507993310946233,65.22884839464002,63.5699851819496,6.506067880012734,1.3633577181387038,6.026660854687748,0,0.0
32.24444237248066,85.82341743330284,63.851649382674196,166.9122128377988,2.2889558258216445,6.82979888943795,0,0.0
32.59899274894103,71.40417382857177,33.29004686055124,814.5615561026164,1.6615479714959802,6.543160252988815,1,2.5064929709173134
30.722049512317575,82.01681191105416,74.19341749825617,893.9071065774829,2.276857154124771,6.092077873826852,0,0.0
25.466580221245195,47.41508674038735,49.470992025776184,707.1606208682709,1.76233298525662,5.735876385177808,0,0.0
28.379294835262215,82.76680651511573,60.733002013358146,991.5601636398208,3.2422166015523985,6.570214769083966,0,0.0
20.726211904035633,73.75719272219243,28.751333533010275,90.21592958656932,3.420853989272149,6.398720829232468,1,3.1872999700484588
29.45197209707343,48.51165162191653,35.468235019518154,545.6765158365603,2.0251607065947077,6.981524366603696,1,2.179764747072277
21.04730534756777,49.48817790730054,55.16642707623337,684.9947226475862,1.1754741014439012,6.648339192721817,0,0.0
29.797143038672665,86.32503095221107,39.141636102400966,702.6447203690878,2.6583402483637046,5.653185934612707,1,1.628754584639855
21.903168732817466,41.61076802251864,49.981575114258405,793.4846153441827,1.9415639101211706,6.5923225891159465,0,0.0
19.998372102553738,63.1267471647853,42.44031196239736,917.6260450993832,3.4649216398910676,5.886170568274675,0,0.0
20.809836332430276,55.673764496705076,58.43322779864288,361.64144561711464,1.223436944712301,6.942843548463126,0,0.0
18.033866298724195,73.2538719999214,49.22872176684854,42.963392807635834,1.2978161017379068,5.528910426211316,0,0.0
30.218573503510015,81.98146937844959,20.27659615839009,362.4419144809583,2.7485577854663674,5.857525885476947,1,4.458510576241486
30.450817833992446,58.018906077828476,58.98085027672304,671.6147633872349,2.8966240058843993,6.248497564767737,0,0.0
26.753866948525413,61.34510436614186,45.3272934230109,213.45608733364352,2.1777410107264084,5.618602600680789,0,0.0
20.743167617941523,89.0958892250707,40.50190042941337,809.9729515587104,1.6931615061003402,6.016094251516297,0,0.0
19.420423737681727,79.19582548396014,25.648805136993413,219.76445772283083,1.7745251228261307,6.245852459817885,1,3.652679229450988
18.32519242943388,84.86020654658958,33.22218143398949,10.063402380173336,1.844932416053177,6.170399879060051,1,2.5166727849015764
20.81771900840875,61.93811103258149,33.426337494851204,508.08077422357934,1.5632049766034326,6.190877837601101,1,2.4860493757723194
33.144544094713495,51.70381019920576,76.12216996428374,726.46157140362,3.1266063703683735,6.8185345779090305,0,0.0
22.10612630892859,60.593173269322584,45.95077848479281,349.655340536834,1.1626930188869937,6.2579363103479775,0,0.0
24.022612562692665,75.80459589157567,22.523950832910202,748.8957995367867,2.0181945601957865,6.911570276238845,1,4.12140737506347
19.790873236182662,45.47152024179897,28.329000934599254,438.4043341210082,2.869007862102481,5.721597521146118,1,3.2506498598101117
21.780142180718894,53.523455280825445,24.741960543974724,171.71461730673542,1.0095636861168167,5.920384131259052,1,3.7887059184037915
26.826817703263487,42.33179502307952,55.33216341243268,90.55839379895491,3.195081291952321,6.484773662790901,0,0.0
28.331795612626095,61.61738691690658,31.197289494009603,710.5871649073474,2.765733030948411,5.924683872853422,1,2.8204065758985597
22.17098934082559,81.37228679898067,49.91345841690656,385.71478760287783,1.18343489208517,6.020914104121077,0,0.0
18.981446706826993,41.23318441490054,42.20372377219853,912.7737679237703,3.2374914724860955,6.851542297011386,0,0.0
24.647558775165777,73.7661763403583,68.23258262865195,540.2550585739498,2.218262481577045,6.30783876220755,0,0.0
21.981457305747682,86.62479372568697,39.229378235921736,348.4324182207026,2.6305983347257786,6.001991133938976,0,0.0
21.732416694906632,51.846393075559114,47.495928943808494,348.9909269897231,3.205083436297105,6.665067666836369,0,0.0
34.31766764612874,74.68174203638242,63.277132915869544,131.43786445264917,3.2029058617236634,5.605997131075305,0,0.0
28.47710826073731,88.75509505501002,46.00107241583836,593.7891535891566,2.0218602962687537,6.345493915309319,1,0.5998391376242462
27.46693353392563,88.11390300762315,67.59293216079135,582.1671354103222,1.5942237125623353,5.6495045832198585,0,0.0
25.068176759896474,51.746459651457165,59.701061374199895,799.9936919364935,1.6435538608654419,5.765276203074049,0,0.0
25.29205366831245,45.01655266060344,44.63174683680296,201.19696246707608,2.9148539659593196,5.593668181434255,0,0.0
27.195385065247372,47.4141268947958,50.23891554118176,290.7896424758274,3.3235759025103513,6.852524543174201,0,0.0
29.839306719613823,75.10178342410711,78.0322073505316,97.23796909558169,1.180576683284125,5.5723066881517545,0,0.0
29.9364836350911,76.28794377266378,59.69668979050354,295.3422022689067,1.0375493201850343,6.2746246719102805,0,0.0
20.918796430992643,73.71182808140995,74.29971355833949,428.1021157544007,3.0573376536818517,5.8374661029761485,0,0.0
26.501916785302658,56.803919387111904,30.725510208263863,964.0284059539838,1.9665065081351458,6.075382950545841,1,2.8911734687604205
25.003287615579733,48.48884698790611,48.99416937470912,653.0660028749134,1.6911231123954025,6.240484277019746,0,0.0
32.79895842657953,69.03805459761266,74.51970019070303,782.8739297791955,1.4709346190396047,6.175090211925663,0,0.0
28.734121660712397,64.18402228789333,39.356723686485054,325.50988522049016,1.8662015245706114,6.622130784807657,1,1.5964914470272418
27.052569129071692,76.44170735611517,78.05985188878525,144.51281280809647,3.4286702231950197,6.867824989384189,0,0.0
19.961708917041594,62.06800393428107,25.82464942841945,256.7199419133298,3.4426994363592422,5.950408321127048,1,3.6263025857370828
28.295844118497996,56.93198473432342,74.16027021650221,256.4676909993211,1.828783816391761,5.536810745734089,0,0.0
19.99246639656397,54.67392886795072,46.712727323951526,583.1153282934272,3.409225295722788,6.840918153609749,0,0.0
23.732511784617785,50.573516002487324,24.42464990846964,341.4711324550287,1.7496586243490424,6.968176098549091,1,3.836302513729554
20.428313401843642,53.28731880933307,72.77129555516524,857.3988643332789,3.136202738167681,6.150026761559297,0,0.0
29.76525199941427,44.74152194220507,35.11641274454681,988.544519236498,1.530010522886899,6.183683316023842,1,2.232538088317979
21.506285935214596,57.34285054644448,21.33500752971351,343.29840526344844,3.0662189709299774,5.7162341657294125,1,4.299748870542973
24.661609344196442,41.82849061814791,28.148426334151537,705.0602736870107,1.8843259938929584,6.2132851751439775,1,3.2777360498772694
33.22647121951924,49.320692358316336,59.546884513985695,657.4865819203688,1.489308799857378,5.95502385397146,0,0.0
21.473378517782496,77.33852223097145,78.6686893482917,194.4624877322815,3.336949768559077,6.991570101304204,0,0.0
26.632686087299245,56.27344943383113,26.68772837501101,918.008594820634,1.5354608310716746,5.777271946309966,1,3.4968407437483484
25.127618239822375,73.41185084886719,47.71688288748572,199.44258718840123,3.4795880643981043,6.067880098018687,0,0.0
18.308108697777406,75.84420877986386,30.83819305685195,736.9571316696988,1.2714347309712246,6.424752972997906,1,2.8742710414722077
31.476887930737817,69.05926713660568,64.70219204609552,347.6096422743125,1.0250519584755182,6.017685327733598,0,0.0
19.173780407348197,87.93488706826992,27.08353398570885,367.0815670089713,3.1769838651927076,6.211635308578041,1,3.4374699021436723
26.06233535660821,41.07199333115566,34.39050490885337,455.4490528889603,2.466511020771203,6.960225449861315,1,2.341424263671994
27.531531013962148,76.9326325294071,31.78435805894428,864.5079780551396,2.0540657551875787,6.262107064076197,1,2.7323462911583576
28.68324976244798,87.9393321970204,53.15118682201867,140.25194151121212,1.2049098138302354,6.865480657710727,0,0.0
29.706737698233887,83.11358646764697,72.39104552003793,54.569577834753915,2.437231327454235,5.5646243031179194,0,0.0
22.305630519886158,48.39463459025067,50.66541206938511,402.0408189137814,1.9843139630897488,5.679727515852754,0,0.0
18.16963920319364,56.341015312586606,23.494607166288276,55.58509914208809,2.209054782471707,6.9167673921296755,1,3.9758089250567585
30.298542260033503,48.62259199382327,53.803335835809875,687.6008830574405,2.575979653505521,5.693096667532142,0,0.0
27.106162188908836,70.0654181907352,67.85125995908055,760.3250750272133,2.599834014076408,6.6048267930865565,0,0.0
32.21400095452323,75.60939909897462,27.929371838259364,854.7123947532589,3.401498103382598,6.169005406228225,1,3.3105942242610955
31.963602169311805,55.85368846815291,24.362672860675502,743.8422454835969,2.637633533598362,6.110122493799933,1,3.8455990708986745
32.33654485239401,66.97532869921477,31.268466653454144,916.3513936926792,1.848510350455577,6.488830396414118,1,2.8097300019818783
26.246609219652182,74.54602850355975,64.76517936929764,748.3011227232221,1.824082069412696,6.591401237888242,0,0.0
23.671682729226717,61.06699083055241,55.50082517192009,936.0756398784016,2.192902382269131,6.897953920428559,0,0.0
31.45648944405329,82.70077652277297,52.43567923770493,193.11079420936318,1.6483192496704575,5.885328233312792,0,0.0
25.671999921497335,78.57749676439086,34.9687936779061,499.8631328677302,1.9410974453157221,6.547120566492125,1,2.254680948314085
21.118517338858386,43.23327719252853,39.934195714811565,993.9305997049087,3.1052819298245846,6.0134287265089865,0,0.0
32.53455833254506,71.05626495454145,77.95310077660054,681.5781825427156,3.149404007167993,6.576414617324466,0,0.0
33.003517905129904,51.76627754798748,34.43751360376314,878.6411179892574,2.5694811955008507,5.713174188880566,1,2.3343729594355285
25.92726585438289,67.87591323336376,74.09872539530531,30.39379383285523,2.4571023549852082,6.1863138245957945,0,0.0
19.286895364266385,87.84442213164832,54.831890267464196,871.7578985684373,2.0677495793338228,5.775444591514486,0,0.0
24.59304352858783,83.95310022761251,27.39778798227487,697.7132345720977,2.5897472889221165,6.004669344659016,1,3.3903318026587694
31.660140210864256,60.22582015575659,48.03874268930408,170.75543398771066,3.0151333643287246,6.573444111193708,1,0.29418859660438806
33.330158485285885,54.575692917217665,76.91292304165256,25.68095642359658,2.844617644772451,5.850024774213948,0,0.0
21.45903662245913,51.72028722041295,45.113935888241514,259.9265781256529,1.0886487891942147,6.527325855725482,0,0.0
19.138551404429617,66.625743487826,71.80319388736174,915.7733589927702,2.827824996514084,6.243910291071231,0,0.0
32.91495770325825,45.71242266290282,35.38572167910246,668.1329387002864,2.799869167937504,5.63805483558492,1,2.192141748134631
24.61988396264088,67.46375040641243,54.25532910802238,919.4691042833243,1.2474763417217565,6.080042027824201,0,0.0
27.209936392548578,40.0666819745396,70.63112349211843,446.15078249425943,1.3756184114728154,6.803809304440378,0,0.0
34.4571188048629,56.19248153729224,75.24130647018174,936.627095235241,2.9697712779508176,6.983936346934521,0,0.0
19.13160037454179,50.99671569152906,49.14940202907805,462.95981544500563,2.397473945616505,6.053381645976637,0,0.0
29.021406126685626,88.5609394980391,58.38128612872574,204.2547244183345,3.054072476464156,5.582312096828047,0,0.0
19.25979218377274,76.36211597849895,20.178807846939858,151.3934641844473,1.461860337264959,5.695281661459162,1,4.473178822959021
24.382971783930508,57.48266902311188,35.19339845080338,993.8118130350443,1.076536911765842,6.682222620916659,0,0.0
31.664847268288597,44.642254326531024,36.722726224816746,333.86266147457087,1.4048543866779466,6.483680609784518,1,1.991591066277488
25.369027956845784,65.8400297345312,25.609580699265848,160.0530253175877,2.131425113207548,5.927517998832762,1,3.658562895110123
34.95210001635016,50.67239406630212,36.7817008014186,8.408430890752161,2.308231889024754,6.086947844061121,1,1.9827448797872096
27.504007844092236,66.82147729491788,39.267321983488344,285.5695665296224,3.144252805131667,6.716725346868358,0,0.0
23.45975659481121,81.76811770894463,78.1259623740916,889.116143602539,2.790501324630159,6.1196649204368025,0,0.0
21.741892540380803,70.78962760506927,60.11614283365026,534.0093206773016,3.4759766013226994,6.6336598177541415,0,0.0
23.958849082864752,71.68942097725011,45.56030476498066,632.4350515249549,1.1967989784384097,5.942808552075348,0,0.0
24.333065653912364,67.05151445314057,79.28326764173056,922.3911038905329,1.3255526813498033,6.5872176978924655,0,0.0
19.168132521307335,86.36328163157046,29.19393921407667,512.8399181070292,1.2108889845514241,6.199596164658152,1,3.120909117888499
24.282761390255143,86.59513422103016,48.563071635829075,838.2798458526146,2.3461451164453444,6.318031422490607,0,0.0
25.892054835566825,65.63616005367761,58.82373242294296,323.8332780763536,1.6671519270158148,6.398099668525555,0,0.0
30.28654178805968,55.28797435717522,23.334838069044622,977.1018628412199,2.709082350242762,6.175862041749559,1,3.9997742896433066
29.164401240267335,62.979350293972196,63.019931484987126,78.81387351245239,1.3317272211416382,6.199203429545792,0,0.0
30.049016138895624,49.32789560978078,25.992041175319393,724.8295255132646,1.2579784989053158,5.898562931038936,1,3.601193823702091
18.142182591906572,71.81721576590446,28.41693851598062,660.5662867602944,2.1504136749823695,6.978646567165851,1,3.237459222602907
21.700345792869115,65.00461678911167,29.581370747725046,191.67150585081694,1.9397458831583096,6.858722584073183,1,3.062794387841243
29.24863290279756,45.165023890663996,75.73338959933108,388.84399884653595,3.0729122899877477,6.291074241428178,0,0.0
26.2278192590557,49.88238905598077,60.99413270829007,312.82911677700645,3.0938851876074964,5.551944118834735,0,0.0
18.09032908636188,63.981597809976336,59.32565006618625,94.49286833249538,1.2935716696836879,5.752641956282482,0,0.0
31.67640892134098,84.37944953594291,53.32960978789953,584.7880229508412,3.0308069496051138,6.780902817154165,0,0.0
31.137762745935735,68.31953603155488,37.56835992170617,993.6698455651655,2.4104124559465525,6.896218109619646,1,1.8647460117440746
27.323125770890563,74.07675001042354,57.25338227596109,559.5881410533892,2.2588956846917503,5.741938156861665,0,0.0
19.129876538196626,56.95142748719549,44.60898319331839,545.259906879362,1.2369084406115367,6.601777984535194,0,0.0
31.03075584205394,68.57056965221172,28.724969005556893,40.31370735454831,2.849076922486459,6.434534964364045,1,3.1912546491664657
27.923130991433187,62.36899113190337,61.37583741966399,139.22022336369045,1.14908445599349,5.955077454926684,0,0.0
31.293319611685305,72.95649563115803,27.774930075795364,513.219089102261,1.694229424124,6.154137105440089,1,3.3337604886306953
30.779698870729288,42.52877830395052,31.440114861270395,985.1785641840713,1.2385788369100577,6.5159041410632845,1,2.7839827708094407
31.65103522328323,64.66501081194795,69.06195871085635,876.6077354618589,2.326919024602309,5.651943870704187,0,0.0
26.80613712887862,54.79963125719835,59.60702576750924,340.2091213731675,2.613075146773981,5.7835639778889965,0,0.0
20.385516809289754,56.30925306389546,57.85946925281854,543.0042542281275,3.227137866201062,5.549972458403637,0,0.0
29.409677047454707,88.04587157790307,45.09216706056344,552.7022222541367,2.8346798024906588,6.8533025881199645,1,0.736174940915484
28.5480543458835,49.13474063556914,43.776831094362265,685.3606127621832,3.402760997284417,6.360844284303132,1,0.9334753358456602
30.61830418238448,55.562262628929844,61.41575655112407,687.7820412391386,2.902374582211113,6.285141153713084,0,0.0
20.8879771028625,65.49462878654359,64.40033231654274,789.7924883859737,1.7451827582311292,6.55936096092476,0,0.0
21.314578398304917,83.15134740748118,50.612792141858634,24.971024839682386,2.368962026407914,6.9825253355282015,0,0.0
33.136961792728584,60.833504160318526,78.15615466091157,943.6801906374458,2.1448490983000394,5.758355932655791,0,0.0
30.7496225736852,77.19326404440855,77.34197353513233,70.06204598924658,2.414921809093361,5.699659026296012,0,0.0
33.43988430790549,82.81870491074011,44.74576940076552,476.1601114769399,2.4302233485309808,5.942186297364947,1,0.7881345898851723
30.898160459786652,55.500817791092445,69.23733525698921,919.5792763590426,2.7552527136725655,6.855916239655059,0,0.0
28.151640201835132,59.637509176935495,52.59607049590492,487.66882923107977,1.2076095366139108,6.117190917161292,0,0.0
29.120256529473853,57.82781118441781,50.705353253430474,63.636834233116836,2.866862822204378,6.690245137205814,0,0.0
33.11517470698017,81.64279043089606,23.29784368271911,229.2400198119392,1.359359033083143,5.8043922398012855,1,4.005323447592133
27.839714826702988,42.21734309768006,54.43848262809861,578.6667553684227,1.065518262300039,6.2404081635401845,0,0.0
28.750652513582587,55.421054441434,74.03467583378988,87.86161789896907,2.2972638549036555,5.69120580871969,0,0.0
20.66010417206121,73.9704278797565,66.80803095170552,423.67793101729643,2.453692401655492,6.119347600046094,0,0.0
26.056660741973744,68.27217497826713,67.17902868195571,329.0932661914049,1.0871276752925723,5.893422950292616,0,0.0
30.178750903287682,61.81446796468471,29.595742314580352,815.2076278242395,2.2884277869500576,6.324147393769306,1,3.0606386528129472
22.60602587137821,66.99741136106923,41.506966828013816,110.1319383354492,2.336425520913679,6.670609319612789,0,0.0
21.438321068917094,49.87922929141591,33.99229499901415,682.7984501587863,1.1312372531624528,6.907555557022042,1,2.4011557501478777
23.335055739815065,61.53583108040052,38.954916947338155,406.5890708759091,2.77896321278669,5.925764171897334,0,0.0
22.10551067587817,65.08514920881746,54.772360609623526,587.7506804723286,1.5257242544609684,6.614697543564011,0,0.0
21.65351482961873,85.05945609773008,41.88702880221487,205.5317719205447,2.98614803456324,6.828388505923049,0,0.0
25.22246432875748,53.041758140198816,53.64186904785596,609.7036847616255,1.77705532449973,5.687277815575495,0,0.0
33.43325473602008,83.39142510824664,46.31007489647462,673.9777274161128,2.1947313286605423,6.378898342157823,1,0.5534887655288073
26.62001399455821,72.21207004129909,37.196933506983655,70.23156466107783,3.2296271985471674,6.417769462897705,0,0.0
21.19464647386049,41.01704155338005,25.72420605230952,824.344267582937,3.015448667131369,5.908577653453957,1,3.641369092153572
19.308518379474858,76.23156684496968,73.51030744068696,861.2541128882414,2.954658946463638,5.533771839413788,0,0.0
29.834654467344727,41.77759387745275,20.68240196027892,63.55405568279471,1.4010854940385538,5.885054419725564,1,4.397639705958162
24.507578995418594,89.86905634069066,20.09914928851827,603.1874880972857,1.120355966749022,6.377101910861888,1,4.485127606722259
31.971126091951106,83.6318343845599,69.60786438581276,594.011496972227,2.5143973767015106,5.794664068620202,0,0.0
29.211683066893094,54.86718737700228,79.80865641954739,12.45841186844332,2.0267291062221195,5.9310177694122,0,0.0
31.536104659203264,52.87056150983527,63.62616966281937,342.34641395595133,3.272693191076185,6.561883690136922,0,0.0
22.62308267011363,59.07205410528044,20.916430283773085,968.9257827137476,1.873983158907755,6.0974733873561355,1,4.362535457434037
29.770101681837986,57.80834826572215,33.6014136001108,555.4507522687429,2.0263708774948057,5.598138080375907,1,2.4597879599833794
22.48905373979322,58.61689091926905,78.30936201571768,933.211802741505,2.3150013576222985,6.098748826330257,0,0.0
33.96416415065496,55.913827305974024,68.5162551304301,675.644635877384,2.99100166408028,6.999653447308541,0,0.0
28.818362786067365,71.05667034241657,54.00799062828266,28.39051822327643,1.670747635252006,5.891577308250112,0,0.0
23.516700602980816,48.2131831860312,34.21164256642154,77.71319804839206,3.3545516429059354,5.897884792675274,1,2.3682536150367692
22.581701658968633,82.29906462230065,20.86221235560494,722.178955367423,2.3498027818038456,5.754829621989104,1,4.370668146659259
21.24575194621794,80.62012420156577,21.25168835824454,554.5677903690193,3.102443152936023,5.907456074051802,1,4.312246746263319
29.80889630119337,63.82416039276352,56.7188518118136,127.1516645998757,2.314046208640047,6.36212995512177,0,0.0
21.718165420964766,82.63649826392738,21.309912581145387,614.0626783536163,2.9299829893500333,6.946903198026889,1,4.303513112828192
28.120155520767312,52.35725350151466,79.61780851552237,810.2873605681962,1.1285518812107367,6.411542908408823,0,0.0
22.498795457731074,40.87827278519835,31.003030009624286,752.982430132612,2.998031204207534,6.114771388416653,1,2.849545498556357
29.253472061495764,70.96039625149115,62.64244171215664,246.16246003206697,2.3098985745248557,6.084450443610666,0,0.0
31.853975385189166,62.89547034823577,29.303583284744803,258.1949666560439,2.1235389704664565,5.536338826917081,1,3.104462507288279
31.226429133459103,68.35822731479354,52.405605265862874,967.8378051021137,1.2790241665296698,5.50381345329985,0,0.0
30.93447262582329,84.96697045092014,24.836677307973055,887.4048021527162,2.8539063472712822,6.695790320469296,1,3.7744984038040417
21.191280896768284,88.49627867829717,66.0067054719946,318.33731443087197,1.327909131260347,6.235240993772129,0,0.0
19.50254409873682,71.72265698778016,55.09526568348978,824.0544896690084,1.4807945320099827,5.549814119549745,0,0.0
29.882130084285556,78.20277949262191,25.170001604084902,161.73852973254543,1.3160581392741206,5.929040567185545,1,3.7244997593872644
24.261902634503972,44.19042167435821,70.91517135200033,196.8411013265644,1.0164390192841404,6.0350228258142975,0,0.0
25.349885848856903,48.03577924457528,52.82111688660212,181.19605384534532,2.654784450167959,6.6749333349758215,0,0.0
18.52953457748765,76.66024024764883,75.29553860079908,87.72077501351517,1.6771101119290162,6.151580054799101,0,0.0
22.412799637675835,61.56827281940009,74.99740242068677,854.6781161613553,1.3736761479770032,6.683950262239293,0,0.0
18.57249886586589,62.29826352022029,75.23046736919494,578.8068982045753,1.7999312062858315,6.450601076303192,0,0.0
32.94615813422121,55.430384081771834,24.667112012028078,258.95609249393857,2.247711728866693,5.54970430962415,1,3.799933198195788
22.137743614715017,70.36781917388718,27.257465705271407,848.6550327275942,2.258531302210715,6.953033056104477,1,3.411380144209289
27.47473188274114,49.25825227081013,79.26234858297187,802.6467593928203,1.9179900208298986,5.772149555012992,0,0.0
18.662648451239217,71.34581396569479,49.25604928392236,100.9515181277556,2.2373306776035724,5.913429342562138,0,0.0
29.336405652196188,48.68994285676199,34.29284316974886,644.1393737349719,2.0683536444874853,6.713941042781988,1,2.3560735245376705
23.491464877819595,43.19130173548568,66.17986930991948,721.8336015257706,3.0566631174612144,5.78475979613119,0,0.0
33.26462617828032,56.51788443495305,35.85711327274892,715.8273369859639,1.0740349187279548,6.101631675560921,1,2.1214330090876623
33.098009211878605,51.55701710049239,63.63294128111854,723.1427078539375,3.1700753333076173,6.797486827229948,0,0.0
23.52994051214971,84.44958192781661,70.23714667098567,169.45778564903736,1.6097881391965634,6.4559084143025105,0,0.0
33.316335226737955,42.747672693431326,67.05580263771684,315.08645426876933,2.804455537590626,5.953120899229517,0,0.0
34.934680449479245,48.830684628706145,36.442868491876126,844.1785085044625,2.012599040851265,6.466074582288668,1,2.033569726218581
32.03206629010712,67.43598027915247,44.097114444754226,898.3917502275496,1.7358324112619652,6.718936713306251,1,0.8854328332868661
32.362812911838894,64.05335954237368,44.79506019399658,279.1888865648703,2.5383684324997113,6.105833923896781,1,0.7807409709005135
22.23314851385453,42.292600918735076,49.476375086268305,23.019516177752443,2.9222110471577607,6.35751202671422,0,0.0
27.803940780581858,40.36262140075722,30.04237109240816,859.7669471661081,2.124841132759009,6.981891527278091,1,2.9936443361387757
19.143350537445254,89.4033970980575,47.14820302486054,377.0918378250826,2.1663846076637023,6.946844264580996,0,0.0
19.613604925968385,72.94173501794191,50.64697943092878,329.46355595993634,1.1471412119191986,6.2635559679059165,0,0.0
34.98117440456594,58.270306545077844,51.902539794863145,346.99967968862563,3.3099899515696096,5.644211884766199,0,0.0
23.552867240240488,63.521612383162065,69.1940257990675,415.6964239676415,3.117241741115647,6.551023133220255,0,0.0
30.71912650483039,53.327506022714346,51.04006990876971,378.2666216549211,1.9949819688560892,5.902931180620298,0,0.0
31.71330590145588,57.24368918466049,33.84703535082051,566.4308991335604,2.912376532901396,6.504212392213289,1,2.422944697376923
32.586395607122896,72.4522233634107,59.78772429465123,78.94027849819018,1.783197939271148,6.027633397327295,0,0.0
34.95968105583666,84.14058994336854,67.83884864519752,971.5401943085151,2.826054482531937,6.578137657722947,0,0.0
22.105440249366755,49.20650115405924,39.16229998629571,936.4510344721613,2.291729291410151,6.050983837425796,0,0.0
18.685964056614896,82.01807526926594,58.718355741056314,934.4066466154992,2.1519168055493787,6.91179291606933,0,0.0
24.990255805907964,46.077831475913456,28.816279756760757,879.2776240819135,1.1413074931452867,5.705009308686672,1,3.177558036485886
20.211371387092097,50.74961117941956,40.51557827468385,660.3263021817297,3.4135548045221573,5.602607255683334,0,0.0
18.381240115754938,41.8587644024823,74.55343577297805,221.10856274843238,3.093522424696051,6.671798645874927,0,0.0
24.127256061405262,47.04059310464997,74.67848978975425,49.4834871463723,2.9834701699661164,6.101988940188124,0,0.0
31.32355026827902,85.86515727320253,54.519474724583816,99.32106478176661,1.7622904941343105,6.198363384984443,0,0.0
27.625071750826205,62.971937330918934,62.1410876519064,323.9925004656056,1.723975461059334,6.900725890328637,0,0.0
23.31722581657602,43.883293088917675,71.24092491235649,503.88302549578543,2.432982741486623,6.384881076917328,0,0.0
29.123814093376232,87.98634190194807,77.5131911187576,993.253071184794,3.1155579905653714,6.490255972409573,0,0.0
21.944309065249783,83.94961538793251,49.39318641738617,435.4434917945992,3.336571015421631,5.529198889611057,0,0.0
18.244484583225447,77.73412604340706,53.69454419756206,524.6460904913768,1.672322565019514,6.505771610679204,0,0.0
30.994007569419267,86.6736395973779,44.938493998869816,695.1572471880805,2.5185370007985437,6.082529403898442,1,0.7592259001695275
28.603632442688152,51.00647104178821,24.318916223385724,180.73397044779625,2.809756999733663,6.190321693785663,1,3.852162566492141
30.95914461651632,81.81846465050432,45.36820834692911,932.8270015622558,1.5659803629580598,6.712075178501193,1,0.6947687479606337
18.661946283690316,74.49955981771531,67.43764036298464,529.0346058427342,2.018671575556061,6.285690389022744,0,0.0
32.23103367312109,83.48796247838442,68.29312987949172,276.2563456017686,1.4686856842841016,6.980306214327186,0,0.0
28.531945400617154,79.84557828713149,73.54262687559799,935.1089863388404,2.7472626944208356,6.69521669320913,0,0.0
27.57772096211488,57.32475315884125,23.088002310558146,625.4506185589502,3.1594628413629944,6.592887322375889,1,4.036799653416278
28.618438817947037,78.71992685086278,51.62927537483803,483.68973124921047,3.1938358863791376,6.383029985746056,0,0.0
32.69536519676219,53.122815149244516,26.445469276224575,580.1559099607741,2.6752221762317676,6.118595082796823,1,3.533179608566314
27.977920611501418,56.429608151402746,32.0445309899446,748.3022189052266,1.8678809004359085,5.57930850046866,1,2.6933203515083104
27.876156458099047,45.39528586114881,74.01299014283639,154.53800369295334,2.652600942135636,5.527743861145809,0,0.0
34.84154567011802,86.75383079902343,49.80747550578175,864.8304307032253,3.1606668179270465,5.570138149783223,1,0.028878674132737103
30.864412840165656,54.550168170014075,65.51269525379682,959.5068102982129,2.5646395848394583,6.938254575866739,0,0.0
25.5189946926693,66.03112325857259,23.86304635572085,566.9996517500745,2.0322298507396637,5.984818172293137,1,3.920543046641872
30.02574900055977,59.56664182330964,45.00959023549112,682.2708467975981,3.2995068767974973,6.550914223500342,1,0.7485614646763323
24.616918018760405,87.99640602917508,60.454416839860265,859.8334808462408,3.088041483173566,6.391471906467056,0,0.0
21.890882862219485,56.75245854692412,28.0043888766928,374.8106314165005,3.2060881006195294,6.357501564156605,1,3.29934166849608
28.14648190709191,78.92729107113445,39.54907274634099,992.8317948823984,3.257980052600736,6.368862345836638,1,1.5676390880488515
33.77909566793718,82.770807731559,23.872868301432995,680.5013693068977,1.984530769150783,5.953443735055855,1,3.919069754785051
33.79537184026287,61.7803248740483,59.080396452170625,423.9986983579821,3.149097518768338,6.8297988182473635,0,0.0
23.812389727793335,58.908590722646565,78.25347554348711,677.3379750016272,2.4258741781167443,6.878809340125551,0,0.0
26.970516925768813,77.38729104663139,69.62272946856979,521.6800325134365,1.0953974338851002,6.466788677885143,0,0.0
21.597810275687642,85.6447990153117,78.47738700845395,111.64157153836518,2.5895908913002943,6.795923831479488,0,0.0
34.92572886148102,77.74658665361191,70.73628770590379,795.8653047693185,2.176547310736238,5.589971525379393,0,0.0
34.67900443375491,51.35631827959328,71.31174837181872,564.3755802529321,1.6878866479682435,5.6505868761349936,0,0.0
29.041651805026603,84.41538737188526,54.630631722280555,795.8455578738887,3.425957850117599,6.338599336890576,0,0.0
31.675039014517047,59.37908337184166,51.095138684792595,154.9119403674658,1.1376771457324353,6.769760561197542,0,0.0
30.1567027418229,68.81147058889671,44.375255985669654,538.3571568007757,3.364693476767666,5.9731441017712275,1,0.843711602149552
28.083689723670958,81.57178096463555,69.08569370275279,766.6242722129128,1.3981676515865953,6.322083874237798,0,0.0
18.90691594881126,49.41973837002461,30.924056736681475,988.3045675907983,1.9424704482513304,5.514940797226121,1,2.8613914894977786
25.730993823395238,79.22550678387765,23.37349494945159,884.3972763852587,2.043087938548373,6.979945018191499,1,3.993975757582261
29.471367136845977,69.80813989553387,76.8736293610805,864.3496270606394,2.8275512966520346,6.650471302468355,0,0.0
29.518037436022638,84.66708209138041,20.226691112208623,247.460138146398,1.5390230218417613,6.042128719776274,1,4.4659963331687065
24.34308451318052,48.59852009217715,78.6097593125511,837.9846017090474,3.465254608068848,6.974519245984173,0,0.0
34.008763773186516,61.03411185204642,63.73120219242595,169.28127754296307,2.8725296319100573,5.638641983946808,0,0.0
20.84506954802528,81.64215464334188,39.70993518186965,198.10766454843355,2.974881595867637,6.196263648055939,0,0.0
26.50611058566453,40.96158517283801,61.869190585178615,110.11674374347203,1.2660719317872362,5.588276927502605,0,0.0
29.745027601363986,45.61006833828214,69.07250943110765,857.5965307137872,2.1907800237736255,6.002447532237868,0,0.0
29.851308700160757,89.52826063783674,34.72172335918616,108.25449645131869,3.364023376195722,5.829046269746204,1,2.2917414961220763
29.026862265069866,54.01970892951753,66.25374099677492,138.11147974501003,1.6751651788795163,5.9748262797716905,0,0.0
22.679899628681625,88.77715968619768,68.2621775004944,245.88715008238583,1.3634591373771492,6.9211139740685494,0,0.0
20.655511667672574,49.126577550433694,34.96127780752072,572.6624091206411,2.2134861494104707,6.140780495090331,1,2.2558083288718915
28.810985556054085,58.054722150366786,22.515581262679014,880.1801853004031,3.3259826741280207,5.987291216890549,1,4.122662810598148
28.18813597437044,77.64347222517853,32.24733707348586,418.22815525556814,2.216976561076568,6.461158570077337,1,2.6628994389771212
21.049052174917097,72.88892036190893,32.03878453336367,546.2859491917852,2.0120857572991473,6.525053786599933,1,2.6941823199954498
29.987365474699576,69.05611999645278,23.91442725052899,166.48939995725297,2.6256810917844415,6.975653299470707,1,3.9128359124206513
25.737923859472158,66.49495879025038,63.56044307931175,265.9458558977916,3.3422099971263783,6.319086658439556,0,0.0
29.3519300572536,82.172022183237,42.798495467504495,133.92576248577492,1.1226436230101653,6.6288454657243285,1,1.0802256798743257
32.23524035609256,51.74742814166964,73.0631700472315,409.9188448670897,1.383488863691728,6.073247528888874,0,0.0
20.885383285807695,62.12354634967592,35.13026633991116,590.3356586781924,1.331885775110651,5.756548969365549,0,0.0
18.325462755946223,47.77261460782287,47.193929905995645,284.01953003345415,1.2133324557479142,6.1447531441655645,0,0.0
31.244743968728375,69.79707978653522,58.34104573560577,845.9958555747926,1.7552652016209895,6.128163758037265,0,0.0
28.364856227594473,52.52722121356601,72.64789698030668,981.2383510066344,1.573272582800775,6.1309202375396445,0,0.0
29.89387268357607,56.69210321716929,51.477266097162484,120.154852314581,2.371728165523338,6.543131139862444,0,0.0
32.24863457480692,63.562535831176405,42.41147766874297,17.860056015324144,1.8182235543142582,6.108913466910334,1,1.1382783496885547
31.647785892016508,41.33852928515639,72.02090470832053,789.7769073947837,2.0130196536446907,6.931244094077915,0,0.0
34.33564249779002,44.59689679604188,38.61478548125663,190.64267780334487,3.3546617262495313,6.974124523576405,1,1.7077821778115052
27.110896340486008,74.29646103541097,24.76542197795459,353.146592660859,1.3891391031735156,6.285042144123665,1,3.7851867033068114
26.30442575521839,61.44849903587536,46.7025264506144,394.2312182758103,1.9711433169870054,6.337666013819977,0,0.0
24.83208239814241,83.23951109999477,67.10559838987952,916.5993889009445,1.6427046012969546,6.111439557615061,0,0.0
20.612747728351476,74.73360018220998,21.846849905211386,658.838215766162,2.3729149558943803,6.033390372515114,1,4.222972514218292
27.734322958994383,40.405047082366124,55.15293469937552,40.60949030289074,2.8408405663666105,6.977989803932897,0,0.0
22.70921291354164,70.83561653835675,55.66784291163417,14.810240714154599,3.0424696835446623,5.560985303028566,0,0.0
33.66222770762058,44.68624330298582,75.7125058056429,199.56809753028014,2.288241736293414,6.1151293491092,0,0.0
27.91424367271066,79.04665898952472,37.187889028701306,318.1719408727114,3.1372914788173563,5.727010580773933,0,0.0
28.078283068637873,89.5753844139251,36.73019679264177,484.5238340865989,2.9626887696932935,6.589420402493883,1,1.9904704811037344
24.03371923490917,66.55993971207558,46.42901908038069,837.8394123088555,1.3925101535843463,5.791668514973233,0,0.0
18.883818983621026,74.13897500970651,41.41489408829091,314.8177560347595,1.613571897549988,6.826968592596158,0,0.0
18.539644011340805,51.86570804473757,64.1807517613596,376.53721927165526,2.6793013208335523,6.061716964482029,0,0.0
25.196697450604358,61.879887187689675,58.505124627892975,329.3379300096576,3.43698504935152,6.875723099344958,0,0.0
19.437611427653042,82.80476661181919,65.53526227437598,8.965336032905613,1.9403242515000003,6.979843795127874,0,0.0
28.316398244182366,48.37114738731256,69.20250747192135,955.2015391181197,1.5745196016118517,6.656757120799266,0,0.0
32.976541095874175,53.2767802806881,75.37886796404887,138.9958841364738,3.1728235857389473,6.434737073732997,0,0.0
33.00955188081828,62.27168376430151,45.85620390707886,287.667478203247,1.4990298988572064,5.724852497053247,1,0.6215694139381714
29.20377197224795,75.61244459220069,79.08184336829297,129.3033020964418,2.743520685124654,6.899590504169739,0,0.0
21.590941135039827,58.79419773978369,32.93964880421916,490.5431561567226,1.0856226758896614,6.665299985352717,1,2.559052679367126
32.67094613310083,86.38661398915019,62.86190971683971,932.1661149424991,1.0474512877447593,5.932068668098922,0,0.0
33.06358840032454,44.72285256343596,52.040559038431354,100.70071762548626,2.1289167848604116,6.202752901543688,0,0.0
21.343110944200298,58.540209877242376,69.014035681093,440.89692358849607,2.641350318874758,5.6014975088618595,0,0.0
30.536243458101513,75.44770617142109,48.60623123638556,22.374845771578443,1.356086134896921,6.488500483613347,1,0.20906531454216584
22.87083233176109,51.29933828307462,67.03631812174586,770.8982213861482,2.9097061325038447,5.687897003053434,0,0.0
31.644885309999804,72.82065671148365,75.81012287886068,641.226143554425,1.321841206029929,6.477296927341292,0,0.0
34.95304429836125,48.210847911367296,63.93765596840524,699.6986637071502,2.3342695196791867,6.50733049202625,0,0.0
18.51044209059968,42.79901424308432,66.56565717309945,472.3363608957327,1.7707479806927011,5.9869435777940785,0,0.0
33.255219718445844,46.05078583743244,24.03052587595137,907.6330295564057,2.8806331919580135,6.922994018628971,1,3.8954211186072945
28.584719071177187,86.49923915670674,32.29745973393683,409.55745087260954,3.01029188390971,6.668443758811431,1,2.655381039909475
34.547504525801955,67.58754414697756,78.45822443021562,514.085074787077,1.1652280989061778,6.245100482548294,0,0.0
25.90516179794927,79.81728877398245,61.59122022724367,695.2892222706294,1.4815114232686624,6.877853780929948,0,0.0
32.40559481971336,56.632725045252556,53.68694103866028,520.5606410954599,3.231610273923489,6.783764895935398,0,0.0
19.060699166170714,69.63293239427233,42.01858240378701,189.33564791632796,2.039032091502167,6.53832733863589,0,0.0
23.69974385133103,64.74760668524958,22.663340072415075,317.070618044912,2.1918396634326136,5.729447971542569,1,4.100498989137739
19.13928114177057,87.2868979701147,42.148154477848095,92.29446813880526,1.4200596041564162,6.245610888280296,0,0.0
34.5808332691442,77.37873180270552,49.93477239737456,432.6134972172978,3.487236991252482,6.796634308842689,1,0.009784140393816186
31.888556423621225,76.52713157482896,32.6875705632132,609.392093086328,3.307619207098315,6.413337320272755,1,2.59686441551802
32.4933061611815,42.31766347171398,30.38820747642995,118.52994426914066,1.0050616774556091,6.3182671671790605,1,2.941768878535507
33.9454089343762,67.48348345018455,50.50499308145101,630.587121470129,2.3768367066447125,6.932836300447458,0,0.0
19.446759264036352,63.34957269509074,55.154254137652636,892.8721397521093,3.1806684590078866,5.524822098083261,0,0.0
24.555159072726667,86.39211333030973,34.39507513127149,337.72373298551963,2.0763340155849006,5.518069577400396,1,2.3407387303092766
19.207593113748036,52.86709940947661,55.24336846737278,222.03309621881985,2.0920356464417122,6.839230780208018,0,0.0
21.583482726350486,53.49167266455471,74.02039783245769,893.006063841903,1.9483678918157232,5.557805822537839,0,0.0
21.89921820964043,60.56731244407502,48.39039548128123,691.9452358975486,1.0720708378883086,5.998815570557814,0,0.0
25.974822587808838,52.1684856703188,71.44341017523088,105.39486805655385,2.9757083396342567,6.886038222689377,0,0.0
22.565556846711925,46.45919589043747,75.6362866719991,408.11195206173244,2.141963008477737,6.5367288907229035,0,0.0
19.716627815901937,82.87074233254003,25.54364173622514,674.0895997545488,2.3276640960093147,6.472238358795916,1,3.6684537395662287
20.84734851459983,67.91382622019579,25.74869477940782,574.3838749754548,1.639212792016596,6.48549747273347,1,3.6376957830888266
20.503684580385546,83.06813594782834,48.56265097325608,618.547119349873,2.9602962301670486,5.976464468273646,0,0.0
34.54230556450907,81.5567382701848,55.28614665906216,567.135173973926,2.98437136676112,6.295800386518872,0,0.0
30.90797261761405,54.10211773948355,45.553007867901755,798.0613653048903,2.3823020421293983,6.444959596070297,1,0.6670488198147367
34.45194490958255,67.3868722162137,39.58704622505018,320.42695679697863,3.2615698145004095,5.958572988537419,1,1.561943066242473
25.475588270634447,44.160885137003525,58.459646967569356,708.4623478993631,1.2897105768166046,6.69304587370619,0,0.0
22.732264188265162,85.76259420153792,20.124890740995216,991.0794424942843,2.966566661608998,5.9826225381482745,1,4.481266388850718
31.570984352556174,60.21313575325766,78.08439685182455,389.9588577811803,2.3964603558016613,5.607166230250796,0,0.0
23.546316606699495,59.68380919445107,33.924745291281326,791.048314554793,1.5775329175911232,5.80218186067617,1,2.411288206307801
23.08951735299092,55.13776853089766,75.02592611498042,246.10923713617106,1.3307594566297372,6.1126156276173464,0,0.0
21.95260186753313,63.033187235535195,26.54088467207036,281.89671228404933,1.7525176008070957,6.862083832216253,1,3.5188672991894463
20.204542629812,52.587969327272404,34.28523092267436,934.8638741835431,3.14078979525363,6.123642537808745,1,2.357215361598846
22.359872037285022,58.74261363984023,34.09242206525002,25.938356248688788,2.96904837419034,5.634705702361065,1,2.386136690212497
24.040435724056092,79.9973524292441,79.76917425203877,217.42734486082927,2.6128310645451003,5.794685149951575,0,0.0
29.457901538477415,81.71277517925859,20.276032743553067,482.9206978120031,1.2258175194591936,6.316701229468814,1,4.45859508846704
19.063602317730677,55.20912388142581,58.37829255820975,401.8476217041864,3.3870765993582594,5.766484007055016,0,0.0
21.57861797431083,63.450721527639395,72.18119486365117,629.1697312350312,1.7636003309385178,5.595931918241403,0,0.0
31.7534018849585,83.69098881400262,60.3364192414842,192.72205036038193,2.517499958362646,6.572242698067435,0,0.0
20.497672700924102,42.633666591484854,41.764029093016646,70.54700436853135,3.0077546770135855,6.676521092943242,0,0.0
23.824967490882866,84.45724809978927,77.4985617621761,369.33339780475706,1.3321395861468952,6.775949852815566,0,0.0
32.69920167158838,50.959217282616585,73.61124527534247,524.3552421441809,2.630491855639683,6.765901242038698,0,0.0
20.633730289438525,73.92696221071878,46.03729521497107,562.0018370849114,1.0807399917605314,6.068889370099564,0,0.0
19.406526205509227,69.12758481923001,54.399709556669805,601.4935235424667,1.2544732787608528,6.601704973138543,0,0.0
26.237145916360184,67.6470374094626,78.05115126831444,548.661995761555,2.8078590860678547,6.375308289225528,0,0.0
23.14113169173512,82.96801123764106,78.95362171558821,245.7519709711876,1.3877053889319853,5.53504645274987,0,0.0
27.57794219622552,45.078607182233064,46.989396543077135,764.5497359690017,2.1087668082634456,6.1023971645618,0,0.0
31.664683138219075,57.3514012662818,70.84100168858532,87.78026173939857,1.6208313769434228,5.579318438852698,0,0.0
20.331524298596634,66.91263731723828,38.118813617236185,198.35387955218297,2.053073771674855,5.625034083160448,0,0.0
27.871884437422842,80.56444269730198,42.30877237583988,739.3780090191141,1.1930506007286772,5.584003670715068,0,0.0
26.593648926627687,50.82215417058357,29.889312979413575,279.72613410525173,2.887251360102473,6.941419807447986,1,3.0166030530879637
20.449339362224393,80.14649206871381,32.551075566603814,493.4734416094052,1.1976029434852862,6.766301486201151,1,2.6173386650094277
28.6079742539927,59.98192412469679,59.41239813556153,327.19774085555883,3.094786243401175,6.15865671625027,0,0.0
22.65188710363312,49.44569282168477,50.64689708042485,506.9812116160032,2.6565221604239033,5.871996201646865,0,0.0
26.293183415248212,77.94932202217413,33.867911637536174,346.65579994736504,2.041463939160708,5.608676244284565,1,2.419813254369574
19.398629512710052,44.54494507372739,44.174576981699154,994.2079899060504,3.1662163586762295,6.146794377241466,0,0.0
25.812928972631592,65.73836870377215,42.39100759182091,357.47758935814664,1.4653281966908214,6.400529321586373,0,0.0
23.209878956727945,43.19378919309442,79.24161227212005,627.0494173976455,1.6614105685370637,6.695654984667649,0,0.0
31.980480590151025,57.82089275788938,71.21395023268276,888.3432176508775,1.3428091541480165,5.577341479266467,0,0.0
18.96863835895526,70.05383995031963,43.277980003029455,637.9349943647504,1.9539217332250873,6.126805026274998,0,0.0
25.11632367361161,67.80577707436066,74.83499473376199,565.8572551096086,3.4668329618352187,6.9652861684502705,0,0.0
25.79333421023445,60.23277089523333,40.55812349769027,569.2294547562083,1.4025684445017366,5.681080803118927,0,0.0
30.32510329708502,61.45239969860579,60.074090764091565,496.46071092338553,3.0774412146644967,6.100449092178839,0,0.0
27.762888776533586,51.33847766753833,77.99899980092675,807.5804014044551,2.62970017918268,5.912582985423542,0,0.0
29.342609732301078,62.79412942120514,43.41673183931314,50.424078361381966,1.039535326529649,5.701059033109464,1,0.9874902241030294
31.209837856079854,87.66274278604172,60.793097906296026,885.1299079293277,3.3622254823442503,6.75841853236148,0,0.0
32.65745055218921,82.52264588918952,37.755428663757996,586.2922202456427,3.427728163062462,6.545672815515963,1,1.8366857004363004
23.335883444281997,47.26164345381719,35.97873893587848,848.8732212557483,3.3122517546538583,6.117334726352623,0,0.0
27.14638599118635,41.48903936604604,54.449399985893116,10.392702544208543,2.2543491442675845,6.0536009241140505,0,0.0
32.2818373334664,86.67621563583154,78.75587588199309,869.2764039616177,1.5509379561896974,6.741623139202701,0,0.0
34.82066922640596,66.33748749403739,47.18803092321019,120.13751917326687,1.9781616936762036,5.636175768477609,1,0.42179536151847113
33.12182828774397,66.89189115746538,76.25821821899484,721.2180063923992,2.535478866040578,5.72024992067699,0,0.0
24.314943464614405,79.03589978532611,74.8618112146857,416.5213928878437,1.9470909522936244,6.859825012140307,0,0.0
21.317830792717057,55.73444869356633,35.22575674069969,681.0723910979244,2.770429127174207,6.725809981076093,0,0.0
26.31967313591201,64.09537844180011,44.109164425059646,628.1897376773642,2.9889388694412964,6.66231664385685,0,0.0
30.607904681212716,88.43314565733688,58.598148709650985,163.39654706724184,1.523482246620144,6.435963886455723,0,0.0
26.373674202806058,73.60743434662035,51.0827530646835,514.6137644475518,2.0123547707070015,5.93867507736008,0,0.0
26.214074676332366,47.6872515997893,25.75751179179046,277.23047319454076,3.3943609400651495,6.902179907890627,1,3.6363732312314307
32.24991715839061,46.661337399217665,79.6218818076295,560.4368428480125,1.624517003156595,6.237803232602007,0,0.0
24.14386424414217,50.21323791665027,65.1592400726768,738.003283052844,1.8661187214860724,5.920929296746603,0,0.0
32.616509471797976,78.33558372103587,46.26164229348271,81.25841458183791,1.0891512596299306,6.0483619099194375,1,0.5607536559775937
24.9156816161793,54.768850192030804,57.09011297997748,515.7624235310253,1.8309151027590034,5.525261522793902,0,0.0
23.57996279653177,41.06944233375399,25.25436903597381,617.6298207622584,1.9273284952602565,5.882738592742069,1,3.7118446446039286
25.717828490394883,87.2087181752831,49.7180992213766,295.36745359721385,1.2495888990670558,5.781934162984846,0,0.0
30.96159829747276,48.485670819745536,75.84994494904927,953.0034827960071,1.003605624962393,5.7033349631067916,0,0.0
20.142034473687904,40.47790930740343,73.7960574832987,520.3028255068294,2.438513710921775,5.548209989770231,0,0.0
21.339126669824296,51.85658011916615,40.24285072898874,182.51708984593273,1.753816503321797,5.84031316512619,0,0.0
34.17456203627256,51.75143935590668,51.88207182928033,107.78826179928403,1.0445595931502303,5.655278077105607,0,0.0
20.983357665483076,61.10026254228615,61.84301144525881,541.6595491653655,3.1498607599179484,5.567710567321022,0,0.0
27.65136440482793,86.01949157500184,40.40055601447432,375.23838112692897,2.4610241926666023,5.70598338864759,0,0.0
27.848345933252943,83.9592458889549,23.892753085636308,192.54709776838465,1.427920876229551,5.8036050452900465,1,3.9160870371545538
26.32361585485416,62.8447277491214,50.32649940306828,30.69848678577458,3.163116557352441,6.123943487669049,0,0.0
28.960669225805916,60.54499524959033,56.098144149400184,566.6000800378799,1.633964926182451,6.375543529361094,0,0.0
21.90705433855951,67.75045432374256,20.350496007290616,598.6002368336619,1.56861432884064,5.983398793649974,1,4.447425598906407
27.39525855220472,52.172700598588285,25.73452241231184,141.80260118146848,3.2365851424931726,5.711889123218267,1,3.639821638153224
24.326945339197252,42.609249598318144,32.437438615649135,601.7380497703043,1.448644698648684,6.9104857437676195,1,2.6343842076526296
29.24834341369621,86.96120680856033,40.883137219456046,951.9727547075985,3.197464482922686,6.272280568331443,1,1.367529417081593
20.40080023734354,49.33494924385864,52.463073369834824,978.2956099897394,3.0074332531195025,6.612820499043611,0,0.0
27.704916086271098,49.92003646228582,37.63057512557992,888.492936557005,1.7744438520730834,6.541652711903305,0,0.0
21.149596041516503,63.62301644269738,36.57102886439023,807.0785808357406,1.085992702882839,5.927345135691554,0,0.0
22.736932072955618,64.58066724201653,72.1609606287849,209.36783671333126,1.2064327588782924,6.339792888072443,0,0.0
21.718066605500916,40.921710485037096,28.703038448085575,156.43518249593015,1.2738206694239436,6.403246173778064,1,3.194544232787164
21.10824225776989,47.397736938698536,49.72760799034162,444.94760228535444,3.226997087901195,6.027686536124932,0,0.0
32.03708617653134,58.907740928037086,77.16948301616816,619.6317513185525,2.010089945093689,6.50614984822604,0,0.0
22.857028650235137,74.18653467552696,57.50079494696275,850.678684008378,1.0813243932162357,6.686014827158658,0,0.0
33.76110429169564,51.42092284159679,63.03232879366631,231.96304113680156,2.391371155139199,6.046315826061718,0,0.0
34.48875093086825,61.150722312088135,45.87421948343643,479.6479005203326,1.5199806265174791,5.522373057313588,1,0.618867077484536
27.711427988930655,67.86725323582334,21.195930027183174,647.4402419568459,1.5878151065200474,6.0240039064463256,1,4.320610495922524
20.43101908531735,84.42962473116461,58.767822102032326,445.5938545344191,1.4021043372951967,5.675223405199913,0,0.0
24.367320137452882,56.30352511635617,57.91545688568745,454.19367707928427,2.9050536559967934,5.733411833775085,0,0.0
31.561448476919637,46.67791329317418,26.625658187799985,225.11716102827904,1.0015322345131816,6.048924215417762,1,3.506151271830002
24.245642387850197,64.46361129488041,47.72958281747789,986.6609049110759,2.097460409742113,5.81143164731517,0,0.0
19.47929271114741,77.3360800842031,74.91973667993902,475.1932834074434,1.2171779160062084,6.902333430080367,0,0.0
27.465343485779194,45.49298785263667,32.30508991831851,532.741945405492,2.380936502511384,6.479204383506249,1,2.654236512252224
32.36705447543259,61.23417458484802,47.665925278046615,218.55929128682905,1.8649808654033564,6.277546239166324,1,0.3501112082930078
31.53074858143954,40.88925706312417,47.66619111203123,514.1367183318187,1.0708789519410704,5.51458651401459,1,0.35007133319531575
20.977093382216005,41.677959082362555,68.6456880888583,255.34955853430674,2.1524355778876103,5.655426614868672,0,0.0
29.436998445011934,64.14766816083328,69.47455221976668,202.33625138346645,2.4264637446620063,6.682716770071424,0,0.0
21.748572478406,54.90986490754647,65.55616517980351,275.72225094293447,1.619135079156793,6.084615644559263,0,0.0
21.70952808738693,82.2553649502706,41.92724955129643,2.759648505280987,2.913779742677647,5.5682397941778605,0,0.0
32.85922014618815,70.10771530632272,24.322215501111206,570.1511120016839,1.927621914485708,6.738338640688866,1,3.851667674833319
22.244372196583914,62.69664808714952,40.96897863344085,387.4800055228432,2.873366285360036,5.953969019796075,0,0.0
22.47520489080619,60.39676855271482,60.78747207628038,898.6890191939303,2.4475393225219193,6.079443432961334,0,0.0
18.011107642942093,64.86227400947817,62.164794469344585,40.70717361252119,3.173132669967212,6.961553605961543,0,0.0
32.8013735801338,42.02194156063307,77.90001256860315,43.20030085575011,2.367311977455679,5.523269111551723,0,0.0
31.47411182455529,84.63966782103299,47.218473886622505,885.8735173125834,1.464067983301765,6.581986589718264,1,0.4172289170066243
28.664591896541523,89.91515778669792,57.94613497641742,126.64464220434124,3.056477985696716,6.923326264467686,0,0.0
30.754517986960316,49.07435624293493,52.3514522433519,2.160104124001805,2.9575881254369762,5.595789373529489,0,0.0
20.58482564621636,46.019148238730985,29.037113606794243,178.91386371301377,3.4308895368358163,6.7991155365477205,1,3.1444329589808633
25.791501107988783,47.17887317242976,47.67214832792816,823.8761750976041,1.2339547977688425,6.124362540304057,0,0.0
23.970729584929273,73.05135291171835,52.69010928133965,802.7140827601022,2.478077905764623,6.816994773730305,0,0.0
19.59420094636928,73.07204192253874,77.04497636253552,340.13221084345105,2.229172459858706,5.962411889335634,0,0.0
26.26421824865371,82.39620811392055,41.99234326453737,668.030917259852,2.677180288700413,6.9739940807498915,0,0.0
33.6525740558248,77.59131942131266,78.80594618647866,507.24970733582774,3.4504496203080746,6.470574114507098,0,0.0
18.681005023861808,62.484483668466986,52.53800444144507,904.7349898459061,2.3306801927893894,6.440635540656036,0,0.0
22.954835529394497,70.64276807826595,34.54815459818345,56.42347541742232,2.714346587366073,6.708855074321963,1,2.3177768102724823
21.52819591549696,74.4142335184004,31.49986322094847,813.1791287366318,1.8680336093051069,6.15487910446305,1,2.7750205168577295
22.048493112316837,65.63682351426127,28.501695035613906,170.59866942746004,1.7474262191792063,5.88800444816256,1,3.224745744657914
33.44338738194938,63.782549222581835,47.17597223440718,391.6208974317593,1.8382414142091676,5.894395289078631,1,0.4236041648389225
25.957173921982932,72.25487228213267,21.315585787335394,191.95715143476588,1.0965197339923534,5.995905626240016,1,4.302662131899691
25.92709001997692,67.87372744878269,46.70271699889192,702.614409594139,1.7118516135314872,6.426028951861323,0,0.0
30.9297859217398,72.19711526679552,79.30428152935679,678.3261797532577,1.4323659845180052,6.7575845959177405,0,0.0
20.62636746808374,70.64273869816819,60.206407743335994,547.897601699027,2.1435699495888922,6.249366817641686,0,0.0
26.283511019700864,75.95982802568273,65.58716727202429,698.1630368036552,2.1520619097468288,6.105172345526193,0,0.0
25.309748640058015,72.1401754391438,27.140323443095753,639.5647806046738,2.913074578066259,6.690771608036583,1,3.428951483535637
28.147481739293156,65.98712432186336,48.38605168940545,776.4420556842681,2.2557291197300726,5.934501860201608,1,0.2420922465891827
34.992480955257456,74.08984056421932,37.173386061542836,239.40665129054872,2.1577039708081025,6.533552903558249,1,1.9239920907685746
31.0806311993948,62.4740982592714,73.64585167934176,428.9126149407205,1.5790657792512286,5.6587078310897425,0,0.0
24.76371695129626,52.08356129863005,30.87754832083475,151.62652935422872,3.1312000253616934,5.669857399372886,1,2.868367751874787
32.0684018886588,40.07091100669577,47.52399962820452,429.593564220194,1.2275022642117976,6.466083215147029,1,0.37140005576932184
20.902042176312165,67.99820735729216,55.28286310073826,701.6917514203412,3.4557399124482155,5.624125771413402,0,0.0
18.517882667252323,69.53276133043205,50.84246549471196,691.3911607843515,2.1901874896287454,5.7325767459255905,0,0.0
21.47562233189264,88.60244823878571,69.81461167822444,709.4269032949428,1.4649674989893093,6.436553585740543,0,0.0
23.786996453942415,58.07391670471378,33.88719027917843,308.7675286443565,1.8858201394212073,6.1573055456519885,1,2.416921458123236
26.679872876812517,59.70666214141559,42.643466625421475,662.2139737909239,1.038425456771972,6.341944679318908,0,0.0
28.457195389200397,50.08997906710951,67.52505779443715,367.4663195889382,1.416306698145592,6.965414368883343,0,0.0
33.48029719264517,43.526714761866096,51.68428470420829,944.4920461050499,1.838349548281693,6.4479415568979395,0,0.0
26.66751816235778,78.64022464308704,44.12704313887744,343.3663658803388,2.3860381968799684,6.386276206376913,0,0.0
26.5216859586374,52.48405321696625,21.76655088468989,603.018234044388,1.3237021116121361,6.070207122090147,1,4.235017367296516
18.854131166990697,70.4452430515019,65.20312544093656,750.145714192176,2.6899082404577888,6.44631639249912,0,0.0
18.593496395155803,74.38865177727408,78.33092467800562,906.4074290263412,3.1106912249729497,5.519499288548111,0,0.0
27.369719352578326,63.56183436458238,57.2172205693106,437.9286034539109,2.430849026184765,6.335980374013937,0,0.0
25.449036425221855,83.81760565135957,71.39247324132768,360.48510820826795,1.7422536180630603,5.603346040765881,0,0.0
32.26606671466507,62.18974204898644,51.01254459169557,430.028175316589,1.3034808137146785,5.830258370407581,0,0.0
20.731552940101366,54.24543115208826,33.90085792540187,323.69635154978084,1.0388376574598701,6.344681503279832,1,2.414871311189719
18.42451825598984,84.80077614808113,20.866526254108727,653.924490067314,2.829505832495717,6.50192582276398,1,4.3700210618836905
25.63365905481214,83.07821421249783,59.203896055399355,932.716764008584,2.5711984207818093,6.07719481060107,0,0.0
22.037135464788378,48.20199735382065,49.58653089489468,126.07100648936675,2.190708515088435,6.12846987398409,0,0.0
18.843444346760236,41.298050917696045,66.9258888252561,560.9220647701569,1.2549888805503446,6.247033608720827,0,0.0
30.31817087640969,44.49927781748104,61.680945046118275,897.648725360331,1.5175629531599155,6.638611911616847,0,0.0
19.897080999273207,54.32736992769085,79.27714209239389,100.11454465601754,3.0379307592166054,5.526441657385251,0,0.0
28.341431500132117,88.61299008708554,50.61875500472239,493.8654107662809,2.1996286700509238,6.170601998132543,0,0.0
22.777845752837116,67.92580765804125,45.63048738038056,865.2295958604461,3.4070821490484318,5.52141039686024,0,0.0
20.949432856035376,58.66308660146344,37.204381366357694,900.4522117120823,3.499930368419956,5.978712790949174,0,0.0
24.4557758896284,84.43580473063732,48.61167750747647,514.3521611529164,3.0017678159139694,6.279772931969837,0,0.0
31.624578195790214,62.656816573924985,72.37228868737532,24.951884467717456,1.645459024767736,5.619878925501222,0,0.0
24.665590807377736,55.761931420051056,22.546383547504476,105.63917842782166,1.577787405450304,6.227820291964559,1,4.118042467874329
30.763084036587948,87.06097643728287,78.67400283717132,586.7167452412338,1.6340858010595565,6.886860855438264,0,0.0
20.133267045585562,82.4758833096339,79.59843165846789,123.85860646634495,3.4669626970413816,6.528013506556115,0,0.0
31.137114134306344,82.18341877097205,55.8692827152741,149.41777691127078,1.838351195170729,6.673379007815211,0,0.0
22.027866523413028,65.61423715251065,39.892652221724084,772.1170977821139,2.7661168591117224,6.370621327324896,0,0.0
29.515683208110836,79.47191994077275,33.38293809932143,750.6920585755004,3.397544274528402,6.84453847007084,1,2.4925592851017857
27.618286432296937,48.9676679632276,36.58942374109273,842.7727594254719,3.04899036692155,5.7203039380380405,0,0.0
33.79546019259868,68.66114787781218,23.00632559029831,105.73513650610566,2.494009522826632,6.17467904980697,1,4.049051161455253
24.58448280558034,89.19229614237729,48.50665750900153,198.14488109681773,1.4224138116793301,6.395549851573725,0,0.0
19.12480821018549,54.54792152589808,23.43945625186435,832.9614298586506,1.437345611695866,6.810213012364461,1,3.9840815622203474
18.3256432543713,79.71761646238376,63.10845288655551,721.0876086977921,2.231057713920958,5.962015368193173,0,0.0
32.056595536536804,64.52392036040337,42.315767331971244,805.9561278280402,3.3798612396856074,5.501691966648646,1,1.1526349002043133
26.920505840244346,41.99028416110437,31.96188390482979,989.7456749079221,3.2612342393766367,6.961621166564695,1,2.7057174142755316
31.179148881194138,78.15096989078337,52.6912134701623,864.4316061557022,1.4154801386360427,5.538965956199297,0,0.0
21.98523520019575,48.42845721960564,78.42555843458082,520.4632508497604,1.7192993619371022,5.728550090859601,0,0.0
23.866423673724974,71.57367835663752,61.7078629411051,310.76818479725745,2.472028288889938,6.133069494172427,0,0.0
18.511765827592424,44.28320970234864,49.50481100624961,569.6765865747011,2.193576230632412,6.24455471949679,0,0.0
34.345369517759906,87.34336987479824,66.61485795527037,638.5865502344525,1.2984070234412808,6.751698936143777,0,0.0
29.353754413913826,54.586194359018045,64.24858831393932,335.31214125962094,1.9232679674957986,6.171726924873496,0,0.0
33.86448649190821,51.32323458386975,73.50412766346761,770.9370374846785,3.3867859191382417,6.321143704976291,0,0.0
22.513438926294228,46.45682020331672,32.28013685563685,92.75379265788675,3.3786055618612565,5.79999980627818,1,2.657979471654473
28.394881390836233,87.30010966695238,71.53265457552392,779.3928506817099,2.3985647025664787,6.353738048709851,0,0.0
29.534499460974843,75.59518712206525,38.06156522250193,31.998518681948475,2.588153261693069,6.022575614478176,1,1.7907652166247099
23.398344904379,77.08304443590444,76.45993566950582,497.9660607214902,1.554765702147394,5.648098421913779,0,0.0
32.41785699526571,64.97022806901222,36.86390893680411,861.4364634832663,2.854881816051578,6.919694337022965,1,1.9704136594793837
34.10174486930421,63.736389263524174,75.61091258976057,86.49527402139756,1.1312404678372034,5.622526428165082,0,0.0
33.04253700083207,45.50106214957383,77.82744286784481,517.7389364941697,1.5517054704098272,6.516818395572499,0,0.0
30.564138590969335,67.99205477919959,28.729481447420856,159.39143896131637,1.0147092191625209,6.86228972939171,1,3.1905777828868715
22.71689955532422,52.34582475543952,78.46999299576697,894.8157500609353,1.964253146878172,5.768806981334565,0,0.0
22.78747271579574,88.8572666400203,25.143378105756938,832.3455270336302,3.125652996755229,5.855676499193533,1,3.728493284136459
34.37712544758264,79.82904700075737,33.11406719675132,933.9172432934877,3.4562661927749243,6.140060147713617,1,2.532889920487302
18.174836430906765,60.64960300964438,46.650126852368274,874.9823415300935,2.669389938451393,5.941764952279145,0,0.0
30.172849545116456,47.567062934576654,79.6158419427026,736.5533098659906,2.862166713566081,6.638549709605806,0,0.0
30.006184763439457,79.2665845569392,49.31378306992276,184.88919558850282,1.6568739455373502,6.007230063259855,1,0.10293253951158547
28.585722196146556,46.1026883540658,53.02456659070915,302.50261566890066,2.300831733722037,6.978753310627902,0,0.0
34.83185038347672,49.466687674853524,61.66549697141891,496.8551583080074,2.841444747063412,6.788180848764954,0,0.0
23.301950407983327,50.57602588721137,78.09761349637708,588.8967815147237,2.243189564916948,6.843016200676516,0,0.0
23.779521684485218,67.84453191365472,67.00108400745466,782.1833953132099,1.221365980285115,5.595496427901209,0,0.0
19.341969850091445,79.35283269951832,33.44924026542191,226.95962818706096,2.852160482910773,5.764462689143627,1,2.482613960186713
25.527568321243535,55.71574393623461,38.179455839861276,128.27739414696327,1.5489109796868799,5.754052610378249,0,0.0
22.437824945992418,44.23349071376447,25.857694376511464,482.6101705936361,1.2442441773441395,6.507946972263466,1,3.6213458435232804
23.837573937019954,63.226923176220964,58.66714184988439,157.8414108729206,2.195144872063455,5.517867061262751,0,0.0
32.18772043434567,77.40551205799677,30.844418392353294,693.7368023295722,1.1865226944990328,6.709639299964003,1,2.8733372411470057
33.903236729967425,51.083192154369414,35.44429330876194,575.6308900917173,2.5736091674541344,6.320569027638031,1,2.1833560036857085
21.157462224088157,50.99622740196871,73.28681931082264,741.1077970188848,2.601183125783113,6.349469547381091,0,0.0
24.33265183640892,87.36135136733554,39.605340519920915,63.43655965510842,1.6417549328325232,6.306004633361518,0,0.0
33.786719555961696,87.70768635595888,53.99880310125002,964.6975604442039,3.411336054518984,6.3030188345849085,0,0.0
19.050743831716783,89.52328660307882,43.85396052735062,0.005536675737993768,3.061128966866225,5.796829111950325,0,0.0
19.570128977893436,80.382980078739,24.441877244354814,325.44241501353474,1.2739673947493189,5.924769582728548,1,3.833718413346778
20.7674468165059,49.40920845839727,41.771829793802304,679.6347933662398,2.8712803183477376,6.231426186750213,0,0.0
28.118618180156872,50.599076039963066,44.48409218215585,45.14207386211888,1.882686719024586,6.516766746283669,1,0.8273861726766227
20.558028607101956,57.0112620761196,73.74206611469108,83.34958135760695,2.875721304122397,5.907930640027653,0,0.0
34.45729848466247,55.90662656667455,39.46703921878037,76.68143722822029,3.0019869808815223,6.70920238749626,1,1.5799441171829443
25.594146963394845,87.82638745390045,42.75446718572407,581.5097267209793,1.378445140151154,6.7158897516715435,0,0.0
26.52580532595283,79.45369914408468,66.97380612034007,895.9253150385381,2.6546049620947567,5.910819110734024,0,0.0
22.19319646869191,76.20043960807769,65.53739907269588,555.436977712262,3.1568249012232714,6.340097020831155,0,0.0
26.00632429139047,49.29816120290659,67.89711659890945,603.5713522796716,1.8084340601266835,6.023384281801094,0,0.0
29.252531754829196,85.47627796811648,77.22624440456025,346.0016512079894,1.200820760452411,5.7860286031560495,0,0.0
30.77001132821873,81.3935189753087,67.73344990368705,18.741158655532274,1.068168699847997,6.7089999336937725,0,0.0
30.81575740606852,48.18209206639619,44.45649219307346,21.61471775121637,1.2750024009918215,6.987221827459801,1,0.8315261710389812
27.8241489157995,83.55851659804863,69.29051101388552,888.3099664809113,1.0105148032075348,6.348578767288537,0,0.0
33.374116174895576,53.612376818523565,50.5204779253963,102.57243871964673,1.8173648559820705,6.87092005728954,0,0.0
31.89593340420386,44.0434872916053,36.66284195111392,999.7893718125953,1.7483214699061203,6.463253211317203,1,2.000573707332912
30.869817949876634,72.8411153257105,38.17502408786074,164.42261151127812,1.2758531692185453,6.348585552367985,1,1.7737463868208887
18.94529386856783,72.69023296921654,33.4305433138039,674.6344439551895,2.627794695256995,6.220217320071158,1,2.4854185029294147
18.11692535773404,44.746600478280904,28.699577469185204,948.9554721809056,3.4797658945990246,5.853572450040008,1,3.195063379622219
21.61160371232304,55.942590446829115,31.06942471121902,362.2892776420262,3.252316037111471,5.626382906923653,1,2.8395862933171467
29.27990109652869,89.64072311277693,23.790682997229162,734.4331887479893,1.6321264991926374,6.163503877025264,1,3.9313975504156256
24.99035731100328,73.92133335043684,73.30705189594318,350.85664344233516,2.9249540824288673,6.341964870323286,0,0.0
24.8409064080883,76.50375833016645,75.86046857894739,304.94105676144534,3.342158158212548,6.264174481333637,0,0.0
33.03797709990343,50.645864280215285,55.206223549633734,201.8040825754389,3.265910592613871,6.543355953113519,0,0.0
33.22456841824126,43.93910355019572,70.4293733965211,820.9349068988645,3.211373803278221,5.788148175351311,0,0.0
33.455979488910955,53.84508448704688,31.01426615918883,257.38706360914784,2.9661262804439836,6.031304468369747,1,2.8478600761216755
23.335927300755465,52.4449192596596,74.1004295136191,283.1581629058576,1.7324786902776186,6.1233509069354,0,0.0
29.74794881656745,51.727205037402655,50.381693577830504,998.9697421987775,1.2089076655269806,5.779784958367468,0,0.0
22.617764081664284,49.63771609435198,24.029899556333305,327.3104354453198,2.219548382114888,6.859696320508191,1,3.8955150665500042
21.240367162265645,68.73778453277022,28.478764669649614,422.7744888320489,1.1369778358908422,6.522267186119376,1,3.2281852995525577
21.138751774905277,56.40517379209109,38.53858764720903,990.0554577748348,3.496184211337572,5.637793519513552,0,0.0
23.8158295546811,81.01725075237653,22.613454821285085,369.3003454174263,1.895774207661846,6.569197059800784,1,4.107981776807237
25.30927953625697,49.1973708923692,38.55760268104662,366.15200723586696,3.3958497959722354,6.3216814090307425,0,0.0
32.12613590793616,63.231353543427225,23.59582598713351,827.7144662138602,2.932802479752289,6.285910700189729,1,3.9606261019299733
20.038148589036105,40.682891821304,34.16165631156951,311.9303684876921,2.0282273842269998,6.984678662661222,1,2.3757515532645734
30.4937394057132,64.08411612275961,35.940185351386496,233.78610364240714,1.295778531790099,6.427301231763368,1,2.1089721972920255
27.03473354121819,42.79191104382372,79.66213858200763,423.2102551753223,1.5929827258617901,6.84509228949447,0,0.0
22.89507082549187,88.88617559363217,34.132800425819866,700.6408005761928,2.682611440373506,6.870323410159186,1,2.38007993612702
26.37793293705802,79.52960643252064,34.35118693631482,43.24302497926536,3.0748380084468883,5.652127947611275,1,2.3473219595527772
23.099015186209385,64.50557383182277,61.2073381015031,373.91602721856674,3.448601229578294,5.512543384569355,0,0.0
28.133393239051202,44.32936790896751,71.56144871098712,346.24490194584035,1.3304054600342612,6.152900364098091,0,0.0
25.375346688539153,69.62227203952071,43.223324756125194,244.81834726203255,1.38986836346234,6.653927471561534,0,0.0
20.79489399434094,77.93818753509387,72.53708119644155,654.287335904345,1.106098691725366,6.736293932995798,0,0.0
19.981912267446845,49.53586265023726,40.408521244865426,289.99008041367733,1.6509113137554716,6.681241069950852,0,0.0
27.293826595226214,68.41041703937454,31.82095277690116,606.731559008003,3.0526685970282768,6.170931937771299,1,2.726857083464826
33.341021565863755,80.7105449191434,39.77832945966341,504.336841454627,1.4956421418272692,6.6249461778047865,1,1.5332505810504884
23.847280671480654,78.41238888231581,56.56138243567954,217.18987082589857,2.3696618747376723,6.578164786789269,0,0.0
30.461001822784596,80.14960089335764,42.02858955872443,266.5660570421816,2.1160179950150497,5.970728876447206,1,1.195711566191336
29.197243033976036,83.96617124348599,60.37362823935732,170.60005330656392,1.81456560585034,5.753080840358319,0,0.0
33.83643354326118,86.88410510797351,34.216152765348944,56.629214850957844,2.5458660336361603,6.432128075832994,1,2.367577085197658
31.956677294085395,60.2760577601768,62.059573639348926,619.1884631049116,2.255814473325489,6.515629588273127,0,0.0
27.63228940139287,68.43845512614386,40.846301794908,672.7886939143344,1.836907933711455,6.351956036301862,0,0.0
29.169518469979824,79.53297630228055,47.35210229611607,165.9999936086699,2.7221272128000122,5.81976931973657,1,0.39718465558258914
33.272569931928594,74.85699069728915,53.46470842657376,615.3923846860732,1.6999204775963497,5.915009980533184,0,0.0
24.79181933797789,89.77601141321894,61.17350019115962,982.0847400575781,2.6079583494862026,6.562729407189009,0,0.0
23.555509999582213,40.68388255523221,34.32282151092402,74.40209493782213,3.393114670853877,6.9439335460558285,1,2.3515767733613964
18.183788421798337,57.75666076578953,70.15673224464862,490.37087249886366,2.822379947953791,6.917253402333826,0,0.0
32.05136826125489,54.051396313510125,63.310564985314386,733.0382136438539,2.04599889909082,6.279487219625939,0,0.0
31.616671906857203,53.115792508276726,34.045875141439964,46.0091978297269,2.868898303006312,6.829839212148203,1,2.3931187287840054
19.775726807702572,51.126489124944285,78.49847375617463,778.2734939976157,3.0231045420003753,5.544176800458,0,0.0
27.806575479255905,75.45619204076145,59.887819461827505,979.511237092886,1.8146011674949385,6.791728182396513,0,0.0
25.887688868837085,44.23797366376609,47.145613188002336,88.48786353275318,2.7628305391457215,6.21422623515209,0,0.0
20.018054623654894,77.08044169716692,29.45163953321098,822.2299054659253,2.085990490183537,6.672291002362477,1,3.082254070018353
34.6696598600323,74.67129210081367,51.993260138487884,378.58154451209424,3.046306204454672,5.508374364381147,0,0.0
21.649830086877042,52.54020662504482,29.886553209627092,144.1162024340118,1.738443987938402,6.802841176553505,1,3.017017018555936
19.14298106153954,52.64168915825806,45.76950072187063,493.19320919634777,3.3443991750610813,6.3924694335713115,0,0.0
28.112405451532464,71.44302926722511,44.52275136437113,71.5187357812157,2.4369673431599335,5.860345597378324,1,0.8215872953443302
30.560733511261553,78.10855527418389,63.19637866084761,522.1014081671842,1.883258284839288,6.02122458165325,0,0.0
18.551538582802177,83.82428065436827,31.54299087345499,19.35678800404961,2.0484281717795554,5.800999130396847,1,2.7685513689817514
29.198199858359377,82.60697819272379,69.31228129225076,728.6114416727302,1.8694965332850813,6.136608636768825,0,0.0
27.048961891174727,88.24414970819265,39.56793962096995,487.9696858115886,1.3656158396428881,5.995009046920785,0,0.0
19.755505150875823,69.06924476682556,46.639317618126505,458.9396609351806,1.171230992218673,6.301754765578017,0,0.0
20.932905908088156,85.43277806701798,66.34045853323056,196.19149374208368,1.8044467378456523,6.7221766628393915,0,0.0
27.655563054373367,80.42566366302054,57.523543982810885,361.26315579476574,2.1467261026954745,6.973412897771445,0,0.0
23.038079429725904,84.73338121570069,38.48152110811624,181.86943242166632,1.9045423485900475,5.8771864610907585,0,0.0
33.951367387072374,40.58133006426833,43.17217547275286,735.3901005357393,1.0347987591682806,5.659762394039233,1,1.0241736790870706
31.918583901228864,88.29514959329055,38.347208839376606,199.02529943302727,2.4475156148811963,6.093500874853922,1,1.747918674093509
34.720642510732276,63.67650814232391,55.686210036629426,616.753327051715,1.3620411997273518,5.715331414226571,0,0.0
22.41440426215704,79.90914947874214,39.95747199241038,279.60750106775214,1.52751319640404,6.751360303126532,0,0.0
34.48530175756561,46.36020596688904,63.54186168698845,656.9821959233271,1.3018713357030012,6.251687319304546,0,0.0
25.330975786456484,59.7970547906987,54.78722951502357,540.4549589213423,2.301081825071292,6.429943573612971,0,0.0
23.907819520333828,53.57303315104954,28.742396704850538,423.43863165272,1.2378982310350501,5.725918831414591,1,3.1886404942724194
18.855941958479004,54.58293852504685,38.61611712079295,673.0008334104715,1.640893122959782,6.62441322375485,0,0.0
18.897009383613245,46.16278099754409,33.286846514609344,415.72207160822916,2.1292717940499823,6.960372717902441,1,2.5069730228085985
29.76419135109313,80.28819162715035,43.41879275308912,821.3706025750328,1.419272212929678,6.223577877238396,1,0.9871810870366318
25.784792905378474,40.462115729053906,50.95904517256179,729.598458235266,2.115603404254583,6.943685957185965,0,0.0
21.850867642613796,55.62527284926013,50.405771437046596,540.6389945130811,1.8568378142934798,5.5520741407620395,0,0.0
28.437495207528954,48.72052716082075,65.27142059379733,877.060682585997,3.151492943424014,5.553584070721533,0,0.0
22.29858801025189,69.45194703041702,31.35031181610256,828.8618214680555,2.9872580315707236,6.940019366139087,1,2.7974532275846156
27.819739823855183,52.71262013072719,76.78836975784681,531.8393946204992,3.482136458663829,6.550398396146542,0,0.0
24.106548698705737,52.949922726404985,40.57070641293012,68.4476937007975,2.3222793324136184,5.783034590536007,0,0.0
32.00038785240092,64.41690719976594,38.01493081496831,565.996352199244,2.438492733893875,6.0458121986388536,1,1.7977603777547535
31.95183473303525,72.63445196704629,61.11071469081318,355.2569895602855,3.366614620289332,6.261629601892259,0,0.0
26.114956768080823,46.06523522825818,68.33099772098376,540.1129428037341,1.9989805367187963,6.553956603353116,0,0.0
23.963924858695265,48.77557262327481,42.708305888819204,647.1304604975934,2.3892067112704805,6.763039840262844,0,0.0
24.163516541504606,52.35873722972588,64.81081849363864,644.8385748506397,1.9477137393136843,5.623984607069792,0,0.0
31.697146936359704,88.68741070589803,73.02415736816329,673.5240435180015,2.3646517647452323,6.48486118523337,0,0.0
23.579051207559402,59.85762499714602,66.00821991241745,679.2686250450148,1.2019160812938487,6.215067120456914,0,0.0
21.554009353016383,69.94950453155133,22.05178913424998,109.28141871350417,2.9594852333593282,6.396433413164542,1,4.192231629862503
19.439701811880216,52.0771406357989,69.6421346819713,191.71233045729363,3.4631998685726098,6.262797409916954,0,0.0
25.933783055034944,64.5229762578744,66.46885750726204,630.541004542351,1.1643510060988849,6.176039575764182,0,0.0
26.19624568163731,43.705958719297904,60.15741428919116,408.1723887310367,3.002599325578686,5.808269194269574,0,0.0
32.295448076849425,41.73710729611635,65.60134514527421,762.8516453057636,1.6043370012375844,6.208503868538468,0,0.0
21.76105783958309,63.43667634107301,78.76552374991633,124.90928226283215,1.4938676331924532,5.784482707062654,0,0.0
24.476851652362797,59.932964375920605,45.86677326910098,191.52299442053933,2.7334259956836413,5.566917230541574,0,0.0
31.74289756119275,46.84401598459139,24.033394097275867,558.464642436473,1.1103306213914543,6.060736736422033,1,3.8949908854086197
32.001601382732545,74.38007144603668,47.653398177663,500.7480192678987,2.1580983681309007,5.537433608124256,1,0.35199027335055
24.53838829163906,89.64517454496323,22.786019323462877,266.39715397668994,1.0036111647883033,6.343817444532999,1,4.082097101480568
25.805108395873575,59.78234105983562,37.65502448530767,408.3432435051585,2.385985071616185,5.608588680010266,0,0.0
23.15586014443781,71.22793179586972,55.21278750780554,34.981278056653075,2.1552041693290582,6.1563304634303195,0,0.0
33.8534329331283,88.14879711822428,38.57737357556938,37.03810799437412,3.2887065167016813,6.9702142560628415,1,1.7133939636645927
20.016944017606864,81.57674862234376,61.12371475457232,94.92700282487165,2.8006797569610384,5.514822280928407,0,0.0
33.87374019102499,63.17761116513429,69.31917966114327,576.7924532005605,1.315015429697353,6.050281851484447,0,0.0
29.625729681200834,76.87447422299597,45.22635075677221,863.7164146131536,1.8863498993798682,6.5098942839413505,1,0.716047386484168
27.03672659567443,46.4067520125262,74.0082770775802,260.22328925957504,3.3289494241970297,5.738375356929859,0,0.0
18.55520403333643,65.60519277318997,24.790335881024014,33.939829723420246,2.8133353681852244,6.341100462355177,1,3.781449617846398
26.08513526097414,53.953013858996826,70.40678985202699,708.6271020523125,2.4856877874657224,5.887285537923434,0,0.0
24.931717785046448,48.05818439480805,69.71438872635794,855.3522390050665,2.397678976967254,5.834153037376339,0,0.0
20.740719803577083,61.31404531272675,39.319633779605894,138.17278526310173,1.9952461660096934,6.842475326118928,0,0.0
29.158963259511168,46.55072772168072,37.9229112274769,385.74769594040015,2.463003656672444,5.804920718470241,1,1.8115633158784645
34.50956542526086,74.94925540872427,38.30569886921076,158.73684059020476,2.929161037168976,6.064827566147954,1,1.7541451696183863
27.557209788096927,62.812002202666775,68.68362274066465,106.3574306093652,1.3188441908909188,5.754396257311836,0,0.0
30.150805699547078,66.55723162823318,69.8992092566117,648.1685384743745,3.4245765991203116,5.925831609630576,0,0.0
19.163657693622284,47.31879693340785,39.783347529660055,967.5364761781314,1.598412172722436,5.939660020183565,0,0.0
25.10033892888891,46.98858305467472,55.55542084666771,678.1656256207622,2.1193567035934375,5.9901595356356,0,0.0
19.97809424779643,69.1707717630062,28.335993766427272,984.8146628076182,1.056789061619455,6.4616004052400875,1,3.249600935035909
28.417529204120676,89.25048739147232,48.126724296861326,434.3952760702914,2.3758648073962134,6.613889114667302,1,0.28099135547080106
33.954196689640625,44.81252916188628,79.9275710513323,897.8697888273601,1.9546671181540596,6.266004579296857,0,0.0
29.250221452017854,54.286571428289065,29.53034886237481,205.0842246663046,1.6243896806824958,6.415713971381326,1,3.070447670643778
19.305651821345165,83.47295582689438,76.85375839760354,117.9043670107931,3.463810634455889,6.7199031204749815,0,0.0
24.02932548474641,43.61360061276185,69.45528331790047,702.5200509124363,2.070352856680686,6.999340992010628,0,0.0
27.361277450494477,83.79428606834756,78.33287905677619,371.4083308626358,2.0357409089847427,6.184758979515585,0,0.0
24.85453185426529,66.21429916873755,30.77472563663198,317.6876027471016,2.15775816120244,6.9046517433889685,1,2.883791154505203
32.171948178077926,60.41333869632129,32.81110942660185,671.280577997658,1.2903844476654034,6.235555139542759,1,2.578333586009722
31.849407080069817,55.48402821757279,21.01203090409152,333.4840417694881,1.9827402745373628,6.672999628737271,1,4.348195364386272
28.401127341754766,54.855857906392096,63.482108774936336,572.5581722485214,1.8410106477639034,6.35983456772246,0,0.0
24.34878506725599,55.29012912247394,58.64568160617114,299.45510626130437,2.162811146906386,6.826058837855749,0,0.0
22.34071835397515,84.2401540480098,30.683926299483925,783.7575882112515,3.1415529171032053,6.173054802425139,1,2.897411055077411
19.7998634096232,76.18976150873928,67.46869793252432,312.3883404953154,1.481963486397767,6.543722501945756,0,0.0
24.033260619271417,73.48615039155753,37.95173036790352,534.9941444962202,2.5193483142990565,6.1994728288272825,0,0.0
25.023932792531234,79.93745744760004,28.09973415983811,23.17608369701174,1.0940927243798204,6.785541102005038,1,3.285039876024283
29.48898972676925,52.85573315020725,45.353759901160885,791.7307833583927,1.7919812552500525,6.991553018713574,1,0.6969360148258673
29.18871701305875,70.90214060408779,25.458190905611364,620.337774821976,2.181644047731731,5.864972487888868,1,3.6812713641582953
19.19183837390137,63.003311947897544,35.7946193763948,192.23706699289568,1.185697876993891,6.2115084448108835,0,0.0
24.71940836232968,79.12208176000968,42.28000150564077,215.37337609102514,2.359919836558752,5.6218850196405805,0,0.0
21.09024074269515,55.46280552366427,71.11185047084899,262.49291850482206,1.7758140526802002,5.711493166620683,0,0.0
20.665815990385695,72.15893084349479,67.55292447759328,576.5301045955619,3.482025033980782,6.893725273368358,0,0.0
32.06413654553318,84.11062059086566,46.565257145037094,548.316333093023,2.5774237554641783,6.315420664736412,1,0.5152114282444359
18.71255868417638,60.10752380974644,63.47450346514325,273.86371964188936,1.6104379900392933,6.092674025839093,0,0.0
25.126108890336063,43.331104368373076,54.1189781707403,694.0622919770036,1.2566831136188388,6.50722379396133,0,0.0
20.859462148030808,65.80254111708965,40.450511304684085,889.0411659337311,1.1017994484288487,6.3402419324801675,0,0.0
32.94861366653406,57.29862439035129,63.55246060971709,43.51547765353847,1.226933160938029,5.933076584450839,0,0.0
27.469688725675596,73.61126902735874,61.00994926798268,417.19663782268145,2.700148817572334,5.839921759390299,0,0.0
21.933470818406416,87.5516462374303,57.14566653161612,593.5201185448099,3.13748068998585,6.385359625013658,0,0.0
26.5412638818284,64.28041589984235,57.07733126259504,586.4352035369994,1.3918327867776947,5.782398266817107,0,0.0
30.43526811495297,63.30951150777669,60.97891953961861,19.53534698951076,2.0053361338818863,5.708758151158279,0,0.0
34.28800615163037,72.729240009573,43.0727307585523,210.56606584860504,1.8855883579897288,5.977581343700591,1,1.0390903862171554
21.747582072172122,45.17487517967838,72.14454890406213,61.830721312121526,2.6112952279701815,6.792011594715202,0,0.0
33.06509012619887,52.675309446250736,29.73847072978765,568.9650725499341,1.4566947043091738,5.5552291613842435,1,3.0392293905318524
33.88316994084734,85.94896627501993,73.03312779434924,645.3898876694672,3.3832982761187784,6.749899380434034,0,0.0
33.579149257045124,73.4971306681883,40.53691058191966,159.7421634234776,2.821390954726641,6.43146075434494,1,1.4194634127120505
28.802044066652467,40.67220219917081,27.50189693651735,333.0111193420726,3.3876796972116128,5.5605591363354785,1,3.374715459522397
28.70695112539003,50.23127362795099,56.001644160747794,329.80374337602103,1.693423112383416,6.403058374582438,0,0.0
24.85458076412499,74.14186330144494,42.55920014422431,819.8023315897834,2.4692890946463892,6.13902910712858,0,0.0
30.790763999164394,78.21996012812872,68.92998362621115,194.65940452913333,2.8306698427758388,6.761691412158015,0,0.0
27.031998311965843,81.9929786337021,45.847128111726036,548.3141213256584,2.7773905569193347,6.860798065994569,0,0.0
29.516447210881005,54.608840169102244,60.11375153372659,782.9355125008843,1.0533652485709089,5.929739741796425,0,0.0
25.283784365429522,86.55142981387813,38.49547937028953,829.5781928970479,3.4957229087247126,6.67625501358418,0,0.0
30.435439888733363,67.64734467889463,32.56714250152041,666.566094284733,3.3201499319219625,5.9647042439814095,1,2.6149286247719385
32.01601579927733,74.82695111939464,43.282941856929426,299.5277522618829,1.299380203181527,5.943453186008261,1,1.0075587214605861
20.489416362247873,69.8369431389954,56.40847007614601,823.0465748288563,2.358916935737926,5.788957511057242,0,0.0
32.15980516476188,46.13700273373102,59.41680435268111,742.1660271001266,1.7863911382985402,6.517733542423627,0,0.0
27.185041040435223,88.15573296924399,54.6923999178811,704.4691338292693,3.197235039810716,5.8925282185401535,0,0.0
32.359320454533815,46.14377899470763,79.28334311744653,67.33539888500717,2.7437990764703852,6.1972875130343805,0,0.0
25.33212900779725,52.744097820559176,61.46541118970992,43.26488065154954,1.5587928918309826,6.718192131213575,0,0.0
24.443688251511595,80.68139401114901,75.89117765581506,695.3652977015795,1.0846528634182269,6.6878692625610885,0,0.0
33.55603245279278,70.92984807505508,27.07599169371047,944.7948012339307,1.7293545065369353,6.783163913943085,1,3.4386012459434294
22.26987754832282,81.90745826881785,23.68237578880873,773.7239280630193,1.0953431820195951,5.741596769956338,1,3.94764363167869
32.35160952986443,65.78680941870225,38.65968212071722,831.4755664936886,1.3532767824959058,6.380339143423513,1,1.7010476818924167
26.228349732659872,58.84966176833174,28.19533630258544,544.9822808497904,2.590345104034278,6.872259767264047,1,3.270699554612184
26.739622523371416,86.09227497738925,51.55211169369606,304.5861440880739,2.8627126702950623,5.563075129453068,0,0.0
23.243960785321228,41.812615875739745,51.13887521139672,677.7368967668842,2.170042250014398,6.6917901594975575,0,0.0
27.741717410523265,82.8065110176523,54.50282998663701,711.9708754926926,2.5007196767353213,5.869355821280674,0,0.0
23.528590336695594,51.54088925938908,64.71367284986437,675.3579716940069,1.3897125906650236,6.504480392876461,0,0.0
18.66758004210809,82.4368163876984,78.27978201273919,946.7090567193205,1.7919879263317677,6.576107566043648,0,0.0
22.623976290854053,46.95983067084428,72.69552148634878,367.1790332645565,2.7822096181943845,6.888377737435852,0,0.0
18.10844373791204,69.01094818452702,27.102034374534895,39.6575389557835,1.9122277902127376,6.263199133634448,1,3.4346948438197655
34.63203137996656,84.40539595057359,40.310821326239434,908.4443527574094,1.8720280589694738,6.772346662135814,1,1.4533768010640848
34.4177025669357,63.67698234494452,35.349381502882515,160.4991188540813,1.4849815925651142,5.567977018899432,1,2.1975927745676227
24.717640057029186,77.32833369016964,30.609041466787566,697.3183393874325,2.487062190163103,6.130814170385977,1,2.908643779981865
30.382304523773982,80.23358089277792,52.68349259934707,873.2044397726844,3.023846515047995,6.159278393003387,0,0.0
23.878703672977224,76.82471043583897,53.19586412196383,310.1413980146351,2.173612571514089,6.307417713765444,0,0.0
29.408583670461592,86.26648684372992,33.63468967328368,830.4152408549264,1.288848141177723,6.22201071215179,1,2.454796549007448
31.692310731781646,62.34171152599643,62.71383501840113,332.05812627144417,3.095918579773624,6.951942281324432,0,0.0
34.09485615976809,48.65627195825779,63.97485795017032,794.2579282362498,1.1784927615038334,5.617809356272116,0,0.0
24.803608689444424,42.39055318512399,21.258799690036,69.82986297372574,2.1793184330030018,5.89752499289369,1,4.3111800464945995
31.31606571025281,52.32299348187526,43.74546222333899,655.2429986709277,1.6526933403931159,6.952943172174316,1,0.9381806664991514
22.52078366074602,47.1598751940121,73.40843847209726,677.1380805787961,3.3407953908002117,6.167953819313544,0,0.0
34.835649164492025,67.89743707172403,51.2191164946303,491.4258300809564,2.8438579948713487,6.356736178206077,0,0.0
18.43808317899397,49.2472668605866,40.85766808633966,687.0908638627108,2.4160224574198006,5.621538316462686,0,0.0
28.259989710519058,41.94668536446856,35.22056909570781,923.183670553841,2.6693886017233903,5.926076319943605,1,2.2169146356438287
29.211601688072562,41.799491443433396,34.601271195096935,733.854824968228,2.3318181570312264,5.559477547992274,1,2.3098093207354595
29.69677447026019,81.57847491824307,25.986082031048383,961.2960289846599,1.3690023630485249,5.706257263731683,1,3.6020876953427425
20.046588839414515,69.57249657215124,69.03358514558553,448.6123138520718,2.7727466999913455,6.4499722266823065,0,0.0
33.95500631904322,57.90426509466891,25.199444323650273,528.2907317039571,2.2316848806737286,6.6454336957798965,1,3.720083351452459
21.080115743851408,84.71140213701234,37.53768595170895,263.73869723770684,2.585773178306835,6.805127315349642,0,0.0
28.586807855077296,43.50983057038568,22.740544313981193,985.6016678008684,1.113004159943175,5.877196570819338,1,4.088918352902821
21.785493345092444,89.01610363639129,66.88319418342203,55.13673516127238,1.3550869814081328,5.999295762404588,0,0.0
23.222679089361606,70.81458951272305,22.357020933607426,358.6204176168103,2.4734261898299756,6.354097566160986,1,4.1464468599588855
27.289795209378113,49.17321269844243,38.498066232092505,297.6971647686129,2.1485722577073734,5.625528795201918,0,0.0
25.0922881155978,73.95345494884842,54.397842205199844,386.5117131280554,1.567184172384135,6.710077390283342,0,0.0
20.723835216600605,78.16906298917813,44.573681617606624,917.7178605198656,1.6019023013338871,6.224938088063229,0,0.0
20.90591884115442,61.46713916853872,36.93626403494603,368.03787406851484,2.5791457813898564,6.948261329041958,0,0.0
25.108461398767595,83.08163031227737,36.5113443456525,916.9766527000005,1.147417567322685,5.675974013538565,0,0.0
30.873810630683515,47.53662036482351,67.86741836037496,423.3388616632027,2.085645860558933,5.699935571412847,0,0.0
33.2653989964124,53.94187917888042,78.4386857052347,854.7687692202082,2.3077587618165234,6.022865926175607,0,0.0
19.430170258409508,44.67461807919949,40.8824642269276,521.7500985006687,1.7703565068558351,5.810143299068033,0,0.0
24.68276642850982,50.54389203036761,22.348730816540993,311.35284342831494,3.0513745712308404,6.544885223191386,1,4.147690377518851
19.704174583288903,51.93644059555725,22.193946674546506,449.3497989678873,1.1419239564221086,6.920215686392406,1,4.1709079988180235
18.282072170754162,85.8816595460855,65.55280491264308,424.38107897820345,3.1644569631173773,5.6348567649326755,0,0.0
29.249217604947262,43.90548443755781,53.14218929654762,259.9140620855509,2.808157482219427,5.863354499668707,0,0.0
28.241640513431992,61.370756009385474,67.01555944503983,289.63872999190676,2.115635947332992,5.856847222048968,0,0.0
20.771324934853066,66.61993436134566,61.849820617314485,186.45392131105442,3.3111684755312694,6.2636095959433185,0,0.0
21.97481816258209,84.93465269010804,74.45038095592379,336.0005572076084,2.755595741236792,6.1780381635982,0,0.0
18.40303181195681,89.88481093306068,73.14945746279741,624.4058032491711,3.3276133741476097,6.590299309338732,0,0.0
32.19410249680486,77.66940574599178,67.29964373727064,386.5581687096312,2.181474448538915,6.598946831236587,0,0.0
34.56974013282537,88.53954952845147,48.511349602528625,712.3232109262923,2.1324327524884654,6.359131695183422,1,0.22329755962070622
20.302812125509742,79.3550566267937,38.48758445623115,986.9781696879531,2.326856578615447,6.386533388788019,0,0.0
21.93507863401007,88.16013204857083,50.42160724667839,377.101079484485,1.1635667599645065,6.7634745848297015,0,0.0
32.762961907097875,75.36353629722277,50.124296439189415,462.6392140896169,3.2712356283415907,6.095404656628663,0,0.0
33.749884565255144,43.98817127255355,56.61653293336026,164.1101569480976,2.669292629104627,5.518514422444117,0,0.0
25.133665507715776,60.096009349633825,31.165854066974248,392.2152857793161,2.5439641947734213,5.819545433129136,1,2.825121889953863
18.86058202857426,72.32986419012352,59.33719282669932,726.8324507906793,3.316158841176409,5.553043166032337,0,0.0
18.66966117277793,57.53592547271255,47.396055452348946,217.40479974246284,3.4840929440209667,6.090244334198568,0,0.0
27.757147723173176,53.66919590568893,57.21228991645155,182.05404865522922,1.4084834766461922,6.036753438144503,0,0.0
24.679216851184044,68.86996335665455,34.37628937517274,376.3748736491917,2.8724924622625587,5.647944901801893,1,2.343556593724089
18.487091268820127,86.67509383512174,46.0636936326413,818.6494857177314,2.449862936220965,6.6325383863011975,0,0.0
27.915290669313464,41.74909367580768,32.61207286715121,623.6571897114834,2.152492971475699,6.329591101008404,1,2.608189069927318
18.19214312201338,78.46156017707189,72.5183094054081,957.5793775866064,3.4440315041178637,5.8385525585476215,0,0.0
31.38532328853764,76.13636390223135,49.27766270249225,904.5404349276255,3.1256575278877827,6.6386891137984145,1,0.10835059462616244
23.20935798595732,88.19767126941436,33.49888493442873,151.13719682324233,2.741874960233673,6.501896788062993,1,2.47516725983569
18.684386051156945,86.53556111662718,22.472521744492777,42.55277460721463,1.9566904179753488,5.787392709698318,1,4.129121738326083
28.001987756713607,78.11162810220964,60.54431987921251,399.09473419475415,2.665102010386711,6.974332495959416,0,0.0
24.76063504536193,66.02043823412993,32.87868283938534,522.0794788186396,2.329235308898509,5.766139098783291,1,2.5681975740921987
34.55460702707154,50.21337766167599,79.37493153912669,515.5706152187145,1.623421124356747,6.657550395937426,0,0.0
27.251377262562936,67.26178591627871,52.022022404910295,134.10726777105532,2.1259533078641852,6.952429724665167,0,0.0
22.67906607762914,78.26759969598268,37.33861977488192,124.81743215461039,1.530529920254281,6.588253270317497,0,0.0
30.06046069877757,84.78346063189466,59.46064602755782,46.86075577920368,2.2510507330129617,6.498665604025273,0,0.0
22.615364043226094,79.48560046052745,36.513195406285135,850.8599260554004,2.8005951898628014,6.854982170228107,0,0.0
33.372135953928606,49.7633467595527,69.2164576345848,947.7441380681788,1.0916155595478223,5.903698290828508,0,0.0
24.3702734986254,69.98431571140297,38.49416305579651,115.68502021797167,2.9134492732966297,5.915733625698728,0,0.0
27.347765567195488,56.60867297656785,79.29486394375456,213.1223685491116,1.0499849800208583,6.461740583056582,0,0.0
18.85974276501189,40.46028336953215,56.308687126717615,89.86288473491032,2.293194257398313,6.8232066695373215,0,0.0
25.244061045187923,50.0110467894333,70.66466893655979,877.502171140835,2.4336917678754086,6.426061222545351,0,0.0
32.150180174236915,45.66103249667246,24.36892817470533,958.708733536241,2.903108649069477,6.965573134464268,1,3.8446607737942
31.69602969117681,82.13595617697342,40.89796504317129,261.7965767208901,2.9025720583520425,5.834353464050129,1,1.3653052435243065
21.813415500509947,52.925312607390595,64.24922516996898,303.5838299353749,2.043638614607265,6.73881940428657,0,0.0
21.843344207179566,54.23489844437778,59.303541040434965,362.66968441293955,1.1659312772460866,6.8908954723767755,0,0.0
31.894190307625024,87.99682858994422,31.654587286025468,502.4637593807313,2.733750381939543,6.140503596928636,1,2.75181190709618
33.81677314287853,58.95433615244261,41.37217583058259,682.4609786449269,2.2774650184810454,6.942973790098495,1,1.2941736254126113
19.62113566164106,40.47928200721973,35.806604449252454,504.3905832546242,1.8326461416577537,5.803221430683369,0,0.0
25.65099687024583,54.19230741730683,56.80221018571058,951.0015816762411,1.587184456882476,6.929250899894135,0,0.0
23.73672274239189,45.964979030090625,40.6740937675265,99.89345852149867,1.2993955327761895,6.8542120891835285,0,0.0
32.80170374277647,45.140428086792696,38.54325452002099,798.605512275063,1.7378562430215132,5.599218808244135,1,1.7185118219968518
19.41992354956032,43.87436450678747,32.442678826180504,334.48309081347105,2.1462240628132325,6.281997412033655,1,2.6335981760729243
21.589141023486636,69.66297350876886,44.541627254878904,377.5476880865476,2.1940229204481305,6.293258577245585,0,0.0
30.791961738970404,49.467386181492934,31.730155411793213,708.8294437102254,2.4568473285369654,5.585460140349741,1,2.740476688231018
18.871995432680666,58.06213970205052,77.75417524265794,929.3771098743789,1.9061714233851266,5.559296740161219,0,0.0
26.373101472142917,83.10088580650084,29.270108689718203,716.2007785535768,3.299744673096991,5.507645171221811,1,3.1094836965422696
25.515819589555242,61.21690698981378,74.79828289752658,775.8605753793967,2.239674032706545,6.286763265128347,0,0.0
23.684820042808727,85.78456750258188,45.70838588939492,750.7792421587989,2.059312600296139,6.195723405953749,0,0.0
24.707729360421705,64.89690266978032,42.671959493703326,320.97860598372483,1.1204199208787076,6.910690290334586,0,0.0
27.00898997781396,59.941830741987786,33.87918805429093,756.9304331822478,2.4975377053322094,6.013459473787152,1,2.4181217918563607
20.743245092602514,77.51944635453508,58.145380062051146,784.5207602198017,2.5071723401667962,6.487341093297026,0,0.0
27.72392993082108,43.65875493840011,61.13168090065018,533.4003206505128,2.4582240750767577,5.511345121960911,0,0.0
31.692349598099767,44.47391914912087,48.05425773514504,536.7562386668163,3.218992294020551,6.495307668700345,1,0.2918613397282435
30.922735806432705,72.59868569614804,23.342413741605448,759.7208030624838,2.9072520814732252,6.870190036040368,1,3.998637938759183
20.616298379794152,64.34703566196241,75.110609041313,817.0308622244074,3.168514048981067,6.032151934997587,0,0.0
20.537240985605056,79.52076251596051,78.81974797258286,337.19544203067045,1.1485563922748268,5.971085652675439,0,0.0
22.558964251663525,85.81354186717658,45.8626049127101,801.5622175752907,1.795316080637105,6.439044797308825,0,0.0
24.138270347797633,59.41834388357738,56.81964844455963,814.2090066754112,1.7967798592367616,5.992828098186229,0,0.0
24.943744883944206,69.82050132923231,47.0179175746248,234.12564091857934,2.64261264442155,6.103627563214767,0,0.0
29.554852686166868,65.03483138976549,39.31277905316723,716.9507453167159,2.1215376217612754,5.909674811294931,1,1.603083142024915
18.9635673468192,89.08053278212165,24.639127571468457,186.53392183615836,2.9436815081301044,6.017333809418403,1,3.804130864279731
18.58943597184313,81.55422036782976,47.36406382383793,93.04911298812924,1.961076416639237,6.519115918646691,0,0.0
24.662479570046454,85.58688541386768,69.1030733815671,574.5430120502276,1.5540189432810219,6.883562779639277,0,0.0
29.851782766345668,52.717004378880205,21.021887665280214,908.652198783399,1.727377670735696,6.37467321357395,1,4.346716850207968
21.288400830260205,78.62632115812971,54.92646099081334,35.45902352576324,1.456174315377036,5.515050173392495,0,0.0
28.90557618135628,53.273661249882444,72.84632652360133,826.5016375949217,1.49473172940725,5.895838842698145,0,0.0
22.417078344985093,50.43712667141949,33.05296580086148,506.47121070350664,1.5420972885766286,6.928357792978675,1,2.542055129870778
33.06346384982978,87.21330798277754,30.99535188134373,860.89544872123,1.0402367787680613,6.865482645745155,1,2.8506972177984404
33.22672905253248,40.965220835893334,66.33659754211658,843.4769351710469,2.7902200869063636,5.673470859400828,0,0.0
23.05388247278255,88.26943518317148,35.3051858671576,875.2868048162886,1.999005855677839,6.862625594600992,0,0.0
21.90989381737509,47.46309484944031,31.519056053638906,768.8739548066733,1.0566783297045723,6.94679353455838,1,2.772141591954164
24.992167525125932,80.97190408966341,42.6793550341541,842.992354546995,1.9250188611646006,5.98685784364051,0,0.0
22.089036948062528,53.79612765340515,43.550120736213074,176.0252072012036,3.26342031778853,6.551510214104901,0,0.0
29.43052533595896,57.53511637153637,72.44606378099397,303.8531488749416,2.278110792418612,6.339973623270445,0,0.0
32.04309963732085,50.837885566099246,57.10660831602061,242.4861708072964,3.4668800283658765,6.005574487826168,0,0.0
29.442566225490687,69.27570212405398,44.35768738037536,742.4283037280604,2.3498985796951404,5.73000367137778,1,0.846346892943696
32.01395760323894,57.40477737539371,52.06327785714601,153.64311936713594,3.40699749762766,6.05038033615817,0,0.0
24.74886675752706,72.86965197473316,77.23791399951645,182.22779037778858,1.5045018220110318,6.891694857157769,0,0.0
20.657388502050633,40.7823658971033,26.792880596593722,878.9647207219425,1.724837031798419,6.7168725633600195,1,3.4810679105109417
30.545166105759066,43.21874417575198,32.46293130348148,705.8821929128381,2.7499252754494035,5.996011795964357,1,2.6305603044777777
24.128066587406416,44.983057636562435,77.75172239519333,875.3799779190867,3.4670540424986163,6.32151302801623,0,0.0
29.411604028895255,60.94968426551155,77.43949091163225,139.3552582606905,3.06324352754844,6.108942518064373,0,0.0
22.600947013690018,80.7398086329988,30.629925275886357,398.98040456130235,2.384263191689378,6.199356771989216,1,2.9055112086170465
19.380903791713436,84.40889551891914,28.706529027517895,283.1511700763176,1.2128815358972882,6.641816029008252,1,3.1940206458723157
34.873890523291976,52.240537003045034,45.26510806031719,9.681085279649505,1.9109477749994848,6.31450930142629,1,0.7102337909524216
20.655425634820187,68.7184862119507,22.983097549278146,284.52296043870683,1.2160642514914766,5.771566695117688,1,4.052535367608278
34.80315689737918,78.41824963463003,59.29421193710841,379.58325197787946,1.7782034046662611,5.9035534417068085,0,0.0
34.613758853629605,54.44147149598044,24.64976129970453,92.21963724271187,1.6469802516633114,6.351690792816403,1,3.8025358050443203
31.494907766436675,60.450386836813664,23.481777625656843,566.4875578268199,1.971388241591796,6.539229339893799,1,3.9777333561514734
29.21019035539396,66.1987101342857,49.11121617253095,383.17266247263314,3.0931914749747973,6.2621806410738685,1,0.1333175741203572
27.822719854268442,46.74374232040238,77.4671981666061,46.46166227754544,1.3759416782759504,6.430315798511793,0,0.0
32.72372627142319,41.299114686289016,45.607756163789574,703.9788648679768,1.765159872134019,6.68406542736322,1,0.6588365754315638
22.920471867531294,47.64029046591416,41.38886951963306,729.2798338411035,1.6527931108040188,6.318087874312093,0,0.0
25.95058061224291,71.34268106267666,79.87740293013715,834.471442969435,1.7403541178422697,6.965787175078449,0,0.0
28.529629479230532,43.680913076684085,51.918137646751006,485.54059986698263,1.9015586870177306,5.853352977704085,0,0.0
24.99023808978135,49.484818242506414,42.51448441341491,968.6587973345098,1.6107793748340962,6.879532375585081,0,0.0
25.267269719534553,56.892694284765184,43.151648800496105,914.0641445324565,3.356453180557808,5.871489692196037,0,0.0
23.614839347535437,43.89350321531832,31.69756976201063,551.3516251001316,2.0502542847816363,6.297466864650553,1,2.7453645356984056
27.591940883637115,49.584963558081725,50.733383446852336,444.95193106941724,1.2852831629931705,6.183860156203915,0,0.0
32.45976697625697,85.56348944917556,46.33130169008035,3.034427902922854,2.169146525068302,6.059324903679108,1,0.5503047464879472
21.425982426107318,40.96495661134924,36.2477177808448,710.9945317392338,1.461079754653397,6.944102002901237,0,0.0
33.885361658808506,72.67159620871811,29.632405196105587,564.9545040496911,1.5403266062532999,5.908452341298985,1,3.0551392205841617
29.714490113719904,59.220446545759245,38.67433212005322,937.5441454860807,1.7126035441120817,6.512303656514593,1,1.6988501819920165
31.995644615560515,73.63243697161856,50.52099966126376,594.2321252412441,1.3118996400648668,6.706102858019214,0,0.0
27.455241774710196,69.43458601817022,23.4999963370881,992.8560938927299,2.80279733145,5.795510268414052,1,3.975000549436785
31.25178392420908,51.17493771773221,29.224641715037357,853.8192718632904,2.979866186828122,6.959729389608298,1,3.1163037427443965
18.27540675477094,82.36047437866944,76.85943601814571,953.5979358149531,1.9857123047890002,6.319960713558699,0,0.0
31.9124672212521,64.59701913046783,52.57132106188034,327.66277128503896,2.7224813485838633,6.871735992419585,0,0.0
18.68236060445123,81.12680094567358,23.806958219602272,149.33599476726644,1.972385725426739,6.495821589495761,1,3.928956267059659
33.128527398168664,60.30062680941096,61.585265526174375,796.8721137951253,1.4101933090909098,6.4741402761651585,0,0.0
34.86336670305694,89.23427769576196,23.708172204742084,786.1971029691325,1.992920153328196,6.018379133860275,1,3.9437741692886874
22.999146857005222,78.52446792506481,64.33245362278237,211.4489394055632,2.3924684887040986,6.655885215139132,0,0.0
21.575415456858494,88.29751025562868,64.99776330320161,764.7446541349128,1.1024857851922223,5.544679475799817,0,0.0
31.011177185586693,65.71632394549295,59.06473854495516,581.9733580414062,2.636210976705925,6.333730723179648,0,0.0
22.301447795644304,63.684556614535026,63.93227267716098,109.52514490167297,2.8565199225119637,5.5482085948051525,0,0.0
32.71456051392746,77.7726904662629,25.277946860783466,501.7835975702087,3.149925644271403,5.960307809168233,1,3.7083079708824798
19.748324066677103,84.0145631506715,63.60683314131606,931.1380008386785,1.2569264006232674,5.644443670317235,0,0.0
20.141238338449092,88.20728979327791,28.20129918343298,506.4575454452288,1.000233984645681,6.867386542526662,1,3.269805122485053
34.64557643671046,56.22759530162499,40.37035443631063,788.6989895534721,1.1831659225554059,6.442390549808281,1,1.4444468345534058
29.45526127059008,79.93522869213194,76.56471521003797,28.909986641956543,3.3102920094652704,6.502765925311246,0,0.0
32.397082815292194,50.53227988177684,50.172528659548405,728.0814128625937,2.9138893026031525,6.776692636436593,0,0.0
23.513599414975808,67.27871733727227,78.04558592498083,946.8373861374772,3.0885891169029174,6.599548712893683,0,0.0
29.500223741850277,48.992407420459955,25.335347533204253,499.5277848929358,2.292534492914931,5.686293364221039,1,3.699697870019362
28.102111064246152,57.36986808751694,48.65339597379081,337.7099130255864,2.3167996864096887,6.426307499889337,1,0.20199060393137883
28.2535520420901,86.56791836032296,23.74413921661224,646.6505048868972,1.7462639745979613,6.967256095589456,1,3.938379117508164
29.603051812141267,47.304534988654304,57.81261574395709,916.2612150932193,3.1068826299204093,5.821173836390071,0,0.0
27.781105943194675,71.62004475675982,24.722420082110983,176.76965053334294,3.074423957709461,6.429570896678726,1,3.7916369876833524
25.29406027814532,69.64771364637016,30.52206815242264,403.6942100227098,1.9804283643054037,6.345421471181998,1,2.9216897771366037
22.690685804469297,46.03691763544933,35.52981860415683,156.29028098184116,1.8231676761786846,6.087469068692215,0,0.0
31.065882625524434,56.29895218844061,64.92463109986899,496.6542322198928,2.845933178132562,6.931953075498532,0,0.0
21.846631310054164,68.14907522576328,29.837727129084485,540.422013030559,1.0654203458448344,6.034600578422509,1,3.0243409306373272
29.77002320462504,49.35893044942451,70.79792319758407,944.2036147216602,3.1498722462959696,5.640520664029343,0,0.0
21.96665798503855,80.03118282064077,27.914236329848052,412.5151537676274,2.1156199732854324,6.943814475691196,1,3.312864550522792
28.630612889225716,88.6078254767375,22.11466694420938,566.9566135396983,2.1033606163571523,6.593830310223147,1,4.182799958368593
30.70033054119349,50.7379699981236,43.70272513818007,885.2625740541523,2.6726946184684865,6.013674813427343,1,0.9445912292729893
21.718136111411166,49.3455982395288,78.7664985182777,321.4050001761587,2.6143734007763286,5.920767437634571,0,0.0
19.01903611464224,62.74675358987223,26.620533667326633,674.1638689675899,1.6649351651409168,6.89203999691509,1,3.506919949901005
20.22655363090096,77.38826385700162,26.103106642377742,757.1618488220964,3.3581965112852417,5.910324963940292,1,3.5845340036433386
28.301948443607433,54.08003051176257,65.06999064773743,330.52823468700944,3.465824948331639,6.3057365090444515,0,0.0
32.4405889058375,40.99399543486402,38.72970163961392,164.34118553064448,2.3149725357404627,5.822432606809735,1,1.6905447540579117
18.764945961002216,67.0610314016447,63.03689703354301,502.9095419022733,2.4034519954258675,6.992821920872774,0,0.0
30.480571403707984,87.83002838836538,32.0006353666018,356.80173013330165,2.385794908559059,6.654262879407503,1,2.6999046950097303
23.802416981150884,59.56384277034728,47.604319651889774,266.462431792214,2.2144685204456525,6.351452410230566,0,0.0
26.134982288631882,61.00672770915502,35.91739266493507,973.4213106941049,3.362967634194564,6.618739673774217,0,0.0
33.79061234737462,88.4450858557019,47.091692892745215,502.1530187015332,1.6118811224435305,6.874551949901232,1,0.43624606608821775
23.643515580509373,74.73038058133642,66.14582555511822,856.4776938434237,1.2698954406384726,6.944686291630884,0,0.0
25.910727876971265,75.95859614210626,65.7205964286597,195.31741054335916,3.323868210812078,6.679028326638187,0,0.0
18.232601050931578,68.13510026855337,50.94633726042342,939.4427648991306,1.5325957855278818,6.77359895249984,0,0.0
19.387178240082253,88.73046054316208,75.70231062326306,794.4314345690218,2.872888383855215,6.096690886879595,0,0.0
22.39605704929133,74.4433242212778,35.827046146896436,808.6921561891423,1.5096832730802878,6.0877344927594494,0,0.0
18.473488093958267,84.75163758025847,34.41868106715398,389.7648751959286,3.4004650390558973,6.7124449791155385,1,2.3371978399269024
28.733380542820267,74.96894328666106,56.82838407052602,485.63699307768627,2.9778044258432734,6.639437708294616,0,0.0
25.248772065627584,76.7557912420198,57.27782205300734,593.3543258986801,3.296795430287147,6.851472555431597,0,0.0
27.318468446376375,54.520546107112324,22.79240237389844,789.7655362050647,3.3774620502791475,5.6995145412449615,1,4.081139643915233
20.9690021602376,55.17393490069095,56.46666274321385,849.0567520604376,1.2110609606724996,6.536219678038299,0,0.0
23.030844500422475,79.14923247880145,42.46616944094086,78.04530935193443,2.0834721395623688,6.471472350712471,0,0.0
29.285016072496326,54.83531445849498,64.84655151923354,904.0623875331745,2.6202508425707736,6.697779760530301,0,0.0
34.41014630171679,68.13850354007658,68.48633987271637,937.496652504261,3.006140260315577,5.536828577359768,0,0.0
18.857085151237555,52.4676155453351,53.12922917282219,592.8874043567855,1.603679361036006,6.739378668498628,0,0.0
33.136533454539524,80.84916904045346,20.102301890135905,186.75061325490594,3.286512148473221,5.989639979917823,1,4.484654716479614
27.806980422290543,45.5250675613845,58.18194860999852,818.4148327034894,1.5524408227453366,6.5306831965301075,0,0.0
27.586632634845603,81.47233198808323,64.93287677995606,548.5876145495989,3.1654410038517167,6.424839357359505,0,0.0
26.504735098531924,70.13649002538008,34.938995973890854,817.1964537163797,2.281781449160475,6.160297481244283,1,2.2591506039163716
19.17969946037112,49.34547674135386,47.87876006844733,814.8081265893165,2.2885554296754744,6.619041300837794,0,0.0
19.52790647951473,67.10176927530591,77.9435974047073,86.72931568579246,1.935014038704978,6.941828395623266,0,0.0
28.215504096204462,54.12494184236702,37.88693320364621,607.0214283706641,1.2587630785467263,5.985212469882824,1,1.8169600194530686
23.79629571440449,56.17336673652483,33.38919506250445,483.1442992687213,1.8677251577988454,6.622653824753746,1,2.4916207406243327
33.593557131820575,57.576402079844016,32.65128742868061,946.1194699995177,2.0668417874561826,5.971805567265274,1,2.6023068856979084
24.91203913511103,43.16596234861605,53.52805006123978,296.64129192539633,2.1975526413824267,6.768479710474123,0,0.0
20.435784797944898,89.29808422007088,76.98722607848039,206.000106190925,2.8477382260253337,6.155909748834141,0,0.0
30.150220169534613,41.57673140656121,56.52140775202128,897.0868560191548,1.8801752761626467,6.173898601091807,0,0.0
22.98700816449717,73.12484365921392,38.1993872142596,148.71556890010473,2.016482150784966,6.657820871704727,0,0.0
26.932995225050185,58.56138238787153,58.31418668404724,686.5194587244617,3.2652465058052984,6.244254549215619,0,0.0
29.86315735358789,72.30051454733496,57.490537855867245,300.01981384181084,2.881418236583989,5.899966926911343,0,0.0
33.30448989043519,57.81241265437919,55.815508143779255,567.8457554974776,1.057139423759479,6.993305400504138,0,0.0
31.467250311628494,73.68753231294293,29.56557241329812,616.2194328412611,3.030221894307594,6.430338089372537,1,3.0651641380052816
29.498138153836308,76.46177547341804,58.074007960699646,417.36928195796673,3.4748598108758983,6.467724335122343,0,0.0
29.55376410071744,74.52763201998224,45.80986715086998,974.9649802370958,3.3494193534195547,6.469872876756637,1,0.6285199273695035
34.08071894854547,45.69809906790761,21.115523517382,131.83316808497915,3.0898897487402244,6.825038599130597,1,4.3326714723927
23.02900965744111,72.84466173273424,52.38586922884971,391.399089036757,2.572934368343168,5.775808008477705,0,0.0
18.018905601335184,53.999377472704865,79.35600471310505,430.3953268743158,1.6954803054131524,5.588727257761805,0,0.0
22.62322750976938,41.440068528466675,40.984375450639014,631.0469489961815,2.636076528450241,6.080050767767441,0,0.0
21.704153453654648,60.7415335944477,77.9335530991195,407.2597581945191,2.738981177189661,6.347357770762702,0,0.0
29.251187946937968,61.67715514019005,25.772344499755672,97.03601137216322,1.7038954025766764,5.928564431764615,1,3.634148325036649
28.773097196013993,63.35870666762233,63.94700695203837,947.4299981808261,1.6383240610210992,6.533810506736815,0,0.0
28.088843505980307,75.2412082695358,26.85979967977012,416.0790816386857,1.9923096477306759,5.610873968405924,1,3.471030048034482
18.27613853456071,55.442190457122955,36.414294413316455,342.67372721707255,2.602867422583838,6.6860642066252165,0,0.0
30.389226925661006,55.76402565519613,54.25045011932746,446.7221241740047,1.7326556732059348,6.577129029548496,0,0.0
23.500017012253355,43.027612812063026,55.56678163860494,216.59568212892245,2.3891663054463343,5.820917180761237,0,0.0
29.305951813112728,74.3410607996148,66.51267903405028,100.2216846686509,3.248093504635457,5.9476813579092065,0,0.0
27.461833284536606,68.3913045699792,56.918684433646355,148.57847910886258,1.7377508121981238,6.710503067257811,0,0.0
23.826425732274423,57.4712556346894,55.61688226283364,166.6548270035596,3.414934340318779,6.660006764527162,0,0.0
20.287796540769833,75.25944894586773,74.7411852193483,197.67343821589512,2.1833699466830394,6.72064923600089,0,0.0
19.605121260228177,66.86788746134386,47.12964513254943,419.9602122261923,1.2522708441147348,5.983364267337719,0,0.0
32.1358116629078,63.462247293526985,33.5159467217033,623.8992690441536,1.1375984843239342,6.954356775209992,1,2.4726079917445047
33.612758215386485,65.56622718305633,29.707315101417816,628.8878380267325,1.8466862857482877,6.573007344060956,1,3.0439027347873275
29.046396794993093,71.81740626335282,43.99967580856999,0.09756956192685795,1.6468973918246823,5.597801181095132,1,0.9000486287145015
19.758379952628218,73.00013022872997,62.76516531162174,920.9576668983999,3.1092833180081305,6.216602281016416,0,0.0
24.834462687100093,54.44789095703586,22.552609095794054,822.8471805323217,2.8440960535423914,6.4968205682089035,1,4.117108635630892
30.391966401787673,47.03716816955766,27.743203190564365,963.9380394360398,3.2113657171751457,5.752975288520538,1,3.338519521415345
31.256955028171156,47.831709059525934,26.366807606218366,359.98634473019285,2.4731337455296742,6.8526533899897615,1,3.544978859067245
20.009716578948506,71.96954429515009,55.11500918308753,664.799276689397,2.0886431189762513,6.63116305172565,0,0.0
18.0005222203715,83.64366428835629,34.57187903187598,168.0207492560971,1.6764198202143425,5.622147651599754,1,2.314218145218603
30.106329779970284,60.47481391727759,29.97556569808379,817.033027220336,2.4577720860581245,6.8697971623688,1,3.0036651452874312
24.062134991765497,48.476008016473116,55.56624318458134,161.36772295436884,2.5450619455903825,6.1065545201641855,0,0.0
22.326182637510424,77.83012491469273,65.67859492714275,325.9857008077496,1.9823689093546664,6.178704216352575,0,0.0
18.219256986421932,81.62447372097242,39.929294987159864,490.8348559469833,3.3414885545684747,6.674662240640034,0,0.0
27.185089914945493,84.02912215604833,54.69227634059577,594.5316688527504,2.5998864708737894,6.465996525100283,0,0.0
32.469562502241686,70.34157144568667,25.88746479196761,559.6330242867316,3.0937030015038323,6.1562930428683185,1,3.6168802812048586
34.27973798663399,83.03642796940423,76.1114618274542,102.09601170999727,2.5509768684223904,5.889436986481984,0,0.0
27.617664160425917,40.770747922420384,40.21377111888637,421.676002863851,1.7913419633292622,6.275343597954737,0,0.0
26.7458425715782,45.36179008847618,79.85034159041007,922.9092642058225,2.8415478946967503,6.368769621070588,0,0.0
19.445958553317098,44.62880335260494,78.71526535098693,872.3685277518516,1.5756363272091622,6.446398521508904,0,0.0
27.330837626224195,75.63023421273665,66.72940696014868,590.7835232546398,2.491523412496521,6.407594874378368,0,0.0
24.459644342411707,43.47908917717895,21.204025724418003,572.3245754536014,2.0059158575485045,6.425955244454489,1,4.319396141337299
28.321299775020808,64.81821862331535,52.608495223061794,111.67518264933018,1.3747121720109252,6.213606392440795,0,0.0
24.608347913901294,63.63534493181446,25.21018522640069,200.2594523103034,2.033101438819732,6.342831758498823,1,3.7184722160398964
22.085085098656236,55.53517617791205,73.70828155769097,252.63974260409606,1.7757020736352238,5.932957277043544,0,0.0
19.6144096788824,83.52025849710499,67.37817515884417,488.19572852380566,1.2805552042710535,5.737562372926659,0,0.0
23.353613558011226,48.5216600939998,78.34042259574097,731.3560480957187,3.0595705716496466,6.41040352877864,0,0.0
19.64296218289179,57.62313921996199,56.50297718898772,460.7253556042582,2.246456391086457,5.570498037815453,0,0.0
21.007248164007727,78.70857500114646,51.33036826906028,126.06104183739775,1.8658906806785511,5.597810445330742,0,0.0
34.78471469585228,41.52111571966421,51.13843135666326,439.34887701138047,2.2624106242573774,5.870973994281949,0,0.0
25.54976046741252,73.64752001231844,43.186902467260694,162.63325374888836,2.8864577937711413,5.791490518814704,0,0.0
27.04182003058528,80.81988631807853,48.12140403374846,751.1473516928845,1.0457384830481238,6.061169697161937,0,0.0
32.85151498853266,86.61339194190836,58.12475498812102,166.50086040457902,2.3668794014340526,6.056933219166958,0,0.0
34.92467130834169,83.81483202457424,75.97685645337663,482.5339895444567,2.19787695820992,5.6752831836239235,0,0.0
27.906145638859584,55.96920584168426,55.75306029536186,693.413602661093,3.232675478787684,5.869754514264709,0,0.0
31.812054957750917,69.31820706614764,71.42695653904204,228.1980639452086,2.3899291469695347,5.506853754428927,0,0.0
23.55799741372348,43.864674657523295,71.76679467815003,76.03010763732642,1.3433071063476683,6.026445715368278,0,0.0
23.19764727660395,52.893500177400426,51.129960550895554,563.2994760747488,1.9717080382128507,6.694652766344778,0,0.0
24.845963256907524,44.71111893737537,40.8481784898573,54.20266350439251,2.5526734301314637,5.899239982742155,0,0.0
29.432623465452036,55.759364507698194,58.37443239992486,587.768642968168,1.114834517639462,6.465022219068122,0,0.0
29.59725871733668,83.75936067293645,46.752640514890565,753.4985375862015,3.211622743494033,5.647382768158064,1,0.4871039227664152
23.359070389040664,57.35834198371463,24.886452039315973,329.3159916723065,1.1694558517823856,5.5184270076414315,1,3.7670321941026037
20.26456871032269,68.09490515007133,42.668546025946014,488.3494090806921,1.076477819615934,6.2475947830695695,0,0.0
28.750736359913645,61.66904240574704,79.64432828295949,928.7618382249465,1.0050389352505507,6.1922261142431205,0,0.0
20.181539657208997,62.945826214936766,22.910712201577233,471.1088641755524,2.7093612290821367,5.7872787976202655,1,4.0633931697634145
27.83437263989861,88.47860259182792,61.8000147140556,996.5540613933889,2.1398002180566706,5.9298774345520435,0,0.0
29.78817617695725,54.807723413192896,70.47132230427482,157.0024113576729,1.257044235572752,5.546007110393987,0,0.0
29.910395438705677,71.36622347615857,58.923554208522724,708.9339024832891,3.1405213066389024,6.696699814892152,0,0.0
30.809025881213145,61.00313347897235,54.1848938697974,652.618598197254,1.506800685231016,5.951924044507075,0,0.0
32.8386101666163,43.05730905238431,62.45326501872545,872.3048135263272,1.815810397427673,5.829184629140845,0,0.0
26.499302863401404,64.4665415812118,45.76056423797934,92.44321199054073,1.4443036846206927,6.706986551601386,0,0.0
30.41423622200271,80.66716645225542,25.481704238532608,280.2065915018167,3.316890744306517,5.558910549661867,1,3.677744364220109
28.525936501219224,44.937648434084416,77.7423052582029,132.17922576033524,2.8951669579300896,5.926788725618148,0,0.0
21.172878976560604,43.47959236981545,45.93804619905177,933.0951222719215,2.809883491610681,5.894128692908362,0,0.0
18.43672396277994,47.68157601966333,59.92335423008105,426.6353246452571,1.109990075181983,5.8944589217248025,0,0.0
22.837203556507873,78.22000556946531,51.87862621335772,910.0658455350691,2.3067542605984137,5.51724363872832,0,0.0
25.53157300773953,76.1997692072369,23.280384318653272,294.40699435882266,2.438631091861851,6.90200757848127,1,4.007942352202009
28.490801055287157,68.25088844530552,77.16479605955232,126.36810136165188,1.9563021002067063,6.796217798511164,0,0.0
32.44930861855449,63.41132020463162,67.5522335668594,296.5372729860164,1.8043906257441185,6.121739585332688,0,0.0
21.336177184004818,84.4162907351311,28.945873668163696,597.1743593280489,3.129857150546967,6.168152402964106,1,3.1581189497754454
20.13434642827411,78.33489119167413,78.89893257729601,845.2325917845909,1.0575414783863302,6.286231367730962,0,0.0
34.37915910706357,80.59711256509026,64.21408233030247,385.3906932249969,2.563387120692667,6.217473808999888,0,0.0
19.83675750939892,80.66311506753271,48.33929902569854,914.8086592534842,1.9856172848944165,6.668700536998809,0,0.0
26.134348191822216,72.1358577372779,56.68220339357439,244.2320596779287,2.664876702858226,6.2326298930046615,0,0.0
27.95458338948613,62.90073121579729,26.40420092087585,693.5406873037668,1.4947938644875918,5.783237005780372,1,3.539369861868622
27.20336515542645,83.23388762928252,53.62469060093666,735.7133504822723,1.5966483865717196,5.6754578301886776,0,0.0
19.462546669560034,86.30037088016253,24.419664321023564,273.962919330616,2.4671345166920027,6.877407150017419,1,3.8370503518464654
18.96945753806153,41.19030216291715,52.691315427158116,26.96987830052744,3.449846365714503,5.572573988783448,0,0.0
19.793218266837606,42.57774366331257,53.161741325767125,365.23734205075544,3.436708957465793,6.846340815167861,0,0.0
27.954990625834412,87.93716484542186,72.46632710964464,45.19614730613608,1.6224524595267145,6.535718788251382,0,0.0
27.253863089783458,53.85803069220974,63.50345001633764,900.7537754021777,1.2558775758142764,6.107057029178107,0,0.0
21.973593464624653,83.66847198247093,34.9731435329072,953.5252629340579,2.475858094824992,5.780767673017565,1,2.2540284700639197
28.842160411375055,59.43975594807013,73.3055685312714,735.3799159460006,2.049956520184071,5.965723317020533,0,0.0
31.94114753494604,45.95500288046778,54.394559890880345,726.6845853138338,2.9042167824268663,6.294810548127162,0,0.0
18.706842317392095,44.02216001046671,56.38276871444202,240.8926694117306,2.319959313196248,6.485276415532875,0,0.0
26.468209040316722,47.825394954022826,30.138882153330698,73.92557655808463,2.2764670149891026,6.537208637436591,1,2.979167677000395
29.718277005745733,52.49465974336824,71.46641575814684,802.1046358609166,2.6161496705520477,6.1709405675947755,0,0.0
22.289302760184682,64.42591769654132,75.85790690099265,559.1619315533676,1.3160461121224603,6.060961140095305,0,0.0
23.232105389983534,75.07489502828918,66.4994389696945,681.6275307871749,2.692904324166419,6.652476236491198,0,0.0
28.431844350819524,89.31992882426499,76.44514715870037,779.64106808623,2.221299251638634,6.888120155938799,0,0.0
33.264899988543526,62.07533716445855,38.13799424734076,409.43426895226884,3.050367664086106,6.871697515983753,1,1.7793008628988864
31.768715145149287,65.90924711715549,71.66715010176627,144.5465899783177,1.346767084262046,6.3274311567924,0,0.0
27.91321372469292,66.09078506916278,49.33358857182455,795.0367993628954,1.7518676227910097,5.618530476378316,0,0.0
30.413769201873237,66.97171777439681,29.835032176615094,453.7656392284074,3.3756159350388106,5.609934717380503,1,3.024745173507736
24.201981993532577,65.88703285522311,60.12803594200407,826.9242308559326,2.3826821982250532,6.104133542104114,0,0.0
28.896413977678883,40.43873775309589,61.04721624235273,437.69914676001275,3.323252499384975,6.599280272338909,0,0.0
25.925087049168468,40.086241105492036,37.21547082540141,217.01640845730608,2.722587757779697,6.246016052221155,0,0.0
21.228914319778536,44.883315906306144,21.649599897654205,171.00501665378232,3.3160784123378146,6.441043456252517,1,4.252560015351869
29.929550655913374,45.07783017145894,31.9908355451338,743.9217565591678,1.7945657109012,6.764978597430276,1,2.70137466822993
27.459898834929973,75.2448454477398,43.9866528604332,574.8891227939968,1.2263343959228932,5.560503375530264,0,0.0
24.096566893211055,50.245801625799984,30.05377466359211,404.6029004646865,3.005604412245247,6.885724875147493,1,2.991933800461183
33.492766231336724,84.73570523778065,31.64179689437625,492.116756191332,3.0111718811558417,5.996346085558765,1,2.7537304658435624
18.355880003054466,86.43031647885098,43.48343986293617,549.6386052865398,2.547066986605786,5.5701810362206166,0,0.0
23.368143571241433,88.79466689479494,77.70719685851363,239.41644182579603,2.4489255079045806,6.753142804216728,0,0.0
18.966983762219993,86.954065244351,65.85461092445891,378.16557969768917,3.2872704266907102,6.9012310389357765,0,0.0
31.03096437576766,53.594416095926235,39.18490407359385,292.41146510973505,1.4412461675538273,6.652933017807056,1,1.6222643889609227
29.935826719934475,65.48884223517562,77.0962441351129,388.42384674562726,2.5413449284269176,6.7067731648457345,0,0.0
23.63298771851739,48.77274850984705,58.73880753552396,500.56221351790487,1.1244265270555267,6.806962530388055,0,0.0
29.48626933752024,80.31048275862166,47.32697867840841,173.3575390543659,1.352162341894073,6.283545297132358,1,0.40095319823873865
24.730932845331147,84.42158525720481,48.098011937308826,393.51506264888803,2.093180871108249,6.5206943197695315,0,0.0
30.856314454181383,82.56444196487574,44.644668070123515,385.49444330692353,3.05301842347104,5.929677372875001,1,0.8032997894814727
25.721122266524002,61.66834743484175,33.979523152756386,286.0038168422627,2.832831726875148,5.874550772396633,1,2.403071527086542
25.008755373138314,77.93369423433904,43.19793153282234,998.4963248024521,3.435160977614986,6.413413969953816,0,0.0
33.890408563301115,44.87895847881347,51.67378304260355,73.62750899429138,1.112121621174748,6.6019116495055234,0,0.0
22.264944698141903,42.012238530962534,51.68164104381326,642.9511392857357,1.9533805470655874,6.095710836658349,0,0.0
20.04760477994161,77.66182071543804,65.70421413275108,174.4386065364356,1.3969770039379021,6.100436620646441,0,0.0
27.93723292541079,61.26776371643419,41.527871429441156,839.5239892851823,1.0924032101237544,6.931350351939701,0,0.0
34.47847080883104,89.77746323697846,63.00788175823715,914.1965360093009,1.660993890736187,6.277690590658681,0,0.0
24.423266633362175,44.86271079277662,54.685510326121076,401.4779826089588,1.611179610468041,6.979426413719053,0,0.0
19.054624981689287,82.78138407676168,77.71072427161008,823.4784494207097,2.0500692961554794,6.794263999999019,0,0.0
23.768189544262647,63.99915327644959,43.11709556203896,249.90944935006044,1.350203019751483,6.459486475902155,0,0.0
26.600838123432496,81.35750977519385,74.07298785564743,140.06850732926156,2.2214189480652937,5.513703389389637,0,0.0
20.752691112747634,80.85636410850725,69.23855283789737,315.87826640261096,3.300245818285605,5.943887742502183,0,0.0
29.187737706960363,85.79960006810387,58.259857075367414,341.67401389104725,2.8704723289957874,6.126465676669304,0,0.0
34.96173961317341,54.89250056430514,59.27086800452703,397.35754478557897,3.1054433237331667,6.479222364602778,0,0.0
25.679571091684544,87.48996767310015,25.07899607638464,372.95894195781875,3.0118214833038333,6.093284609633418,1,3.738150588542304
24.030385464413616,47.583348017881015,77.01347633560594,411.14445285050397,1.9740658411015852,6.741735827562856,0,0.0
24.81197083618593,44.098438879674525,26.416163809744635,710.03336580513,2.772402590744588,6.494357907305349,1,3.5375754285383048
19.95748503271842,61.58077586861746,53.79399852461042,245.5801328657352,2.8856405985574938,6.020740127898411,0,0.0
33.0156512242458,81.41614843209213,39.80424802694927,18.57559576512169,1.514120264248089,6.676651071014831,1,1.52936279595761
25.052036143862985,63.67105653167228,45.791118697391106,489.68055138127164,3.150655916549433,5.954635471554749,0,0.0
24.583664994222303,81.4643338765257,56.61098065020902,448.291244204864,2.144368496305659,5.5941799108548835,0,0.0
29.21473463981806,76.48434028971526,74.5310826729393,60.06498984343045,1.040899348773461,5.758834429595753,0,0.0
25.5145681558291,50.47141930694668,47.454027414338086,133.80140150141372,2.608460271534626,5.504110739159188,0,0.0
29.019968969733384,87.44408124497319,79.26377331838647,509.9208946848939,2.6919077297949126,6.748525420366785,0,0.0
19.04458693222339,43.03905843147017,55.56872392108998,234.75076001957927,2.379405741692083,6.440662743864367,0,0.0
31.833296843277864,84.91398537718975,29.63323655853047,877.598294141447,1.5310382521178914,6.355853966129827,1,3.0550145162204294
33.988567198949845,55.2221724495187,31.400557689875136,173.29248645949514,2.2056950683901633,6.493072381831245,1,2.7899163465187296
29.029011564709563,65.00740415821997,62.966662135355065,20.12263184851626,2.000318625613768,6.48039748750235,0,0.0
34.22762079059979,61.11759363503673,23.023867654602906,447.56376939106036,3.4367151846098145,6.348249911283542,1,4.0464198518095635
20.574349344289377,48.59172784584581,48.82049457333361,986.1631106082555,3.061696086889845,6.763615068503003,0,0.0
26.116075221166014,57.90734332008466,28.893146588210996,633.8725263064764,2.904749012718037,6.1614205150544805,1,3.1660280117683506
28.230714477072603,49.64672181463976,45.9931181106707,354.02972126192446,1.4526842575004077,6.707214170646585,1,0.601032283399395
27.889523006160175,50.19432377302619,64.99504532430316,16.868011467858324,1.8276000435530415,6.679950527023365,0,0.0
24.824850244513733,49.352841801319016,47.52877569448605,484.9484397422268,1.9492795889230505,5.799257253781534,0,0.0
23.747434959226442,64.45086901732971,29.80706653885562,206.46600213843024,2.2315688307511987,6.180645069422239,1,3.028940019171657
20.15600838335712,79.89656837556578,35.11552222139855,647.7540854466461,1.0755612801636785,6.752398335942791,0,0.0
24.65962165955873,68.44850168806205,42.052375319130945,583.0084937313013,2.4825230701866285,6.746282787793724,0,0.0
20.765233856793248,84.6603294275421,24.173671009184883,265.2137753871849,1.8946413599302658,5.536009843311753,1,3.8739493486222676
30.484216500367715,71.82722442883622,55.060258164867314,68.88273421867164,2.4041928635647873,5.834575183644381,0,0.0
21.55012590340803,74.46700578163022,56.452027476683014,755.0191980403347,1.0224459606417673,6.135811594981183,0,0.0
18.995610189837077,73.38036148635015,23.729115627954048,585.4640945929423,1.8035828474938091,5.570731530001164,1,3.9406326558068927
27.390224342892985,62.472959659187055,44.13867927044972,842.1262495086283,2.9216651400324722,5.89093693434204,0,0.0
28.118905456229825,74.46694111000414,44.8400409730835,259.8000156367163,2.2527038813176006,5.887449758322636,1,0.7739938540374754
32.82252204176859,43.48538732344806,40.029174113156074,652.8620647804121,2.9722183208640955,5.82185257298123,1,1.4956238830265889
27.808687411100593,82.99257359578316,53.46438441986671,118.68050052868495,2.7474009812934668,6.094988468022709,0,0.0
23.87317451329858,78.89060717219587,40.75744940360671,291.8099079168437,3.1373014378774426,6.719516160876466,0,0.0
31.65120198594745,52.261497911583945,44.98455676866836,656.5391118773696,1.018608971380434,5.866170461860868,1,0.7523164846997457
27.18474118418616,78.40162271270412,67.85141284649634,825.5813051447931,1.6533137296109848,6.373100967986899,0,0.0
19.34776483873026,40.632130070000926,29.726561325812085,320.9255017433469,2.3720043165027036,6.336367090424445,1,3.041015801128187
27.619459525325194,50.862328624044025,57.14688171820525,798.8535565565013,3.352545191630456,6.726886124356248,0,0.0
33.43631527216826,43.2568619335448,50.33566410145073,677.7524602732825,2.699475450331348,6.090999108299273,0,0.0
24.73731463346975,79.01134583089473,38.304298248760944,348.67477150759987,2.1414719657046213,5.835352927201779,0,0.0
23.037538632296602,77.79370755891935,63.65207938942464,876.3969377444392,1.3253533262692077,6.837280973477188,0,0.0
20.43898076930634,80.68180119009153,53.071301572468876,509.2290660354312,2.2330383868936305,6.749420594630172,0,0.0
20.574573872901073,40.22408466627644,48.64169161764172,648.2468225460823,2.1027174311401655,6.432255519410868,0,0.0
25.357115233810923,65.0616363339204,60.060158886272006,495.6313419034801,2.9461081867217547,5.639859064185161,0,0.0
28.126557010746,75.24180987586684,68.13741847888164,452.719960490768,2.0333716012413703,5.524176743819852,0,0.0
19.37046188788323,47.770056436950775,78.36012740201457,847.9777172388564,1.7970951870833325,5.773936931711994,0,0.0
33.97266601342782,72.48953637563123,57.76102210258241,294.70441503862577,1.2242992061720521,5.794957837654756,0,0.0
30.83727149656833,44.20550496548429,72.46639912402298,36.62922236372468,1.116252659813417,5.704371126232127,0,0.0
27.972606610822265,49.06629280521566,20.065492461377417,879.7826435449612,2.0978360688059423,5.893272056952555,1,4.490176130793388
32.08345740596285,63.78984074973005,51.81414156355348,825.0239530511831,1.8671549487554617,6.006832841884542,0,0.0
19.363174865805927,72.6782576340551,32.878852926211884,366.5604745696127,2.3883104237821478,6.631657599559285,1,2.5681720610682173
26.106260921463114,47.29345634769481,25.65154742498823,185.45113870521124,2.77982109278767,6.564283207954249,1,3.6522678862517655
28.711583156648278,49.2611665415469,51.91826102386352,675.5336430484709,1.1000170339345074,5.656568982540993,0,0.0
32.087099404010914,50.22231835328315,64.80959036894563,78.76090363563925,2.2405427742570385,6.965660460300663,0,0.0
31.31898252083755,51.93504023494892,44.73635134846278,423.75475553880847,3.154929735454949,6.628208881255427,1,0.7895472977305825
22.710177245127795,51.32769242631456,60.20644696066609,85.86232154003115,2.1379164653508207,5.745149889130021,0,0.0
33.99496288250647,59.75745542488184,49.38315523045699,597.9096753287628,2.303105527376936,5.686744856394943,1,0.09252671543145112
20.113879304324797,72.68948254183614,46.22515195756556,27.20838380962998,2.21697960179169,5.631320329390774,0,0.0
32.87727151655959,61.90158915672348,37.41539842615164,629.2383756343116,1.9744822962085258,6.597682999988414,1,1.8876902360772538
34.50598424327852,78.79869543749442,42.95561087006027,673.2055732893965,1.275298809808431,5.854429840708493,1,1.0566583694909595
21.011609894784634,75.96342529743075,40.98773784766567,487.1444746251511,1.3158905392063165,5.609451992774831,0,0.0
30.27512309146435,46.326345702453786,58.77123104089289,175.00732929761188,1.4477231043442333,6.13274141414221,0,0.0
18.684853819225975,42.4420811660372,26.961110676748373,101.39393862720725,2.9814116022441373,6.5630476471006105,1,3.455833398487744
24.892188027365634,83.89707819998031,25.55818212126836,313.2923481370032,1.688330751404283,5.956834623769231,1,3.6662726818097457
26.77681608636046,43.991553328143674,59.600779652507626,465.20667960001236,3.3703094544385266,6.223968358626973,0,0.0
27.87096884046378,47.416959035985656,52.77788419273284,642.2083168448445,3.0254254163415726,5.789012452285063,0,0.0
33.910933220225516,41.1066637779059,45.812005804559455,1.250127518499622,2.711351670496703,6.143722781306878,1,0.6281991293160818
29.42826168400131,71.41681826493269,29.14657306447421,711.0639192353632,2.8009840734893503,6.038413347137697,1,3.128014040328868
26.181725170727027,69.11852815791742,44.66162671215869,712.7119321252765,1.119080521695878,6.150877622781258,0,0.0
31.76447561652012,89.34518332176279,67.3839057992007,444.53780649249984,2.420973417466363,6.198567398271866,0,0.0
34.159057956224956,84.3466198158586,73.37727414735542,343.40644574795175,3.3526422748043245,5.638448262563383,0,0.0
18.375124527598945,60.542158874045484,62.15459419785321,842.3085646703587,1.0977754584812724,5.64005252840577,0,0.0
34.70286162835266,58.57929204562675,23.594730552852848,784.587482031228,1.7275412962838503,5.890915875782367,1,3.9607904170720727
19.464246364082566,54.84260171399926,60.22458659606711,983.276088517724,1.1287787303348384,5.6736375311738225,0,0.0
31.844575247568944,47.62034600189407,34.45913537277767,371.93080533895204,2.424353944665414,5.879176470471144,1,2.331129694083349
22.765690793374013,46.90418283010045,38.91507458158431,906.8326048570984,1.2905015679263225,5.536815975375791,0,0.0
20.24705418181582,46.614185400480274,31.752392477599074,87.40188589295228,2.198125390560998,6.026109116128407,1,2.737141128360139
25.477545875135192,45.705737859338925,66.54534743721229,411.46606625085224,2.7998735919688618,5.82011529931505,0,0.0
28.94726185060943,52.025602120276844,58.91612735823674,465.374118748659,1.411096337338669,6.83821952481679,0,0.0
24.476181365399075,55.33343151565582,56.71010327595085,440.8743162034582,2.888411092695677,6.787236392193326,0,0.0
18.927611940805882,88.07894855194579,60.078356580156566,625.0981884311237,1.1505111548747466,5.950628259900573,0,0.0
28.190839374198184,68.92366255009429,34.206335684234205,170.20783883816893,1.3740612006424917,6.213227671776541,1,2.3690496473648692
33.34085569388147,89.37978872566404,46.678664859521696,866.452171726252,1.7002759079555587,6.933688158117553,1,0.4982002710717456
24.514661221103278,58.62334739128366,57.99522329293935,551.7640185396393,2.990247668530218,6.286144560458258,0,0.0
21.67765721972406,62.88133162947205,58.19564165709802,904.2095480132643,3.125342222808502,6.772649905551998,0,0.0
25.523814880857863,56.228932958263954,67.51111176530783,2.631644021484747,1.5509495359155927,6.7395621652195326,0,0.0
18.822166087829274,49.144382544827636,37.22623800128663,629.9881135929965,1.2394595638137402,6.91193345814657,0,0.0
31.948288936164673,47.15823538887896,66.22016730180934,412.4578468548329,3.119884455868129,5.958550964738495,0,0.0
32.04779378615318,87.2539598903916,46.411068837016145,505.0990617494575,2.6234185938052677,5.565168514370551,1,0.5383396744475781
27.996007878303683,89.34053408993779,60.210361523536086,743.8045107802853,1.3946385909967034,5.655930600619833,0,0.0
24.00274911195262,42.245474825436574,47.34316280391721,227.1517483366896,2.3942919628768813,6.356946278367914,0,0.0
31.596317195578315,47.51729373658833,76.9166101874566,204.89943521438803,3.1809285822138373,6.2954169582411295,0,0.0
27.42967942140224,61.176204615051134,30.758135884498667,703.007817737143,1.1737873551294076,5.947679549761068,1,2.8862796173252
32.04084924535027,49.31667381722036,60.50030531494143,521.3657589441801,1.2093030841207004,5.873069946098989,0,0.0
28.73479947391135,58.194019681344166,54.592100046089534,233.63909806169036,1.6840194016564203,6.564072144419422,0,0.0
31.33489304461755,46.45481749298167,30.363862456864677,484.0186346694154,2.6306558139966416,6.010754308003889,1,2.945420631470298
28.17557088470192,62.82558783608951,23.960380148700075,459.5584057771596,1.4450212736764962,6.405927678899207,1,3.9059429776949885
25.040398159666324,53.584730808462965,67.94866333829981,691.4444274153116,3.040918010792911,6.568440379762416,0,0.0
34.285079618744334,57.59525278793304,29.44708001877591,2.6611036192794035,2.8760754419874006,6.145698065949716,1,3.0829379971836133
27.19893502294036,44.71563257313738,31.19040096714656,586.760265771483,2.4025121340699513,5.790109398214842,1,2.821439854928016
28.286521815189154,61.406402535507084,78.70605343934236,605.6781505122755,1.290169260925858,6.791170241580701,0,0.0
21.748289870050737,89.16288054807849,63.035651088597845,745.5101371879198,3.4705495707804945,5.640296423873197,0,0.0
28.6360634202637,56.44165234405952,35.02921049607335,889.2304660354491,2.2250840739070625,6.744206024385649,1,2.2456184255889977
27.717330041210047,83.82146374212175,55.45693760909607,440.1897971116888,2.1301828696681993,6.755019364221403,0,0.0
21.142252765099425,82.15995708118426,52.0467103041508,342.5202243088844,3.488922699168289,6.356498897828123,0,0.0
19.012980655003442,87.60292091486053,70.66839605083085,102.32037751128631,3.15967065867834,6.444214077135443,0,0.0
28.274108435151106,79.50547561335472,63.75924486995746,336.83584489323306,2.1409193350787032,6.037025591626614,0,0.0
30.98276857895545,72.97984135294075,69.90326752959115,68.48466444440771,2.0470074648406804,6.762376333189634,0,0.0
26.897823305674137,82.82922221137288,32.690395278641745,802.8202053414548,1.2397734564174652,5.895555528342084,1,2.596440708203738
21.855134630433977,43.78223403286748,58.41315226202031,807.0061478458365,3.316279365972699,6.339664095517172,0,0.0
29.330873603781594,63.14153285994039,22.414451505102818,417.2376572947781,3.109437119297995,5.502692253190083,1,4.137832274234577
19.36179735236324,89.46281193075293,24.136436736753204,259.64123387649084,1.7750062321997773,6.909764658882779,1,3.8795344894870194
25.51117298163323,78.48000756473661,62.81162196227584,118.02007545227178,2.8833032189219434,6.922444786315111,0,0.0
20.777234892773144,88.10376890186114,21.46520615863588,851.2371660218464,2.9068235656848107,6.565625027720596,1,4.2802190762046175
21.135803868018016,78.98171780667396,54.78590053403055,877.4952783854053,1.5697767930665374,6.134859747784873,0,0.0
21.438997135689462,83.7440983721072,70.4243059066718,266.28961458981405,2.534138674846708,5.7679166520574645,0,0.0
24.574019969747624,75.32648161515955,42.79650850508172,621.7605484677637,1.6375720085305283,6.238694329060507,0,0.0
18.86955349554676,78.02510022086199,22.69042621039477,258.65366479038863,2.9747151298397787,6.687115708520856,1,4.096436068440784
24.76248849579467,66.15890049197503,62.83084697772361,225.1266271435788,1.384524256207285,6.407910432766039,0,0.0
26.699026600949914,86.21188504070665,75.78118714784905,21.208050631415286,2.6722649967181935,6.291244857176138,0,0.0
26.21600284442753,81.25194553116808,63.030283523496074,577.1594175860624,1.8150292791294032,6.774166319990021,0,0.0
24.50732970685169,82.19424828328161,54.706834580166515,149.94154318555718,1.090455143838171,5.969700903864057,0,0.0
32.265492337202794,73.65045504815262,33.8017297927436,12.371182866931951,1.3092616105272328,6.78994595536197,1,2.4297405310884597
20.47055377114857,55.22899735436245,20.92253744266982,104.85116433681729,2.637247845458985,6.1591801041074214,1,4.3616193835995265
26.596844644283358,41.78148976950697,61.68032650874319,313.7691915878138,1.599785758054956,5.503620747011484,0,0.0
19.054704088261424,86.78275647047722,33.861570550657575,669.1631901117116,2.577588431461679,6.597913011550103,1,2.420764417401364
19.209646540924467,69.30601744027484,71.48976063094145,202.62305333212515,2.037055415003217,6.816765076967791,0,0.0
27.75571944451064,54.90714855740701,47.98184712995668,887.5905625316718,2.731783659690617,6.226541258528907,0,0.0
27.622313223092956,47.45675539237689,51.838134942347374,288.48841038295,2.2323715554637005,6.182121803732658,0,0.0
32.926569718355765,81.47615827503773,65.236192655982,331.22628942365,1.7713677429029275,6.708172638296478,0,0.0
27.483852486221245,81.82600972237894,66.76583646820059,217.9771799519773,1.3645479496440047,6.827162120434202,0,0.0
34.316447346882455,80.72539840652658,58.55904998483409,253.80533707183838,1.8527456310532004,6.961630158684669,0,0.0
18.827812422798807,72.2541345983393,76.30590892476458,74.13511455314182,2.587235194816883,6.0184754366808875,0,0.0
19.6661306412726,58.300769379593795,78.93790617922517,294.7705787161895,2.8511837629935886,6.392033150102477,0,0.0
18.749119646696485,55.20351423901285,76.813126662477,859.617459600623,1.4008491870999764,6.7343775173069504,0,0.0
21.14970645567018,40.42773850590851,69.45075112063661,688.4245413956133,2.6606810222202926,6.29777788528531,0,0.0
27.20159188600853,81.68037793441201,62.33751321465509,875.2682038656166,1.4481987741287807,6.192779999789025,0,0.0
28.974727084266277,44.37163487468212,59.79955147290005,104.85901437935664,1.5545483587249587,6.3578981217876045,0,0.0
18.77494768512737,71.53774990203839,26.225010615232033,455.6166308421591,2.3282931007000376,6.035300498900952,1,3.566248407715195
34.08150512737519,65.20374734200442,36.28906080914675,229.25487298011504,1.723005754940187,5.7881141411449315,1,2.056640878627988
32.31681140305648,66.33446794631756,20.34129341176262,721.2155905561481,2.653988603091216,5.599946670114828,1,4.448805988235606
23.042412196670583,86.33564226538866,28.244592214039514,970.2378247258905,3.3894415606038457,6.414971146670791,1,3.2633111678940727
19.312188013849955,41.580750563562106,46.3537686301513,815.3594790502879,1.3722305033434856,6.068701542222992,0,0.0
20.888080244723973,78.66961123143861,28.7921930473444,35.27816675100637,2.4262770807735414,6.824429504879154,1,3.1811710428983395
20.158055033834536,42.602619918365356,74.09980488060548,316.65969464423415,3.308247956682982,5.834438768653516,0,0.0
20.095824248082096,41.90768029676886,68.34195112011692,28.579690450523554,1.441322441629031,5.966067475013368,0,0.0
26.815548707317475,61.490884907069095,24.296714725371093,40.16696693098554,1.9171272584621453,6.955759354340365,1,3.8554927911943357
22.179406522387804,43.153758717148335,34.93482292803596,79.51530416441388,1.309042087474468,6.334436807072537,1,2.2597765607946054
24.088375180995456,79.45719756464561,69.14431307669054,276.3269289705619,2.605094295784871,6.020129564273976,0,0.0
34.821590667533485,66.47815468241686,68.18276759359242,304.20276763813115,2.672857319236753,6.791341485712741,0,0.0
29.63334223173086,41.45193913298872,76.72703300706732,400.4535132348882,2.660455798589093,6.61506263430293,0,0.0
34.132671339799025,42.02503432409598,79.85286569704161,404.93109446629614,2.3553176209083633,6.359714400873894,0,0.0
20.423461435562963,70.63342648697397,78.57620379446732,771.409011843181,2.8656521694944304,6.833649536358144,0,0.0
24.49637107215368,80.30559088292024,44.60827914328649,141.40324357889978,1.0896932409499493,5.640942286611421,0,0.0
27.430440655800023,61.88997656373868,35.01970662812194,157.7406158042577,3.3937837186132653,6.091740915294863,0,0.0
19.304887052108548,67.72903357678122,65.50461142562375,626.589051672234,1.5552405198233836,6.715825155738585,0,0.0
18.071186541675285,79.99147270249509,37.95637356464185,571.7421521924966,1.3039049217293586,6.078914490984492,0,0.0
29.397383674547598,70.52530870209097,68.38402160787979,154.00470548211243,3.3528401073548286,6.8901047901426224,0,0.0
28.9109317856244,51.238011882940974,52.03728382387546,852.2644268539191,3.076092290903958,5.728781692071768,0,0.0
24.9834097699934,70.65260129347394,67.63563651409723,329.05941410120744,2.9121760482292003,6.004955959349908,0,0.0
26.323949292544555,71.41397295326068,36.55279278302063,366.9673485444862,1.261864272347454,6.13861384322397,0,0.0
25.062531010065523,76.70534904405633,50.48163893322925,420.4600808345885,3.0188230341904143,6.530443129404947,0,0.0
18.40808576236311,71.04370937784006,53.84142761613092,322.7018707389357,2.5225588075244567,5.793024223138276,0,0.0
23.70131730569686,88.4621065229019,76.58648406320793,557.4550522726265,2.8297715275296125,5.5147957530698335,0,0.0
21.010398341753927,49.864415435853424,35.99585460982504,388.6477231581985,3.445175699545981,6.964763971280839,0,0.0
19.673211214723267,87.55453397835382,76.20129435709367,259.4347259452876,1.4861029427950005,6.848135648343776,0,0.0
34.264247376118945,66.91697451750082,68.29153492794296,904.4748677107743,2.2609549020463255,5.950333128081637,0,0.0
28.189115325716816,73.5978070247456,63.85364324520172,308.35074014015476,2.8833798661477874,6.22522125982015,0,0.0
30.387156832022246,44.97307987260949,67.21221615110751,698.4889254688219,2.0841408769292458,6.233380315580555,0,0.0
23.361183635523997,59.02879706890535,56.325502752803416,347.2267703568962,1.1366327072955211,6.803838333439393,0,0.0
24.683501201398258,78.46895732315863,34.64480062774915,435.21998687747185,1.278597247188803,6.395590211719982,1,2.3032799058376274
22.027707896244298,75.34555075494951,31.369698130391164,235.94352340133162,2.505229931364057,6.739646534136805,1,2.794545280441325
19.64841640641222,42.00696940827051,71.98048615102343,752.3296193872542,1.7125103659768914,6.867991227017574,0,0.0
21.043537836506925,67.32971317486223,63.508364155749994,737.2032514262531,1.3446016182564835,6.348929697568897,0,0.0
31.55773877004026,44.41390964842047,32.79225696565695,22.23994580810018,1.8497299938114562,5.928223701608059,1,2.581161455151458
29.51827868812419,89.79282145890812,56.905601952464096,60.19404030129183,1.5024523301119639,6.248061708764468,0,0.0
27.29779089175311,84.86482942666473,46.852788884853425,922.3764547449396,1.059848666436936,6.776304413086276,0,0.0
26.076527838735057,41.05403302142685,29.519310197785636,888.8268472378508,1.3795349714179153,6.375428761597384,1,3.0721034703321544
33.68138282215412,82.93247894513155,51.91142656142986,506.0871927785303,3.207694902294181,6.843582860101241,0,0.0
19.236494112237363,85.97148002792038,36.89114554798503,493.3573915583365,1.0300932062567902,6.843154013922971,0,0.0
22.77021382504457,57.67741112817275,25.774647449454292,812.4241743837925,2.934625758985239,6.060039430069507,1,3.633802882581856
23.94894351070214,75.97508275238829,48.01749791272465,138.450146884879,2.883652764678959,6.172170843394118,0,0.0
31.301238807617395,62.10518731038894,55.406513125613714,653.699121345959,2.4105942208974733,6.5168706403614545,0,0.0
34.87274854275351,72.7616242288172,22.81438462286903,475.98299448725953,1.5211194142709266,5.666596682819485,1,4.077842306569645
22.0913987508716,57.01587021490957,44.12556496465981,743.3310293156229,3.1951480607505793,6.198335826158134,0,0.0
32.86322468033037,56.12796183166341,35.459715190201116,30.10279131199045,2.187688921984858,5.724078167714709,1,2.1810427214698325
32.120586927340455,61.221694442878956,21.839035442433946,592.7255497239386,1.4330155726193385,6.771934276189549,1,4.224144683634908
21.81917575991003,47.27838793262506,27.539752976690348,556.7282152155576,2.0725564812230655,6.914176646151484,1,3.3690370534964478
24.788653863386784,81.55694822176913,28.342049529102653,840.8483295891854,1.4872930693606317,5.712323313297188,1,3.248692570634602
24.964438777972823,57.43489476808183,30.97245488707827,676.8362975550278,1.9400196028248113,6.501012138093834,1,2.8541317669382593
34.62975136495149,60.00747769529226,68.20265428627528,880.1603583956376,2.2417194275253007,6.454814843647772,0,0.0
21.075162323441273,84.70273063510723,46.36951198868835,887.2733216425589,1.8997522242551248,6.640112201551993,0,0.0
31.585685508781296,64.83119070315857,28.82515953622321,408.16400089971785,2.6426106851817526,6.543669479308099,1,3.176226069566518
23.68127614094287,67.21269546754314,26.017818015673356,137.43413375181314,3.339794510221096,5.825693552973095,1,3.5973272976489965
30.42479587819473,87.82490623885492,37.87642752374234,630.283655822188,1.8703733691174087,5.936818981367982,1,1.8185358714386484
25.14018707302627,84.33631915724946,67.88093112226713,873.7460984085103,1.8893487845912142,5.747848323502159,0,0.0
27.83211597298118,48.47333544442198,41.86759087637861,74.95334419476075,2.8457561765056636,6.881715998592512,0,0.0
32.15440014654423,63.66075149590525,29.593841617636286,557.9232730846642,2.326477328802712,6.282735197678477,1,3.060923757354557
31.670814604726033,88.56481137142728,44.246970892769596,114.99952665982394,2.072098599051853,6.964241728121388,1,0.8629543660845606
32.7291941201749,58.61831491143013,53.31869343722345,26.995991755201953,3.0345204711412563,6.173982777149264,0,0.0
19.013494530859205,58.57865542581,21.77505101828083,679.6353539408335,3.227590167978528,6.329084756864193,1,4.233742347257875
29.764859401675665,49.75151158945772,57.658508086410386,681.8496118721639,2.4764665151179592,6.683940882994712,0,0.0
20.379785404269967,45.71615570595626,43.70604518088736,600.658044996362,1.4627581818887652,6.695835489732951,0,0.0
25.06891565631299,77.01523953779909,20.583552507871662,859.2228039017972,2.1657147225049447,5.8467243884484,1,4.41246712381925
27.326003055929704,78.50152343507582,60.433363936782854,80.87643979347835,2.2609266553703353,5.932424299194657,0,0.0
24.84657124069612,88.45064817515,62.74325813375889,105.26026169875935,2.0805183927771487,5.646710256321309,0,0.0
26.833398488651127,78.67091054526816,57.73038731352097,864.5354379794472,1.6560796971634608,6.708196752362973,0,0.0
34.940947249576524,52.167624701679934,40.51581305590533,503.2767198862631,2.1808045193096364,6.690792282540013,1,1.4226280416141999
20.29869433311853,42.00582891442577,51.77629124395767,273.05280883823724,2.116365380244224,5.621888212237906,0,0.0
29.482752770719234,89.271869218483,43.229462368006125,738.1569779852873,1.5237338098798467,5.886148886027611,1,1.0155806447990812
24.732016428555458,57.02253477718028,62.037303809581665,894.403722604402,3.2585766308401625,6.174800515144257,0,0.0
20.26116658142459,55.598577121621034,55.01481117402132,689.6032862029622,3.21335237711867,6.31266841537437,0,0.0
20.698524977363263,85.29776048746913,24.907946829646985,791.932596678449,2.8990410711264745,6.283816328595465,1,3.763807975552952
34.13764280617549,69.2549949272493,58.585613493139846,282.4972401951925,2.002366444030703,6.974612931541204,0,0.0
32.95322544409996,50.74355869245673,61.23430486026809,288.7753594105424,1.925854769730339,6.646188174708843,0,0.0
33.41971332705537,84.45481213581198,42.24213083688196,864.1238803546324,2.7911634434899115,5.669781733332784,1,1.1636803744677056
34.85605718906557,89.66804275273716,72.54714685758226,614.8628486552153,2.520298087507672,5.940253566911636,0,0.0
21.541361630144806,44.333928057541534,70.58086129069775,234.16275167373647,2.5014958098668947,6.0181408549702144,0,0.0
24.04246873518905,83.11258141512437,30.509991433984272,524.1618154622122,1.3102788187371417,5.972722101176157,1,2.923501284902359
29.376723508722733,59.5257848842197,74.25597850915211,685.8604714722493,2.545709450738621,6.678918484712989,0,0.0
26.224643177631002,66.20362232533522,46.45234228970465,218.549081250788,3.254657527808414,6.0408418980835705,0,0.0
25.11262206743167,85.74079878824904,63.4249791580576,654.9064082077359,1.2145411766760836,6.2386400786327645,0,0.0
24.08279123870508,88.66895978875587,68.84582041803415,42.144849817767785,1.8479282476769683,6.300181251764028,0,0.0
28.094270743038688,53.10819552043997,50.306745264181394,303.6916230041612,2.272535728617681,5.905635509932462,0,0.0
27.785088286881393,50.64253854799569,43.946116362248944,673.9718117261148,2.7150237370787176,5.9840436951704605,0,0.0
20.74478317909208,44.02582792957559,74.9270821169059,149.34906548990156,1.224087323890628,6.6699963532311,0,0.0
26.019577237813465,68.0898926331069,33.85121317612539,222.1990306424989,3.1820154832221106,6.800024445859668,1,2.4223180235811914
27.40902019556745,40.68021977253341,35.41820466314867,879.0932903583894,1.1013640510203786,5.555620154060067,0,0.0
27.694877958433636,60.59491488049683,41.69721884080623,674.3210994316084,3.1442241670181064,6.407731840562995,0,0.0
21.57182227950998,43.669200832600424,71.56794667823394,498.91871025667376,1.069129389663138,6.45015326766143,0,0.0
30.618613668288873,60.261289146466694,76.32729585278456,210.89339212745227,1.3838082608183893,6.605963802321295,0,0.0
18.428384611958183,41.996609463280464,33.20406288529171,341.4096565822581,3.0008095678841835,6.54077015981789,1,2.519390567206243
24.032141544233767,81.76086303043844,71.83220885787472,574.3304982873592,3.150411093009446,6.8161367367449825,0,0.0
31.26361502510577,50.48694969692829,35.49217756811416,155.31259390466846,3.455664573215564,5.617708468377423,1,2.1761733647828763
27.58617965794184,56.4154355178956,78.23847480499327,481.7440798981889,1.289287070859188,6.082558357794554,0,0.0
22.439761352684624,83.5023998303196,55.84447351889494,408.9743941380224,2.316127790226579,6.6731341722102595,0,0.0
29.814203028831813,77.31330306661025,20.425188046842944,476.68734142761826,1.1928895663492263,6.7698700178916384,1,4.436221792973559
27.645646050653248,50.95191808210292,22.047794244270673,105.56082128029942,1.391019064909624,5.897152657420987,1,4.192830863359399
31.53614136075858,43.5949709328748,28.849071848282506,106.49708704502858,1.4362346447659082,6.377926066060213,1,3.172639222757624
30.495428165226997,75.78368884276698,31.254389469125403,964.1109527463213,1.1584706286477136,5.771147523226457,1,2.8118415796311895
28.37183467461599,59.53512753440546,66.0571473695958,979.3677337247686,3.2324495148208428,6.7763415247738745,0,0.0
26.299020480283836,78.30399995591105,33.36595258501699,426.1646579118182,1.3158887950358995,6.5956452235765575,1,2.4951071122474513
20.2640961363479,62.26473861876052,78.14849720299159,788.9954536508374,2.5733521075308095,5.833097618498707,0,0.0
22.442661304051523,57.30012064861382,58.1667234321763,655.7914269230769,2.564367661407853,6.435659729223384,0,0.0
25.12469103959045,62.56027041061982,61.55105055521106,116.91685461838897,1.4966130134155304,6.263980563997808,0,0.0
28.188087879108608,77.42794928353383,33.06899115711245,296.6786573346978,3.496028153089453,5.888240096824442,1,2.5396513264331326
26.73303353866018,85.11101432701871,73.56237884570508,313.6514086445205,1.8684194329897157,6.839683902219114,0,0.0
22.899136941312,42.488359829428774,60.06887436919588,595.7744348592239,3.2627359274084866,5.721758946542251,0,0.0
18.10989408242508,66.20557706134775,71.86433746051183,579.97671231447,3.3707118306343626,6.201189703973024,0,0.0
26.436066772313836,41.64177145419388,77.38886583387361,923.5086937027555,3.372472035749241,6.374197426976507,0,0.0
22.855641805558133,63.42047725121793,27.538458626575785,790.036313976274,2.8820939690043073,6.735318469490584,1,3.369231206013632
30.488341112079098,84.26414145484502,25.79523381613674,856.8476646029737,1.6345125132799576,5.725269868551376,1,3.630714927579489
18.40708650959822,58.07951332101548,68.20446959537814,891.2286136110093,1.301638379525645,6.41376191229769,0,0.0
27.942072792198445,86.62252105403216,71.96756354565022,801.2766725549803,2.4247124428855544,5.509839615842278,0,0.0
34.00506203760311,71.53042358253047,55.02568525267914,332.8812610571077,1.9000978277425262,6.733871971351647,0,0.0
20.96495754089549,86.70776718965033,41.96003286503124,215.01297133450004,3.0775975295480613,5.852098673713422,0,0.0
26.01804134276012,77.85833127062598,59.157778164513424,571.767338021047,2.8624751315418786,6.581372970926566,0,0.0
19.55417386089135,45.17175833243812,38.33984435554744,689.5683164533187,1.691170740433529,6.402816683942218,0,0.0
28.636592508442995,51.55756837813385,34.30314152920809,386.5679689631658,1.042538084224322,5.575191074436561,1,2.3545287706187863
27.359038570135837,59.708522729175314,49.28871257163593,848.3386499645103,1.59328939737728,5.774845024107083,0,0.0
24.92521391161815,48.5053441006038,32.96922965638278,960.5665928179834,2.417788960605666,5.901611043831578,1,2.554615551542583
26.8634093650536,64.74558023883303,49.022216498910375,569.395726137352,1.1974936805314853,6.830091531984065,0,0.0
33.24176919397317,63.56840778507453,77.39639032781432,456.59206221621827,2.645681499291537,6.221205083008931,0,0.0
21.33700313928814,87.81295990136906,70.38704213704344,842.887116942518,2.6792407119307495,6.87025482715796,0,0.0
18.383596698990903,61.68639414479888,76.49785517000134,24.269546989386658,1.4234848058996976,5.571174850812211,0,0.0
32.648303039884716,79.28134021439989,68.3797384908415,129.01261583424807,2.490795585213577,5.509845810574176,0,0.0
27.81099040059441,87.095527242574,41.285056156776605,845.6576590062677,2.5174285699030845,6.922369931057988,0,0.0
33.14119374285132,83.84944154869928,68.72271431309355,732.0285856479925,2.1949453658851352,6.585875360051178,0,0.0
28.148068798023935,50.433381225579595,75.37494461319284,416.13669820432597,3.383114518822185,6.67497519732048,0,0.0
31.772738529314942,64.80149471267721,76.82214727022327,888.851857724405,1.270407950746249,6.873708421152518,0,0.0
25.304447177037517,57.386989114796286,60.99187104109982,351.4582876453871,2.0165641717572997,6.976808038447744,0,0.0
30.747618831900567,59.99293475686078,32.68199862890679,633.8453578669174,3.2073019306329025,5.646568251867954,1,2.5977002056639815
33.52170493712755,58.040341312287566,22.38374920188145,634.334470325916,1.9657850436490234,5.737437016183159,1,4.142437619717782
27.72609038327751,81.3179605087502,28.832013689609347,184.3318926142362,2.061599022513337,5.782860173430717,1,3.175197946558598
21.073347559560453,62.60695275612237,77.93281507363673,284.851736164058,2.670684701092382,6.7276264881783,0,0.0
22.56955945551337,66.18471661223441,47.725809451566164,916.0069226960858,2.6639088739489547,6.0333248697988715,0,0.0
21.3769578072559,89.12236785235373,71.29916088992346,183.41485379341705,1.0572548960969135,6.389907170849403,0,0.0
22.19656946912746,42.998963609575824,47.90264921349747,173.5746218476245,2.1392435652823845,6.782832868002221,0,0.0
23.20906263896762,64.39788198953744,59.64905500759036,479.615473733874,1.8337796117460237,6.524739759631755,0,0.0
27.437274374804204,78.7030853473058,21.44844662734002,92.19736823784098,2.5692381178669654,5.598123090960248,1,4.282733005898997
27.995857700885157,47.55809790941133,34.99189656316201,894.6261889843734,2.3892557892381787,6.168510785087236,1,2.2512155155256988
25.25049570311164,70.5765797307387,46.176156802555354,100.14913831247108,2.6271540677842444,5.601250077410932,0,0.0
28.462153256954203,51.97323897672334,57.837862829249794,616.5574768407944,2.63441846626501,6.218265317028338,0,0.0
19.38677373539322,83.37020566122837,30.29127128319071,339.7818564453181,1.637179653269084,5.828954073089501,1,2.9563093075213933
19.49240002998872,56.35498327000396,65.8730878562294,804.2728854710338,1.6161619114229622,5.501962299287645,0,0.0
20.921100826080192,56.45314084504548,41.864282368174244,589.8107457675386,1.925705987557883,6.719727687688067,0,0.0
26.80731746668586,69.90969392589467,69.04611615403306,388.3061410794382,1.604896151341735,6.954074266604289,0,0.0
21.63790953787133,49.17814540599544,25.878145423704037,983.8729845448107,2.707020194546667,6.946199022656373,1,3.6182781864443943
22.815834859373815,54.24443194515305,60.785395260942316,66.23098846553066,2.5071649380611474,5.948777790644986,0,0.0
24.8053182149409,60.831592505970576,37.59969999239061,577.7863032306767,1.5409675166051253,6.743160415094264,0,0.0
31.801724108176458,57.68189315700552,67.72299044735708,989.568311544045,3.210262021999228,6.518165352122376,0,0.0
18.23565631051862,66.24386090027912,44.130225622544636,690.952643213017,2.1516565376778374,6.700114585449004,0,0.0
29.039439944022583,69.98200720344832,59.92097793581399,739.769631642193,1.3176330582291658,6.76935707239379,0,0.0
29.37090102769165,68.33337268750823,76.0583161181884,32.09114457948592,1.5324139702289552,6.9704181085769985,0,0.0
31.57714826606282,72.7084155995966,21.237597920825863,21.363163096962403,2.3496264078258635,5.727594456500567,1,4.31436031187612
33.85679996402533,55.38747583039101,20.667006940062418,36.11011198219283,1.8460600411389874,6.654619035976452,1,4.399948958990637
18.342343432137927,46.321311357751405,66.2167551306028,991.7239021762321,3.1280548414861706,6.6012304061230065,0,0.0
20.614322993724674,78.04037707155385,58.78358309048469,979.5197607408514,2.2368385185054254,5.931603756532776,0,0.0
33.064911998951885,82.5390191315341,37.578783230265955,334.50892576426185,3.288237001086009,6.088881333705173,1,1.8631825154601067
25.794815557179263,52.85031161112161,49.663802166455746,290.98181626582885,1.254566202345887,5.76513707151174,0,0.0
27.59804086186888,60.35459780790099,22.516139935932124,145.95874551784428,2.671482832486895,6.86990978962865,1,4.122579009610181
29.271462463293506,64.92846084817776,31.546736321674445,329.1402991647584,3.2144621308817225,6.819003587198907,1,2.7679895517488333
29.544132276425835,66.66634213764682,45.46978247163005,370.1499305472703,1.7323261888930508,6.421052521902133,1,0.6795326292554928
33.83958685638064,72.9745085543826,70.04266497328894,748.2828167590336,1.3392189907882202,6.26744499982706,0,0.0
34.94814009599838,42.08016166776607,48.780030971605086,866.2935529197348,2.141611844945495,5.8493325405751735,1,0.18299535425923708
30.242676835825982,76.07385413670085,55.18175027155872,746.7351197413881,3.4033355658190434,6.684405335544951,0,0.0
22.882760556487565,43.09855034897051,72.42522751962683,646.4751010955725,2.5836548137583013,5.512307368480588,0,0.0
32.95579083900384,63.4144283836434,38.52913481533072,765.900078088798,2.6099424275755982,6.194180037358072,1,1.7206297777003918
18.836755547192947,81.3835567784597,62.04195926612336,738.4974791518054,2.6787531363264714,6.790826765689536,0,0.0
21.928374498866436,62.56076566391981,71.7000355206952,475.74969373039477,1.0994034389844773,6.42772800164913,0,0.0
33.25555719688315,47.454487438412386,32.156942041770606,335.8514024613578,2.1141245033109812,6.452684262357443,1,2.6764586937344093
22.355255745469034,89.25169225029799,41.38868990886995,282.78071687759956,1.193930026104274,5.606061138429166,0,0.0
21.751068013569725,84.46427310371317,78.7886104333613,679.3554595127816,1.7896470734298844,5.930057094168858,0,0.0
20.348129983384204,78.5656816612507,78.99311388777267,959.3041244452252,3.053997560842194,6.510793308394273,0,0.0
32.60489987999758,60.57558014496052,33.393795817636274,581.0547189356301,2.640674874317573,5.574425951879624,1,2.4909306273545586
26.500990406248476,49.19228634446489,23.986750333557687,912.5265024722661,3.4889317468382877,5.996403630228452,1,3.901987449966347
29.47318445192063,87.07055907092507,36.25529667860317,14.22937097294752,1.4303860609316923,6.030916845339804,1,2.0617054982095238
22.064128529275504,66.61755632585695,43.863917438221236,794.4706467360057,1.992635590463558,6.248077583551365,0,0.0
30.88668715719068,82.61777301937425,46.46033605586982,853.6026579600796,3.024100540807336,6.043562878576996,1,0.5309495916195274
30.920094264355676,57.104750287971285,57.12837843982542,630.9938379436958,1.5392290059835603,6.181176306195855,0,0.0
23.3141664234411,56.76441585397353,73.97016560789278,934.0609993617296,1.3843046158228125,6.320496019668404,0,0.0
24.981604761174808,89.27702403370196,39.82088071442975,589.9129928812996,2.069031392484565,5.692521762304805,0,0.0
21.564734716313414,66.09165242474249,70.99907212995251,240.53690252674932,1.9593162253937537,5.770713122010996,0,0.0
34.60153739648938,47.034771193037315,25.608735255597615,215.71722944819427,3.450514852258379,6.748766491533517,1,3.6586897116603576
28.975243809992996,50.98373389973537,22.512481938392884,555.8362666927153,2.140628822566627,6.189651913704696,1,4.123127709241067
33.88724597216377,64.09721396963604,50.242710987407676,906.4839304962109,3.152365857756884,6.032728110769665,0,0.0
23.157554241695266,42.123545524420564,23.579733399836293,72.36794575507699,3.219913798084724,6.150822271272519,1,3.963039990024556
31.292145520947123,63.126699268915026,43.54938807405381,604.390512210911,1.3946792852360232,5.762227829217994,1,0.9675917888919287
31.019596946040615,60.947042104006385,73.80668701215407,769.8034729820246,2.7882620031211367,5.859770882128898,0,0.0
29.758146081731205,78.96681326597434,34.4889821724484,115.40206962356913,1.6940178480285084,6.273285313849802,1,2.3266526741327396
34.415862579535606,57.74709822446209,62.35854650749419,116.76969071201293,1.2368474206565738,6.038389744452196,0,0.0
24.690440713807362,89.12743807697997,38.14192354340401,366.1279966695881,3.1867622777539673,6.213184154507816,0,0.0
20.222194501025875,49.03849596504516,22.695203314528136,273.88117354971683,1.7310826024083785,5.724557009232309,1,4.09571950282078
29.419050607149032,69.54933424840675,53.40143488461856,198.31415889368975,1.8634141754770253,5.734702498484547,0,0.0
30.398266608112507,44.48496485041273,70.0912094322051,198.69417361134524,1.80997259129835,6.075914529448944,0,0.0
27.77602974879985,76.69319919969911,44.56810690055717,130.66903242483585,1.5007385573834247,6.068286449043095,0,0.0
21.515904183267736,89.73768440309857,57.03762958748522,610.8540130819524,2.08625845507156,6.824998515287181,0,0.0
26.575751008379044,80.95693188758162,74.00141585946355,688.125603584087,2.0707320520060994,5.550177071108226,0,0.0
23.3072255216752,67.78517703601506,67.38167076421927,702.9362268790445,2.0218790642779574,6.989283162478815,0,0.0
25.266930978833713,64.2370678699846,31.63258396356916,532.3539761386062,3.290744367891448,6.934784588839753,1,2.755112405464626
28.968715789359287,81.75149806334235,64.00303756190036,952.9062696655667,1.8493790717395284,6.313376425986995,0,0.0
30.668650625744185,86.7987042355362,50.11358150960912,880.5327775900657,1.0759472708603917,6.578136642932541,0,0.0
21.947819745322832,89.46032628990466,64.75800847316509,957.63114266628,1.4460925156019409,6.902881986222618,0,0.0
24.890531130998205,59.826961378224205,49.67093303133309,388.79547812717794,2.8037426914336843,5.876790858780381,0,0.0
22.575746706857696,89.54587373972561,27.67748984649817,877.7831599550246,2.477146515786278,5.973445912096163,1,3.3483765230252747
21.376737435651776,47.79631260869157,54.19456680135435,762.8746994068838,3.3793370093529638,5.6663870250971735,0,0.0
31.31758273992925,52.67748879659546,49.52803954384039,339.9729030340131,2.736087767977208,6.345769175987582,1,0.07079406842394106
33.45729580542887,44.45080623669481,51.075304018486506,106.5932585042193,1.4856041834967784,5.739172563505784,0,0.0
24.293947156637806,53.58692582422408,72.73414721875221,682.6212498968077,1.301610546568258,6.896305924596032,0,0.0
30.771741714354036,78.39687758090056,73.69022280237508,136.45232412188037,2.301899438286192,6.147350270658924,0,0.0
33.24891991919499,82.6462179089225,47.2122264059431,293.77580700111207,2.663156840355856,6.879530089301014,1,0.41816603910853517
32.38411157901393,78.9446322551286,47.343922476805304,500.3645764437873,1.4140918449213409,5.807649852451111,1,0.3984116284792044
21.10782760516684,71.55328890838481,50.91121753235696,679.882535148473,2.5042325259567955,6.5410547117294975,0,0.0
34.256961985727145,65.69832562613229,51.17535670005542,926.2276571973049,3.1625717098241437,6.471388117080446,0,0.0
24.403499487300863,75.43521446068232,77.02322865074676,593.2400448489966,2.818922320232611,6.0995135206762425,0,0.0
23.767091239955217,59.54167746336109,58.96402804264961,671.4130996720949,2.6604777022045187,6.847514690658889,0,0.0
19.061332563722267,82.06541757498509,36.64741969327664,310.01385015097804,2.973327636274811,6.152203076383384,0,0.0
26.26495211978301,73.85950469883927,51.892207817239395,687.2926164285388,1.2602067726343273,5.797645795696776,0,0.0
19.85323146589579,74.89023492472043,57.633414974478974,437.7901207300745,1.509578639527986,6.965478071719444,0,0.0
22.22517695576624,66.79679965645356,58.38630326083787,856.9311828837738,1.0952487425644728,6.162222104497838,0,0.0
23.388024570043783,84.26144921055862,55.11525357429096,392.4505139014743,1.362444863566892,5.812109466516603,0,0.0
31.75004749935863,52.600736683952626,30.664169277292242,468.2720216565569,3.282955856673816,6.045448990722143,1,2.9003746084061635
32.88330705673024,59.05738266805254,22.01559134477045,432.58775691025784,1.5553623197932827,6.420264184805781,1,4.197661298284433
23.141927396844984,78.88212848388446,40.27058314201126,811.1228343073851,2.6552430408646575,6.268041303417059,0,0.0
32.597868061157754,64.63744480646689,45.65132927361522,953.6991970119053,2.728918122838446,6.4526755342454,1,0.6523006089577172
32.57292593528645,84.46070067120954,23.708254374565197,327.276300983274,2.6133136485489703,6.492785917777716,1,3.94376184381522
30.99906615654285,57.31996598814261,68.89804028119076,475.0279007620768,2.3848026218396585,5.685071547569256,0,0.0
20.493816938258085,58.46650844098224,40.644646250616425,705.9262666932357,2.21532586861703,5.972327445960294,0,0.0
29.735488397312395,84.43678946933127,74.81796477071028,895.3816220347311,2.0498021044521044,6.623051486182402,0,0.0
34.06540909786967,63.21851600910205,29.26460647053591,493.7006968460207,3.292246741545712,6.475550873730191,1,3.1103090294196134
29.60318813904167,65.80622921012434,23.416097416238806,108.89350822672728,1.0237859021928633,5.632522505239122,1,3.987585387564179
23.63748643483318,56.63818576678397,48.93896626317931,368.67138350132154,1.1337240650672884,5.972721378246763,0,0.0
26.50984839632413,53.83349710895409,31.3477602095424,550.361885440113,2.231281163756621,6.89698322405472,1,2.79783596856864
28.977325736967913,72.7974355419196,76.24395653467167,417.5246059660326,1.8262752045104826,6.793018983825162,0,0.0
26.67969694838456,45.99203307706019,20.618203907224338,186.55572678807007,2.0205755327581327,6.505964278869284,1,4.4072694139163495
20.039200009426487,83.96363205914545,44.7571805035421,36.98949534321749,3.494621298897353,5.6092957308046465,0,0.0
23.30508875908435,78.96015683825539,75.6048662807101,687.4086660798949,2.9378367479905503,6.410582779881579,0,0.0
31.640732519411753,49.53741318529014,43.065092403786096,992.7371907771425,3.1935198899705624,5.518282197759428,1,1.0402361394320856
32.6441067836238,74.70099729122828,25.586556836027647,919.2066338966171,1.9214364106140351,6.49168960775454,1,3.6620164745958528
20.334100556164692,70.13164606428174,38.173696571707225,683.2709108608135,1.598901100015442,6.596817323509833,0,0.0
34.190574790778314,49.22675253683221,49.88062363006601,841.5298085164292,2.919976170806115,6.245865429406739,1,0.017906455490098238
23.589984503426358,53.660175302511625,31.109101240599983,255.72761846719317,3.0189402356427815,5.505709966601528,1,2.8336348139100025
29.25933355842224,60.44932518669172,47.993702308595715,622.4344360784464,2.374746114935469,6.499915177605833,1,0.3009446537106427
30.78102748126358,74.9621367622737,70.18059174715026,60.60421539896544,3.239853786618261,6.729610128308366,0,0.0
31.803085988844018,71.9361704408503,72.35707821179679,707.1839273124577,3.4183131419883144,6.3788012019717595,0,0.0
34.07774493784081,66.6117423838349,22.95564408264393,969.8723390242686,2.1775516960782753,6.563796257097637,1,4.0566533876034105
23.319632316489983,78.4205271557017,29.65420148315441,860.797307217859,1.5566666694518305,5.635482038983255,1,3.0518697775268384
32.59460972737642,77.8968869803083,36.51740814600825,534.4408747716374,2.2927827676282844,6.572982777514277,1,2.022388778098762
20.23867735841552,70.8929577031128,55.691951053256105,788.7402193127766,3.473833059189092,6.421289443062423,0,0.0
29.985695408011075,79.34950416924127,41.65968552754803,943.8988099481646,1.7323171492076999,5.996529587546251,1,1.2510471708677957
30.61362140173776,56.71316873896046,70.64245480676453,216.01757793921539,2.5439983093320024,6.528000992957222,0,0.0
29.52129510042245,84.06247641613028,63.00031209697626,793.258512977378,2.734959160174868,6.46837432361413,0,0.0
22.289350514297603,70.74550429009705,26.02736138681049,269.84695796885336,1.5348219858631924,6.3991903599983715,1,3.5958957919784265
32.84173349925845,81.11817569062153,57.47345015072547,876.9474219396665,2.4711478070554143,5.774418104974634,0,0.0
20.870593877296717,67.3139552395142,26.780757520818703,98.35450569014547,1.7862675149227885,5.944332587138057,1,3.4828863718771945
18.911791455854125,50.921912249434016,35.30214017818761,178.21841886984146,3.1355240227168553,6.987074157648602,0,0.0
30.196904840402507,67.12050643391544,30.672238012053683,720.6164634718017,2.7868839267651104,6.149663761092429,1,2.8991642981919474
26.083087158956474,58.5555831888294,30.3837169520423,174.77750386324897,3.0656660686974773,5.589139785332404,1,2.942442457193655
32.43466633929749,74.87495180185473,56.98373148661155,158.05430190304438,1.4992059864798883,6.848507966220741,0,0.0
24.517751397990402,63.789689586736785,53.81629535324969,555.466877398872,1.0864367642139192,5.75939813113745,0,0.0
20.860736004631118,81.80564024638439,30.561689167263612,834.9872377090708,3.1263142120246874,6.105279729195995,1,2.915746624910458
32.21951727198778,73.90362561609584,79.4103683251059,268.4674252746291,1.9668855010410748,5.916998370191496,0,0.0
27.33146373788122,74.2272216515662,45.31020394209763,841.1381827054851,1.4493060297803717,6.945813179742645,0,0.0
21.216328470636032,50.85776667455325,25.8241596892962,807.9533965459747,1.2297384131682623,6.067147868364696,1,3.62637604660557
30.246527975969578,89.21248832456452,27.234141017306907,579.1054009593355,2.291252015142728,6.5630754458655325,1,3.4148788474039637
26.68893185432151,82.08376046357444,55.033622823595685,646.5627536872702,1.3753198815298644,6.397574457898105,0,0.0
28.273320698085435,79.45024422803473,78.74416420300837,40.44118661190821,2.416730061103142,5.56446275740278,0,0.0
25.835271749511893,56.510761258001374,54.317066097151866,367.13555830371325,2.8182663562818613,6.076472017749511,0,0.0
32.088052724906106,66.7815826423616,76.94248859699823,263.39493111835253,2.3376454287906303,6.085032943909544,0,0.0
32.10256616661185,46.855159403716435,46.64797104548161,150.00386072747241,3.2592494567212023,6.984749988106767,1,0.5028043431777582
30.059609971014567,66.9237988331353,46.150466219120716,389.6593291569815,1.3889240608390945,6.717893051587826,1,0.5774300671318926
19.79182341573986,47.294462324164364,50.000441558952936,354.90419634743284,2.2348836831262475,6.784981414182282,0,0.0
32.26051565236917,67.65189219948006,61.845527489333314,728.891678129727,1.4079761484665805,5.970281755031762,0,0.0
29.407220669059466,72.43609400774528,42.056957987079954,598.0963404767533,3.1897548161163662,5.9935819226700096,1,1.191456301938007
29.84941082207309,59.50979836249512,71.83316196073741,913.1000688020193,3.3305981908778453,6.273408562653668,0,0.0
24.170708286865818,64.92724391656466,21.756883086088774,145.4075830558389,1.9999897041071195,6.446522699092654,1,4.236467537086684
32.947752454669114,83.78266938372929,46.38585170170654,59.74860532352599,1.7643706446216867,6.5924402321725495,1,0.5421222447440186
30.331317203992576,45.42815723514047,50.65951099879507,534.6077874911286,1.6982902385731218,6.731202783679282,0,0.0
19.914037930996304,79.58664464998265,56.42193429578577,1.0271386107850722,3.149318364976836,6.8098033290108315,0,0.0
24.932226584904765,48.53772754980982,36.5643147419518,787.7189431349656,2.706104811566613,5.536938866251061,0,0.0
33.068466153322404,41.83539914023142,45.64879825915012,505.9728886850094,3.201482636634586,6.694143824577901,1,0.6526802611274821
18.802343928855443,49.27873013725239,49.0722650128434,488.06557605789357,1.2937920737094577,6.41625548468955,0,0.0
34.34408253391484,78.25215949852449,61.2145987209928,362.4959787241744,2.190069819660175,6.298127169201204,0,0.0
29.545763661432566,60.256303666842996,66.41265108414885,374.9738361487626,2.6904477361627395,6.4426995052875,0,0.0
28.7333916199374,83.6260258423091,64.26963964062723,431.13367825065586,3.2427269018819875,6.822907368653782,0,0.0
22.599507360295853,66.23537705911329,40.494983137375115,16.032344426030186,1.9550480347824717,6.317936341461346,0,0.0
22.22946040856601,41.11251759631655,79.9670313795178,83.54578721620464,1.7827251817756946,5.743282008848451,0,0.0
34.01498973130612,75.83568048009633,70.91991870723076,505.04802001123704,3.282414272964614,6.15516572529301,0,0.0
23.070631721980085,45.511645436061634,35.60140238869813,150.1222652198041,1.118833174575406,6.886689300338817,0,0.0
31.18359004422299,79.46898167309622,31.70634834036965,778.7626083469981,2.19898872463895,6.721725635360881,1,2.7440477489445523
24.683070569520346,48.405127490259005,38.84127503500343,274.4851740045258,2.146566401516458,5.804568402122396,0,0.0
20.367319203339967,57.272319290275675,47.14069117997869,97.89963734932405,1.3651410347270303,6.571215626159452,0,0.0
18.1821600608211,78.06357148126801,71.04796269917682,235.2099259034498,1.9873752779534453,5.884340082233847,0,0.0
27.252374729259266,87.71156787382108,66.70173582767207,357.09823015578814,2.8064993499587083,6.022805495485417,0,0.0
34.588239915331854,58.571697532336614,71.07476741035256,35.31660859488361,1.917171111385635,6.203376045963706,0,0.0
24.275315294756474,81.47001100994679,36.31742689461971,141.67552438632902,1.7741511990244487,6.161304441791038,0,0.0
24.072269677881764,49.539613273791936,55.60767334711017,323.84675447751965,2.9547387447658653,5.5439197400202165,0,0.0
23.849557503440515,80.35898851012456,36.99494373664247,310.4804738097641,3.4717885275685045,6.661013837470248,0,0.0
26.849245234182593,72.87470296281255,26.541389643169587,800.3866965598392,2.9483809348256993,6.76957899125267,1,3.518791553524562
25.49130301821299,49.63717536061842,61.05186460848084,843.2554753126531,3.1158582203977048,6.296414859518994,0,0.0
32.95854865435925,55.12519801757058,28.579853071726326,193.41859914354998,3.3487518745312825,5.759426624302658,1,3.213022039241051
26.593853459299336,46.5885444298518,60.06186570238829,123.93988391284738,3.004431165190079,5.8719070382280165,0,0.0
26.63188324920567,59.148350553215664,58.87785829432455,634.1624843214183,3.45088572454177,5.689501316138721,0,0.0
20.352317110249462,50.18243205616387,68.61490666544103,804.6235556954314,2.868210636892654,5.75425938149958,0,0.0
34.70657219547656,72.19989768152368,28.373276273813865,963.7230972241315,2.6538063779181047,6.814596090669383,1,3.2440085589279204
22.249539144770104,89.72525521102793,67.00880891052864,6.796284746514281,2.733371373124062,6.220244186364994,0,0.0
19.247189146813245,40.60045815421321,79.95659155677421,413.6781134268045,3.25020456693746,5.666520201776104,0,0.0
29.27348623257855,67.04599066436494,71.06254691515413,733.9878340943856,2.7075203771544962,5.882117892983031,0,0.0
28.121228292666835,68.68332987745049,65.10872457965996,828.5592988743545,2.9030129273691845,6.924252124345144,0,0.0
25.05747611787668,85.71043948404059,59.72992128168246,62.28594868309778,1.5400248342426506,6.263898535208911,0,0.0
25.177267975971528,65.30026673834688,45.30688908112576,680.6145194641273,3.2816240323370254,6.273451444481002,0,0.0
31.34608665778933,67.18507098224588,63.83001007349613,288.93871739897,2.118033105448027,6.288467295702352,0,0.0
21.327114881694033,63.58264006641943,63.450682108427195,74.59695933312538,1.402668327282012,5.667425221552145,0,0.0
31.944306422063125,53.44521522807407,57.8898969612373,489.10258175466726,2.999467978568653,6.955470487990972,0,0.0
29.02870093621531,42.80145666244569,67.77670269786971,158.15334320414598,1.8909825440824353,5.6267286210223215,0,0.0
25.122486154251916,60.432884110491806,46.925833305610084,737.0075180616848,1.460297857404053,6.550057631631045,0,0.0
25.786486481925767,42.629573562033926,27.27516272794344,741.2617996994535,1.6406278979264877,5.586647228436232,1,3.408725590808484
22.36300252216363,67.52462347329589,53.54406365655424,842.0677649875095,1.0873724509761755,6.1653876556277885,0,0.0
30.78594365584857,55.364682162114654,35.90261172268056,377.5686851477522,1.2265574572334625,6.849517409509266,1,2.114608241597916
26.718870619189552,66.6801200762714,43.06598584574901,13.309797230643628,2.481561838465313,6.652666813577522,0,0.0
23.45452722674734,46.71484821975933,21.04489423647356,259.7359383744797,3.1655445702361393,6.0020140324498055,1,4.3432658645289655
28.132851967936155,86.63149828696798,42.967435275073,467.8116995252769,2.1213260334970654,6.327021648919749,1,1.0548847087390498
34.927485684872494,84.72606217749674,68.52806636812727,694.0112794160505,2.5651453557493067,5.747911983427354,0,0.0
25.399458754161415,49.499825460114224,52.56334201629529,382.0405856867414,3.0243327530732107,6.934180359136957,0,0.0
33.65175381323653,57.17221416470049,20.58803161603826,536.048396067138,1.8919222761451735,6.5630160156229955,1,4.41179525759426
23.865286278717626,70.67463859259898,48.19062921439084,524.2635874557169,2.6357851758783357,6.0614406414649995,0,0.0
18.93045601772476,44.78431036529531,37.487098858724444,164.98234935831658,1.876081064477385,5.9769018927314175,0,0.0
21.47211580826329,57.72839105580754,48.65303932383027,623.0495000800126,2.606788386930173,5.857958124332921,0,0.0
25.117817436570633,52.55561434095031,44.281563286872625,439.2517282053978,1.54401930034812,6.679779323880407,0,0.0
21.73379378610767,85.77583643583483,75.9187531734429,807.918701652493,3.44459913567605,6.151921375617117,0,0.0
18.003859649710343,82.62553181446026,22.47063793778095,690.6112081288999,1.1904444213913583,5.995325831566637,1,4.129404309332857
33.55502614170796,68.99163706334319,61.015280676915935,111.46918619755463,2.2630821238063943,6.857832620560327,0,0.0
32.345949990925796,66.01731684357871,71.06159577810449,488.7584100365685,1.7157410326301925,5.7253269213571905,0,0.0
30.6189679352781,86.53628972726986,77.55431507902853,702.4943584941874,2.502094587040212,5.895753241095921,0,0.0
20.852848125982486,86.62138914894076,30.658173592657754,87.01172580734263,2.0707674497772777,6.017148568719775,1,2.901273961101337
20.046180795569764,88.46650626758301,51.878288117971636,792.4970325566316,1.7666639690248176,5.889777228322634,0,0.0
19.149280741030513,46.26894420540938,22.615374639032716,222.00451464439942,1.6250940957073388,6.378104561831657,1,4.107693804145092
30.308496209139662,48.02789053815851,49.95101146730531,503.08479547368967,1.456246535494037,6.4015466672543955,1,0.007348279904203991
33.78973533169405,73.83683493399434,27.527485372458916,940.5612874726361,2.957198290471906,5.582123458725424,1,3.3708771941311624
25.319108955521628,67.07172383049225,70.2738004819228,571.334234822284,1.5554998427341151,5.7167935960972365,0,0.0
20.025391423932817,40.9232952446618,26.83220015632189,424.0544517039474,2.9338154909397884,5.797793134569018,1,3.4751699765517166
26.710677952445813,43.09875179947597,50.79730162318972,6.7949273991426695,2.2125965228858617,5.60549210277253,0,0.0
23.930142426796714,84.40401911294026,51.26576413956522,133.41362277407808,1.1805700533904955,5.68714298394897,0,0.0
24.37202371394996,83.44353977696932,78.29902987589632,578.6638850979876,1.4136066941343397,5.859477083478434,0,0.0
28.562620610647024,57.86354609980226,59.29884164233329,493.8250406537382,3.2322616103054966,6.018430911081653,0,0.0
30.218207925457442,84.55253084652674,37.27041758460811,363.82917564683135,2.5070395550128244,6.68696351809385,1,1.9094373623087832
19.880261180843736,69.6837537198951,34.44795859628831,923.2158853941173,1.460832946804211,5.826857618333987,1,2.3328062105567535
18.6050339237101,80.29528235094509,27.694892338703895,332.4825374259408,2.759412288002003,6.505038747165022,1,3.3457661491944157
34.903615145657156,61.37155355801072,65.39088344294356,537.1507564441066,3.058154361071225,5.586821529377087,0,0.0
21.95638193156438,45.669916367245435,61.445399370940315,568.71340952413,1.826632868896187,6.487361389455611,0,0.0
18.915118923443803,61.68635313230081,56.592627638486356,527.4683900639227,2.3914880320267815,6.692078808482812,0,0.0
21.22788059463064,62.8649898998449,22.450426576999302,477.5853915400993,1.7336249257078427,6.407211923266945,1,4.132436013450104
18.662283387923893,67.54720969203015,65.76973198365766,337.0637360119081,1.2001542943014656,5.802088435562325,0,0.0
24.66078520849192,45.2791356452214,58.513254628908754,908.7636330396194,1.9987726943423398,5.995612020793609,0,0.0
31.64083033567251,89.57009315248058,77.8333320866293,450.80326175914473,2.8785800477872154,6.707772023291893,0,0.0
23.801155645881252,52.20684104034532,55.23212779260872,528.4488673460756,2.1467006972206923,6.147957838736884,0,0.0
25.55111791693223,49.927620176854646,38.23711439970249,656.4779838302422,2.0131725200503934,5.882851971892559,0,0.0
29.48497515064646,66.34014594279682,42.891233131359215,67.65604243153467,1.915017972098553,6.899037304863309,1,1.0663150302961177
26.651199191187963,66.86040896974443,30.55044232269395,781.2881414632452,2.1472920566738742,6.456032284915886,1,2.9174336515959074
32.64457666236251,61.99103689166221,63.374850932083106,512.5073100860355,1.7955723803316637,6.708572065822329,0,0.0
32.72260647577786,78.59460731626272,62.46329960130352,657.1769358449668,2.5304604872796865,5.536752827359456,0,0.0
18.168481823349612,65.83272003643013,32.03900092866057,772.0120654136914,1.1589149488117374,6.009004874744649,1,2.6941498607009144
31.226787210214386,70.4847727572492,29.509359390936716,874.0993907642146,3.0184704336182855,6.188345353574496,1,3.0735960913594926
25.832471204108455,76.18731927038928,24.620295992131673,392.220416952931,1.432917367883344,6.381132331203644,1,3.806955601180249
34.810289202162274,41.25125507819333,74.71854462090552,811.4298926822551,2.5836118207218615,5.7849578297051965,0,0.0
26.214945289882397,68.53220912725224,33.98419002169106,258.8368955659017,2.1247063076306016,6.246930329078776,1,2.4023714967463405
34.77723107160106,84.20972356141846,40.64981160510824,660.3356509573664,2.9337338671970175,6.528438051534532,1,1.4025282592337638
30.827679140497523,40.86943714627169,36.83027050264944,102.7073006796394,3.0653499670526414,6.018814085038036,1,1.9754594246025838
22.226283038426207,60.259105190048054,44.81747615664746,20.030467424075216,1.510500930464168,6.5371633045570885,0,0.0
27.15271464787828,86.3113725102915,62.842927962949,95.76312611263971,2.692947868594389,6.084481060557761,0,0.0
34.86630587113591,57.65772011412689,72.23573802357707,319.38248656247583,1.4747687669187655,6.2041951035576615,0,0.0
32.5780203317827,62.93644121001204,30.95592497171241,31.094613824664275,1.3099956520872116,5.7014393508584,1,2.8566112542431386
19.65523719445076,89.07706965221564,61.18474062446991,630.4912721872626,3.3257402536781275,6.476911849092707,0,0.0
30.00832394576993,49.96619294752869,41.15372853454911,316.5445383822648,1.4109726761033572,5.836413532035058,1,1.3269407198176335
23.87485295980382,43.26275945625029,78.83163009783758,736.376067714298,1.5703298314568332,6.743275193570639,0,0.0
18.11869845196592,82.97112954306522,37.93514955704461,45.91513626960564,1.3258100194699223,6.3301650565704355,0,0.0
24.859176473458994,83.42326706061843,20.431577360471596,216.70156654749817,2.1757297234286397,6.340385124422807,1,4.43526339592926
21.990825169324513,63.603891734000655,50.938398441190714,408.0034253296986,3.299018306310976,6.868714783620563,0,0.0
31.920777598848016,65.71035872386432,29.043865056556264,382.6515622940463,1.660139346780611,5.7511040669642295,1,3.1434202415165604
23.734620350378012,81.79031848089181,22.669665609103944,130.9986728363405,2.3546303268732243,6.2953520168165,1,4.0995501586344085
32.06790279721489,76.92797490578975,61.89615391686251,994.1368135816571,2.0286468427319124,6.073307515668832,0,0.0
18.01016496019152,53.257450110850534,63.93555695050739,284.4395808338359,1.8400235271011924,6.949486112649516,0,0.0
23.232925550444026,40.84466775357592,47.64194078699015,721.032084651463,2.430381728158937,6.6890710702720755,0,0.0
22.099808643231952,63.985008126677286,60.613131005394635,220.0266972117182,2.397232252922027,6.6362512969435805,0,0.0
21.970645138166386,82.94561630478208,52.29436689482803,877.851210726084,1.8984165022100017,5.806182034202035,0,0.0
19.159172536012868,84.79173383450811,57.7880664633159,387.7583101496924,3.1264082414151044,5.855984868772534,0,0.0
21.18111259697853,87.8113098538077,55.80223839127767,900.9024889891045,1.132930269373813,5.543771241087743,0,0.0
27.44434268805554,83.97816188063906,59.94936584333554,341.8349196339711,1.21309598791827,6.4578030429136835,0,0.0
22.953138238241657,69.00217776490491,31.977838920390276,8.64382149691345,3.4769531499168447,6.056253072757271,1,2.7033241619414583
25.095711299595514,62.230279961805046,36.12239720220201,517.0204310784615,2.869207280127948,5.9680610415615,0,0.0
24.406736965902205,78.74249232670496,46.39778897046152,524.7879361510965,3.0098222585752463,6.455546838266358,0,0.0
32.89038372499821,76.99108171827982,46.76768056515118,119.83418278863556,2.5067526878469932,6.743031422884818,1,0.4848479152273228
33.390082983178765,66.90717150407272,66.46470269521426,234.9635734192924,2.0496510650661497,5.69954431898979,0,0.0
26.38026851814962,44.36636862792346,42.04361955377192,783.4955909813493,2.5730671968307686,6.877992180858953,0,0.0
23.612651155365274,86.30406733934595,29.75030936355094,36.75582462865923,1.2314617640217826,5.551406843644466,1,3.0374535954673587
19.81561196804018,62.780126875083106,35.087958229464554,489.52668668668065,2.8944229207554075,5.642659510352701,0,0.0
34.20784894949561,58.16668909581321,32.8840101430537,530.4081234135627,2.3518576178596238,6.757192208682961,1,2.567398478541945
19.023858063305056,71.47836975843859,63.89960115536132,688.712060676124,3.3918297263452306,6.239055740226331,0,0.0
23.060054718660766,73.69189805834884,48.22037687755892,37.45626740013519,2.5936881442691244,6.908882281406315,0,0.0
23.06712541989007,50.53439585151507,62.517841878259006,585.646327090464,1.3792313429461278,6.192479494886831,0,0.0
23.446821864383654,81.84694224049781,44.97318084545762,3.0980365781831942,2.193875287445117,6.889184478933663,0,0.0
20.792876335630957,54.49685468311889,73.38413615023431,265.17836728919065,1.1445556230483027,5.859444438446041,0,0.0
31.31374432570285,49.334196295715834,79.01121846336407,499.6842553164812,2.8635738982296783,6.424674434152864,0,0.0
20.08246365342182,60.31999264272487,60.1905505221567,911.2813374256172,2.254578803920794,6.991702004418633,0,0.0
28.79341320560377,76.52800404487326,71.82875343417314,126.58981600553543,1.9241334244809238,6.064094212086472,0,0.0
20.105382453998896,88.27290892199017,50.475996030323756,169.2891290032751,3.4213734541800975,5.502182026763319,0,0.0
19.19910583908026,80.46406321857165,76.07725042123448,669.2500643838276,3.35149629741845,5.596078308223058,0,0.0
33.4603015626599,87.01741888350958,69.89518914036968,374.8616938223989,3.3820799920652993,6.788589405320067,0,0.0
21.232189027417995,47.03029020382634,79.50671430596235,623.4214019228717,1.5524256055422754,6.237828452732032,0,0.0
31.961252627514973,43.55883994318384,57.385624119666836,997.4541671342672,2.8214239892974806,6.3050772975815566,0,0.0
27.25872480882131,67.88523809533356,66.75240441609371,986.8716613488541,3.3634553430061405,6.699139157013541,0,0.0
19.323560833349084,54.51487415220171,52.572088398692806,353.71357949442137,2.4271756417665844,6.717368513113845,0,0.0
34.24261925444715,81.40274864846364,35.54720625628537,503.9253538248326,1.535400859832928,6.216131961978185,1,2.1679190615571944
22.198339838862175,73.5993935701163,41.28531026778546,904.6901586293933,3.0445311597056555,6.787091165152573,0,0.0
32.61397087099431,88.53640819928972,73.64032488387898,92.16766240855756,3.1997956183167795,6.202637437509515,0,0.0
20.86977009833759,52.73961778656521,23.356876795917234,452.30390383684704,2.758088465966285,6.512532061561022,1,3.996468480612415
32.5170289964115,64.28920571776162,55.48879316446449,377.57734831645894,1.7338821938389906,5.55004274659232,0,0.0
18.224889819389997,65.06202387126766,42.349041950246516,294.88277266099726,1.4767347466361318,5.706999080292554,0,0.0
26.70026776168117,51.95883974286881,43.201552280333345,994.2042119223482,2.5606745029917937,6.7771300558804235,0,0.0
31.080523850166465,69.50466997440039,73.07427238482603,733.5492939723779,2.2070013120061196,5.9696776334563975,0,0.0
33.89152379737732,62.164299303961975,71.2293424727736,388.746992392922,2.6719568110331804,6.002115910891895,0,0.0
33.45643631551028,62.33607779949368,55.93054253434812,829.0218916654192,1.279249163655915,6.494486795708422,0,0.0
31.933622782309964,58.13683239862418,36.375130844260035,489.66610071205685,1.3397838776201594,6.388807226094918,1,2.0437303733609946
33.09925294424217,40.84646762127675,48.52738076972145,872.8244123678587,1.907223889942179,5.623282960973483,1,0.22089288454178302
21.3867346592303,66.10476184573945,44.49760362735296,266.37984563057836,1.6469007190721876,6.64864755137724,0,0.0
22.83113302709939,56.76239178501656,41.21708175214972,223.60022738706542,2.548346577731677,6.425833644264578,0,0.0
22.912464923657993,40.065993449216485,26.167134713437786,247.28668124744758,1.91885132340547,6.782997779285006,1,3.574929792984332
24.40991682702888,55.3971853830966,52.58683320291922,538.4805761250524,2.70992696536971,6.303245365073441,0,0.0
24.686451396548208,53.93141665448785,38.10987787246901,291.31339115513464,2.921996005264224,6.121487253975309,0,0.0
27.25744051912948,59.67240766118179,59.648476575651706,147.1196841463841,1.4679189255479543,6.057010686584906,0,0.0
20.717955977229504,46.592599482169845,39.152236149531845,994.627918505732,3.2995595885376523,5.5066283893689985,0,0.0
29.75119328436182,65.38419123175422,45.8698095880881,900.43322744141,2.967899600716425,5.559676333967034,1,0.6195285617867846
20.84863116817661,74.6220176259065,23.141622451664453,635.0124374930797,2.5669520053856885,5.6968171379209895,1,4.028756632250332
23.275244195777308,71.50927845272862,79.55228419432865,891.542873923946,3.2723221368703435,6.894306080144366,0,0.0
26.556867220304618,80.18774737845953,50.456622996510546,935.4627375078188,1.664671874047999,6.820975798513354,0,0.0
31.539489545899116,62.60041439935406,21.454255649850367,676.1082918658356,2.054283004930045,6.245794532492462,1,4.281861652522445
30.570976965058364,65.95458651698641,52.473839525668645,518.6797786913082,1.214467451001504,5.770294590123779,0,0.0
28.974084058978878,80.52009704294917,72.22123995833898,882.0017922146773,2.1404545528927694,5.719167040872197,0,0.0
20.648145429862893,61.38505854096192,66.35312805597215,567.7969969129095,2.2660018239943023,5.8841958904161755,0,0.0
27.299770875464823,75.07996749497985,62.05440104776725,126.80054285387399,2.540167309150154,6.863084243358838,0,0.0
19.486590530598054,61.73011843589959,28.367879275942094,366.8560004575058,1.1600980327109183,6.282202088553378,1,3.2448181086086856
24.415174005543065,60.88680972557813,59.464224739248344,445.92095173537706,1.081165048084256,6.706062767427505,0,0.0
25.029781014929306,78.010281226458,65.97790268073561,935.3690161355955,2.0497254132027423,6.260131531716732,0,0.0
18.676794470577814,48.74184577331056,54.3451438379298,659.1854723058224,1.472833280689813,6.414170976657026,0,0.0
22.657797690989522,56.92929859707868,73.56494027122109,875.2775627958907,2.896970855381157,6.415153922600853,0,0.0
34.24604094353032,51.20861383734509,36.61938690709313,757.5917008399363,2.6718407103380755,5.54700666461049,1,2.0070919639360305
34.21175433310472,57.955497148379855,34.52868198435503,309.86088652268296,1.8145674359576296,6.167902777047866,1,2.320697702346745
23.989559922293168,51.5187411183012,72.17418469655877,718.7089930641832,1.1144581629083319,6.796073555542959,0,0.0
18.732701852121508,68.97028155433273,57.52389457948715,195.2997359238746,1.456109059608794,6.233647947844602,0,0.0
21.044613968579085,79.90854013089226,20.08683323125996,408.14581171746767,2.7291983565327778,6.1530031319911656,1,4.486975015311006
24.667702488370182,79.33065306089509,41.18788451066315,806.0918571559321,3.4754122333424418,6.289818361362965,0,0.0
34.112254865476906,58.22504822743962,71.47135914888047,611.9291619152283,1.8161510127489557,6.071150556905246,0,0.0
20.40038408013214,89.43802029471308,21.639170698504596,825.412505952615,3.0049907174134836,6.273099951323869,1,4.25412439522431
30.97976934235961,69.69271823529004,20.194875695690534,254.7035823500513,3.167741228996893,5.703017224155947,1,4.4707686456464195
19.847603169369766,59.970015088914735,36.87555743150779,749.7488324272949,1.1204521803961929,6.951920178103262,0,0.0
34.681378815651705,81.77696396207128,74.84000222055667,202.32436144183652,3.2905539948055367,5.551194909976072,0,0.0
24.487480484855293,76.49370063213203,74.08865488820098,545.3041723980073,2.1655067609248864,6.224811146358777,0,0.0
31.178987161283953,77.46376684120523,51.125716748090476,433.5345944544313,3.4106055163429194,5.81498879858685,0,0.0
23.824048407789242,49.80696748669358,53.194212268377356,556.475857770807,2.34638956863279,5.587533708896352,0,0.0
28.67037091169975,63.41621536842776,39.92048067903133,135.53342402827252,1.5878587747466195,6.4775580677909375,1,1.5119278981453006
21.264273440580624,83.09140654123013,34.62419972166859,361.2278755130117,3.4366707685190696,6.977771887595561,1,2.3063700417497115
20.482357328048362,65.20190038143787,68.91331125272708,666.9038308661736,1.6082622852899173,6.6244074310769,0,0.0
33.94709037265823,74.17263717105251,26.377691629978486,558.5307940810274,3.2061955689937593,5.881031001075697,1,3.543346255503227
33.60000372437537,69.39668665171322,49.241262252718144,548.9697589118197,1.432821236796375,6.240083593736707,1,0.11381066209227839
33.086971983619,82.1178393859191,58.063835569825066,510.8301121312544,2.68691893189157,5.5746723339679916,0,0.0
28.63236865283209,54.22804198808013,26.220817422261753,943.8849100388784,2.028229022215485,6.297505386833303,1,3.566877386660737
31.74055959067673,68.77376389431825,51.176425728340774,934.5696979397342,3.4300454328786127,5.6491947972314485,0,0.0
19.173627927493374,46.1617334004902,54.65127727474659,360.14497279829425,1.4619315778481363,6.691911464330695,0,0.0
23.691413712141546,74.51053883497339,64.54976363044189,351.8950115842048,2.0219866825202026,5.585059598496521,0,0.0
23.332953120871657,76.59839191763561,34.09016294885197,554.8984565730611,2.599440810109353,5.514041448850871,1,2.3864755576722048
28.805970473194424,42.141866059449924,37.5996501974455,95.6062841392078,3.4440510581886006,6.79233555787227,1,1.8600524703831751
24.05128214900089,73.78954818139925,54.17126879798201,303.0067007675159,1.7596576915783513,6.913813316663266,0,0.0
20.524615287942574,60.734507708289314,78.98758459889686,230.86756580117273,1.9921776276119436,5.629831037725038,0,0.0
28.139940282030246,46.20484380548412,33.04959096920687,223.38966833642849,2.154479968305899,5.918374988611928,1,2.54256135461897
31.844526651374387,60.99537738492338,79.15422962740784,638.5055258952679,1.6317512282404403,6.612545917498771,0,0.0
24.496099405819542,49.71164648477908,62.86055198326888,384.35033434414936,3.0433867510091055,6.309480197897665,0,0.0
20.24856815667419,60.77797660616582,69.56492417780139,171.16437475830625,1.2299890143807568,6.923855219403869,0,0.0
21.34369935431799,59.21695139792639,25.378476094180353,887.5718449877595,2.7619748292657564,6.083770016566922,1,3.693228585872947
22.03721618787953,76.91958184680287,38.02521124583794,874.1486879377942,2.3348224248938387,5.5049843339262585,0,0.0
23.098259080907116,78.71077790831794,23.464176779058864,862.4629235322352,1.604817389964281,5.529618459204325,1,3.9803734831411703
28.927516198607258,70.35143271922733,42.29281970019051,390.7449422577928,2.232076183835122,6.347281684061227,1,1.156077044971423
28.216073237141224,41.13434210912238,78.87737959520311,56.98245351045239,3.0748727304855126,6.628158096816936,0,0.0
29.833357646639666,86.5511139535497,26.31638373238031,106.74201789443605,2.113604009805316,6.685925526954493,1,3.5525424401429535
24.162533737035723,74.31166400482238,53.74236694227197,276.0480797712992,1.304744412287443,6.867275558630486,0,0.0
32.00796008195963,41.70977249605944,20.36423736882874,219.97000410865465,1.1020049053287995,5.843611811324935,1,4.445364394675689
21.469490239647925,80.9416449607059,62.76096896264376,873.9856201488354,2.9444907352838925,6.607608858053544,0,0.0
25.973692707808617,50.01330773589981,31.831561542322465,986.3581803892595,1.8260828645851015,6.740647142870296,1,2.72526576865163
31.615958266204316,68.96105947855534,27.775072227485776,816.6736623318023,3.3281117414353396,6.754413027171724,1,3.3337391658771334
21.062697011454528,63.33171849750936,40.22106872964726,729.8489027491885,2.542867952501306,6.117315353343559,0,0.0
19.86767293359331,60.99193911775383,66.26265787633889,588.6241399273142,2.090709727920407,6.438974510136297,0,0.0
33.02262745069582,84.48568600621988,26.396785178672648,769.9082991798728,2.4111623003767813,6.32734795516503,1,3.5404822231991027
23.82980426690633,61.868064578130735,33.79033974792172,947.0333121923909,2.1428316122815816,6.396228902152716,1,2.431449037811742
29.625792123453543,43.767205878657535,20.50786529703857,601.344669907081,3.264527705958216,5.923046853890572,1,4.423820205444215
18.430926272486953,87.33193636074762,78.1048917617371,154.6132440198339,2.145054673418227,6.524851672459799,0,0.0
29.730797102960643,86.02676156198137,55.52873599933183,163.8583172687197,1.2601612714718684,6.56502596539187,0,0.0
23.3737222962985,74.22163447907994,63.19397818308197,583.8628031285862,2.4927200978961466,5.793922576590882,0,0.0
18.94759451098651,63.39462640660125,59.08299026936087,333.46853978480783,2.5574526153757975,6.1654486578952445,0,0.0
28.36681694631799,44.64297364717606,28.66187353218046,910.2473752449694,2.9133251819825867,6.133158364421904,1,3.2007189701729306
22.093664873243945,79.53740592887381,55.69639633963965,611.6423338359723,3.333210353877522,6.623425972582674,0,0.0
24.57572311488196,43.77389572120145,27.884935708475727,676.4926134233604,2.107704205308626,6.499754590374058,1,3.317259643728641
19.369873808870732,43.430049244757285,44.074187237787676,5.820710100902571,1.8801915165182645,6.214293745846456,0,0.0
20.50177526861407,66.86919212196841,54.13778815551758,498.848552062623,2.226927539368748,6.478796964609994,0,0.0
23.065613003429345,48.00641200923201,53.53286684612935,431.1647213889117,3.2504972547782427,5.8942924078259,0,0.0
19.525911509522672,40.38651336701745,27.144405558964458,705.8718567675329,3.4499559545913003,5.8485218236113115,1,3.428339166155331
33.48404649966736,61.15567154978931,22.06615817879133,382.6386603333657,3.4280875165343554,5.859879479130932,1,4.1900762731813
18.102799734127633,46.8608615805033,67.89405883242884,976.5750318871624,1.57423878201307,5.544246513009719,0,0.0
26.225623720693292,48.02577076403456,63.555346219760324,670.2031815564018,2.2422384039046905,6.536614392040972,0,0.0
20.095206788253375,43.84553193676673,24.909134273884284,659.9183331425894,1.6486850646375286,6.97877213074464,1,3.763629858917357
23.230544521125125,50.254687686180496,27.644931128093205,919.3411447579826,1.9199569559176177,5.963548212326835,1,3.353260330786019
33.74301251691051,75.77420898871947,73.55502658337721,995.2048338983457,1.0792102638538679,6.894750042592672,0,0.0
20.748807405657775,80.44636536088957,66.1477340973068,197.82068926211326,1.4015029481789587,6.40981391405637,0,0.0
34.41914943521165,62.62668220146503,79.76961777300045,810.533143214728,1.992689886717568,5.837401398011621,0,0.0
21.498504408820168,65.32769079407089,35.2392469523013,162.3194953220275,1.9117615805576609,5.517796955715201,0,0.0
30.606623843936102,41.63275172971013,49.268179332128895,457.0434530542099,1.6970813778283453,6.585597142781127,1,0.10977310018066574
27.2935135032543,43.46581306856584,34.18757456374134,100.18540433247014,1.5757739427157584,6.544861352488105,1,2.3718638154387985
33.03613836914491,52.878386282475844,57.368008308638586,623.3709784671648,2.8723892861184757,5.8438799991902926,0,0.0
27.417885343553227,67.19492103565737,26.92485434547908,468.51816340507503,1.7363742495284777,5.999057633708489,1,3.461271848178138
27.08750672565725,76.97755743674965,27.634590364581985,628.698948325715,2.7663590786568584,6.847070108974246,1,3.354811445312702
21.3227860062628,70.25015306690165,24.31327348430736,677.960752615413,1.9215627727041595,5.735849966552248,1,3.853008977353896
20.825899154878197,59.60639274933941,61.61516493585002,619.432250031238,3.004948097688894,6.753165802182867,0,0.0
33.58031556896374,45.91620365015691,49.64435464599241,294.02912260737315,1.4180833718383554,5.7538351637766185,1,0.05334680310113882
23.57324938045058,79.03866174435947,57.063872981277804,836.9591572436688,1.3940097009239454,6.222590703607746,0,0.0
24.325398334369233,58.18930257995285,72.75806279536154,551.686199375124,2.699180667602511,6.248447931557129,0,0.0
30.917002193282602,76.80270072413948,64.41970908532151,489.85117321680315,3.287288104522138,6.208134469653893,0,0.0
23.759999201187725,65.64894209571709,47.70337509000146,987.0638042348744,1.3574667620821783,5.931894353601834,0,0.0
34.18506159286305,76.93310267809126,79.06135930365359,283.50790670647683,1.1842615446095426,5.880047093341116,0,0.0
30.544772072979605,85.3644780726286,47.375366068518396,528.0303048951731,3.3365930170545592,6.59973215349709,1,0.3936950897222406
28.15629712374814,86.0514758026901,26.74704039401199,682.3245786079915,1.2933173596645486,5.913515354780866,1,3.4879439408982016
32.97521772926079,66.75533900003018,79.55928483516296,125.22593293323358,1.6259172994142068,6.414873056807977,0,0.0
18.843300441941206,65.57541823828194,21.36924380089084,354.23972414653537,3.3237354185502017,6.769959530626967,1,4.294613429866374
22.37006576721655,53.28392327514186,52.99301356926513,801.6887159973262,3.0072947324005543,6.755551667100823,0,0.0
25.90561768175547,86.78999157646456,38.545729321982556,236.75823459983002,1.8568945341432346,5.750727112221727,0,0.0
21.85863517101586,62.895958359981044,50.21312906101909,493.29036490360664,3.3863192991414834,6.482106464450553,0,0.0
30.646388184136583,46.37956196436886,53.52277715567129,630.630605982971,2.4201212829968437,6.40341869772308,0,0.0
33.62653652791333,61.6352457313275,34.405753776709254,671.1623533076001,1.180620656569233,5.922976766264485,1,2.3391369334936116
25.2040920388257,46.3526625119002,53.41152534423571,728.3104420478259,2.7576671931695365,6.08718097148956,0,0.0
23.816254201902215,65.12658421285376,65.36366672033225,865.9773170429444,2.343193394558255,5.9276695369439025,0,0.0
34.34636244633863,68.0637757428106,35.9905902346399,392.8594430336376,2.4314701262978886,6.305597740126429,1,2.1014114648040145
25.562491358068193,56.887788074679264,43.00556799883442,706.6319259638561,3.4852606108136626,6.705441096930267,0,0.0
26.313822807637813,43.582530711574236,36.09456158984348,732.1746477702516,1.3812857082488539,6.816255004576406,0,0.0
23.97804782981239,87.17517678166195,69.23358385929214,300.2741301269902,2.6419897507197305,6.584235389796555,0,0.0
33.46232404120635,78.66765567417147,63.4989355525758,968.1579502116412,2.1468527430742292,6.22517554176091,0,0.0
27.67224321579146,81.94405402525605,72.27178623310445,865.219173522062,1.679732812219989,6.937142925380371,0,0.0
30.95696798208796,58.343419714311466,30.20299357409956,289.86132869956407,2.733861979157407,6.345818517217729,1,2.9695509638850663
31.80071421196507,78.04155150097253,24.414778289585094,675.0686766869876,2.670532018125,6.217820033088273,1,3.837783256562236
23.811433712593388,64.26864475845971,27.163010231520403,717.800634459294,3.1412377703088254,6.785160434495165,1,3.4255484652719397
25.372803632446463,50.054174420302296,29.661099969454185,431.48363627537935,3.19717308796626,5.77693499310641,1,3.0508350045818724
32.4240201649065,46.221168845360666,51.98495964048814,863.7432859409664,2.4045486326230954,5.736817517903408,0,0.0
24.175340978488773,57.25254346610284,78.25472422176588,690.2293535090397,1.8139314151692936,6.673813707136483,0,0.0
31.496897268681472,46.87760557375698,41.43412499700692,658.1546851527181,2.3239511260953627,6.805856245558093,1,1.2848812504489622
33.99686948376543,89.91344881020343,77.51049616161231,220.8403722847182,1.8981378167571572,5.609162172482639,0,0.0
28.594576342156117,42.4594495116011,22.292047699350782,407.8423113495825,1.6933902100740286,6.646129152395348,1,4.156192845097382
30.60766388668211,62.05717996845382,75.6123321688795,433.9224891323499,2.378938444442917,6.136692580621806,0,0.0
31.686654304699292,62.60467611951921,30.86915643829827,733.6610965790205,2.644835435407673,6.555590234651139,1,2.8696265342552594
32.365674031242925,55.03159642908378,74.74849914316093,618.3945452575524,2.4764282172759855,5.702454004097189,0,0.0
24.715906743565533,68.56757828534727,23.37364580692767,85.86059062626705,3.3860488034082987,6.959519128988625,1,3.9939531289608494
18.87147880599197,47.49885120757723,76.89316684970196,307.69795188724004,1.7465902963849123,6.821920441089635,0,0.0
24.831896611024572,79.19561902936168,32.04789585913165,473.04750446154554,1.9308542126366852,6.1089587924018875,1,2.6928156211302525
29.453855906329526,56.622385912381915,38.16284360438964,736.732945856993,2.6691070580588843,6.840038239200032,1,1.7755734593415535
25.655956558273477,69.56712948993209,49.45654064617749,743.5691300796741,2.5008965687590172,6.842388590706176,0,0.0
30.732373564626776,75.78196180334797,42.84325287412851,490.54330857163677,1.0046584633434088,6.191879537372529,1,1.0735120688807236
24.068701300967284,84.45210588450806,60.051678155789,116.9323822606776,1.780713671316853,6.920328252904173,0,0.0
28.790650398768502,81.78937182261001,78.48846603500465,292.903403372839,1.6344046311715936,6.965285688374928,0,0.0
21.169136682517568,70.41545140517798,56.38558944829644,254.69238224706925,3.0997872166150393,5.825819108460545,0,0.0
30.739280422964267,59.41965901919434,63.28912456619295,781.0264103082411,3.1656218272123224,5.600000019468402,0,0.0
27.27683146982144,65.1602335037482,25.28031501834209,179.98631400565358,1.7097328525778956,5.996724676043544,1,3.707952747248686
21.46909460529221,78.43673966894013,57.66874574420032,464.92122239519216,1.255177884068841,6.233252891638748,0,0.0
22.96248994946272,83.87727712797366,47.23098662278479,670.7188035143901,1.5130048676467487,5.639014598075032,0,0.0
30.72634804589115,45.18909640883359,73.1469414751777,964.786152950037,1.4414209972976475,5.710989336221436,0,0.0
26.204221006245852,59.24281312465267,43.292665978586115,999.24058022444,1.5935883982127241,6.957548682967548,0,0.0
21.672534486682228,78.80582992067502,60.76724864299515,952.922143555439,1.5866122557435383,6.605950894489551,0,0.0
34.44361023629506,61.58258812969805,33.68922369554475,718.2423452535351,2.1995966222524332,6.812407103890038,1,2.4466164456682877
30.157125336887095,56.61138820331419,35.56235201145176,746.4408330220916,1.7991034518439113,6.956731868252069,1,2.1656471982822363
34.27129215317653,60.56613484116348,42.56734585533641,759.2100976090173,2.3995543771386094,6.067216538951372,1,1.114898121699538
25.260785771125835,70.14223733931755,38.243812250390164,862.60487654629,1.8603365608521039,6.531795912366854,0,0.0
26.07670579175925,89.99025720669007,35.232730363404485,951.785462852208,3.0366923249131763,5.776032991645206,0,0.0
33.265238675145326,64.6496214552266,22.980122354048557,445.70614452032754,3.376981194459344,6.327500801157982,1,4.052981646892716
26.92583878417154,50.42472374771303,70.20477990514755,416.51087804212693,2.009796133387562,5.8148177169702855,0,0.0
30.02374150239634,48.14232876395474,23.85809185347706,460.4644623786307,1.123671336966387,5.740646444348743,1,3.921286221978441
22.28693891742401,42.117487373820715,73.24193093617805,659.8171714565941,1.5989456184195985,5.647665447587438,0,0.0
25.59434996794489,67.94086174591607,27.527923344083618,775.4453962777646,1.2546454105076044,6.369604843846065,1,3.3708114983874573
20.098647718776036,67.2286045744417,23.91570422375954,870.5443909013292,1.8619097745322668,6.924776799000577,1,3.912644366436069
21.50166060990835,50.26169633901546,53.78028583884183,456.2107542826056,2.612785585450424,5.683332692276565,0,0.0
18.01603805954973,74.76647032262835,50.14650755448331,363.37262618012943,2.2972697723612767,6.253471683070546,0,0.0
18.667505878027224,77.05535208148405,49.474074129913106,983.3526147022264,1.607189195069096,6.530602175897186,0,0.0
34.6138249940078,52.95491026910556,54.47025965008387,231.88762100722627,2.918147631606642,6.243792521050214,0,0.0
22.12001281732496,57.20498820148683,37.22339636714935,222.00483525247728,1.3287018234493226,6.867663886570405,0,0.0
29.276282061568033,89.52358361736283,59.77695640577667,715.4074548264956,1.570489937811753,5.749443475986763,0,0.0
32.26469487959339,58.713223392536705,50.14413318243099,179.6572956026423,2.690117876481687,5.5362448915113935,0,0.0
27.361227807021592,78.0400835878051,40.084608017439514,399.40899974612245,1.493085966722167,6.074677182848689,0,0.0
20.603456501427257,62.636271331497,69.5900400188437,292.38682231425196,2.696906789696473,6.333233213202671,0,0.0
30.377979434714828,79.6672413930488,63.663265779602604,168.71045675694862,3.4423533757403746,5.881760637112158,0,0.0
28.204273971692913,78.45116193913239,43.616620516677315,579.7072390978935,3.078383217990383,5.752650321589851,1,0.9575069224984026
30.431260018905377,73.38780125992679,70.85706711373237,373.5114907546289,1.4000263509073096,6.707256745716651,0,0.0
31.08569258857048,82.73891731477896,75.21549500670645,462.234172848446,2.301246053758134,5.782862788125382,0,0.0
34.581976250640665,86.96092474388425,52.211976025061745,195.863004825516,2.0558039085812116,6.164023311928577,0,0.0
27.75057576045407,68.99916602260419,32.89714700941525,767.8668026717565,3.4791735330834928,6.931721665822309,1,2.5654279485877125
23.807898915740232,51.873445361137286,74.9475293928192,314.71208345074575,3.411001754351457,6.419057250504448,0,0.0
29.02389746730403,59.93144808220375,31.368777205731035,342.71817902689884,1.3177801319272622,6.246585179133426,1,2.7946834191403447
19.163492057124643,77.91528567566466,22.905393585036148,252.15396210011264,3.2718271800408334,6.040375349009234,1,4.064190962244577
33.25575441146697,72.54417425619349,39.64922053238785,434.4035721190338,1.483545845096147,6.2805781795717595,1,1.5526169201418223
20.029477192749347,48.88991692826244,63.61798066766239,463.576627238672,1.7986287542818733,6.601460590825168,0,0.0
23.57332824405891,42.561977057321236,75.39644518121297,529.6669163295152,1.8835199493273584,6.733790857773622,0,0.0
31.867671470644055,74.14807967710324,58.23713880886639,967.5682819819397,1.717055112804554,6.4747716051766435,0,0.0
28.1543104316221,52.55395120146727,77.1103128179996,904.6918080457035,3.133109482917323,6.685475582086735,0,0.0
24.691803844716517,64.98351218645267,25.542250356553797,609.3926309870536,1.8248310146909374,5.632626676922625,1,3.6686624465169304
26.048406209375365,77.33733862562971,23.645223775281202,38.903467763097495,3.041846047712978,5.521561675204314,1,3.9532164337078193
32.52730568443707,68.13333903281665,56.251517044619845,612.2603408767345,3.485942041262393,6.601616546363118,0,0.0
23.780074563018168,44.16512915558982,77.96697934956529,89.66860676411625,3.101903844567614,5.892556105342143,0,0.0
32.784044641806915,49.27901183917777,50.16327853728344,710.3442385187473,1.8653573160857306,6.8165173755580835,0,0.0
19.498285326603757,50.96640920154596,23.09091355635831,390.0776465809306,2.778130983532156,6.303776016490261,1,4.036362966546253
31.20557343254672,52.89321268224224,33.27311936464737,837.6964915685187,2.334808617477683,6.217781421933168,1,2.5090320953028944
32.40830976193052,68.27016959752521,34.68757438494624,942.5292452651306,2.9662944597085215,6.65922815869709,1,2.2968638422580643
21.09090009823476,65.19828899126968,40.271427748217,417.110341465609,1.3827434866156043,6.611644005327757,0,0.0
25.31589105032741,50.158001918210445,22.616203015172758,460.5552954737462,2.5953364816147597,6.556414798584966,1,4.107569547724086
20.813496169282146,43.37774217278435,74.29356202987498,590.1475810128502,2.9341669333543363,6.534851434000809,0,0.0
30.012270192901703,48.5716102237359,50.93383668328971,197.13272185805053,2.9030783385166004,6.273093995767277,0,0.0
27.100912057048163,89.21906563093017,60.25584757724654,927.3328408283613,3.408982514009454,6.889713303963237,0,0.0
28.80049689404146,63.42734748957361,24.030370213700536,432.99992650137267,1.1460284519608002,6.835962114591052,1,3.8954444679449196
21.340278438255588,83.36727523510562,23.246928068218963,166.8203359160073,1.8644484227307263,5.9941074121907,1,4.012960789767155
21.599679654891133,82.43762333344216,55.18806632243283,762.731833418884,2.191383954478597,6.707041808890871,0,0.0
18.70545453366841,65.57597787314369,73.23776063025248,219.1513724439852,1.7744088209802031,6.836662770868802,0,0.0
23.475148098327406,75.33438542302719,51.70892005757282,143.52927507185498,1.7744737841811773,6.427382456688532,0,0.0
27.515659242672474,49.637600520635615,72.66915035420429,562.872075494007,1.4403215167248158,6.333368789062173,0,0.0
32.58489353795459,74.41983524634541,68.65947638331436,671.4952552915909,3.032378507563019,6.507830121391957,0,0.0
29.337766606797572,53.619228963164474,24.551227147695244,569.5627406649163,3.270172610961356,5.744590986218061,1,3.8173159278457134
25.401737497795775,81.60310483770755,32.11744846314139,656.5106489473632,1.2058183989293763,5.6310155143141465,1,2.682382730528791
34.203041944700345,44.186206655445496,59.46264014932055,115.52401230774446,1.3872472793957464,6.730225412450673,0,0.0
30.227168409789144,78.65693364426387,46.61008295300249,476.01803788410734,1.571132499679633,6.359989340658143,1,0.5084875570496266
33.81280844866335,44.99684532843098,37.44198881881523,357.01864408854124,2.272468709635423,5.683752235502899,1,1.883701677177715
26.968995545626818,84.05946184471546,45.118031362878746,973.3686162401218,2.9779300832524176,6.124477040717304,0,0.0
22.401372671483372,55.21022590675018,46.71197877623806,49.62393417946742,1.1786388119123754,5.947351557175354,0,0.0
18.898053668200273,72.71966824152874,74.63313504929579,298.29420305992306,2.5920324641460715,6.813216931338526,0,0.0
30.34344247522546,64.375113931014,26.207497022297183,941.862194091722,1.3733386406760495,6.260830271719004,1,3.5688754466554227
20.06215096609408,58.315157263116944,36.783844808456905,983.4961831843295,3.4286426696906633,6.366268819154865,0,0.0
23.14717718062344,72.27209165917483,52.253888994962836,824.9016077271335,3.2469335771293544,5.852935607392509,0,0.0
27.052005434026256,87.3761490275619,61.8972155978355,75.99824401640932,3.37395712236438,6.698595321387011,0,0.0
27.59508199225571,42.063487368731096,57.83823733755462,561.3550283435403,1.2654096939567703,6.895151931394939,0,0.0
28.20991434878131,85.9426427941552,76.49856426424367,400.1229926704671,2.22009095713548,6.6887415230477085,0,0.0
20.82634061594491,70.45408275105068,67.73653548916839,806.4525676954016,1.413116417495938,6.239288714796679,0,0.0
24.45553588196803,80.3657150384526,53.42461051846582,55.02423557133329,2.500888876957916,6.752633397645795,0,0.0
28.492301860988434,59.19374767171388,32.88096150041045,197.1287516447021,1.5818477816546603,5.781938306743614,1,2.5678557749384323
34.48692069877434,63.592148741880685,47.05245388413439,489.1950662226294,2.926577458422427,5.670120490058393,1,0.442131917379842
30.369729340894708,83.44253759005821,61.60293465166864,157.64766294782694,2.610006501624169,6.1573286804344605,0,0.0
33.684263870597285,60.742398490491155,70.2777304901651,692.7151426942983,2.429011485718172,5.772301700617911,0,0.0
30.957604991341007,66.73297833745426,77.58417346534324,820.7672211397983,3.0630678949133245,5.888740834171481,0,0.0
28.059188471170806,41.00974615421664,56.32716596827506,704.5198936276435,2.250682577087372,6.377675138021898,0,0.0
21.264397275317858,47.929900291902115,51.61516203826595,440.2837136399823,1.6746293508642114,6.105854670675614,0,0.0
29.333656082172723,72.08432539873999,21.061515387268898,878.3876662526462,2.5517637420002206,6.798817419415661,1,4.340772691909665
28.597452621318418,75.84884505319386,24.325944149010795,137.6861317199417,3.3926565804945152,5.838418518212691,1,3.8511083776483805
28.24197589777353,69.13004683922497,29.366299858244016,260.3385838990089,2.5028984083605144,6.99518604844908,1,3.0950550212633976
26.32635975580009,47.16550181378054,23.285595871377684,489.5396852523033,2.5740486225985766,6.039090123889591,1,4.007160619293347
26.987162267817688,62.270271428891746,44.051794328295586,61.33859887925197,3.3368767031491604,6.273104275988859,0,0.0
23.68552296100777,57.75473831815949,40.21271270833233,95.68578156654728,2.2881877507693624,5.698498164713074,0,0.0
26.828315774919155,64.78306720175442,58.241249472103576,397.4433717223721,3.4908936542869813,6.3689485191192095,0,0.0
21.35845039653413,83.51645172770472,52.139906476004164,943.8862967345541,1.3991551088326886,6.9419273416523435,0,0.0
31.687964755126405,78.79307193293259,55.75824556327158,908.4136932770003,2.3425996075308007,6.624096666815517,0,0.0
21.15820822987803,44.19947506945795,48.31863217625924,465.97485827841115,1.5322521025359537,5.866081840224277,0,0.0
19.44442692812093,84.51545988872822,36.66422891325543,142.15854451073005,2.1333159208517314,6.1639175662510945,0,0.0
25.416182448071673,63.58835755749118,77.16951889678862,178.10765595843557,1.4264347737544203,6.138149971043571,0,0.0
29.191226471603052,77.19310724429992,25.184549585608337,377.5460546091273,1.5563219288145151,5.646921651388765,1,3.722317562158749
25.441186023870202,47.001961563217606,76.33345996791843,210.07419508678137,1.5270001240806588,6.828775271016498,0,0.0
22.704820243172247,73.5359762853524,38.67428281188408,82.97559439037782,1.80007834756002,6.0721840749625295,0,0.0
27.48891012613749,51.816300880472895,50.75968672203784,673.7774835199971,1.336512586297091,6.241389416656142,0,0.0
23.8990397020074,61.91904485704657,26.530539369652768,581.4486377926949,3.0233554374375404,5.936871662314853,1,3.520419094552085
33.858750732152764,40.84314350410522,24.255864102260556,291.29675797808505,1.5516889932305338,5.728593440181607,1,3.8616203846609163
33.684967373260726,47.5805318965238,45.772726923116174,778.9483825523041,2.041422487858438,6.8531659296572105,1,0.6340909615325738
26.54032093952562,44.60402465618099,64.50184258278068,775.9488877058345,1.0401428455750608,5.556096216490151,0,0.0
23.574027898310394,51.98720864691292,36.16188665291294,491.0019702127618,1.2622038582044552,6.099819251974196,0,0.0
30.531251037262862,45.00090450121611,53.7408733361192,96.53255551189388,3.240679751033129,6.596043140420473,0,0.0
18.624120039212134,74.5955013309781,36.7190204313691,918.4694001013576,3.0929005096011135,5.963286877301299,0,0.0
26.07107310274207,41.45199511046097,43.31678365358245,668.6605235409713,3.1023061311379863,6.169042910443369,0,0.0
23.717497702595672,70.88702503124989,74.3867791084295,247.05081915195092,2.0283835431371426,6.346715876551173,0,0.0
33.64911004674343,47.03539154127871,71.35037752969518,610.4545470342266,1.3538269971291605,6.992622418353712,0,0.0
18.204051463635604,87.25807285889485,50.96105260505779,405.02149582763025,1.2697363037357903,6.6374520067013,0,0.0
27.397852887211933,86.65470365549271,34.286337648324725,635.3496397359579,2.5140068120017887,6.950673060635186,1,2.3570493527512912
30.591280878132643,51.27515512604813,31.59103476398137,473.8708957310208,3.070483137271574,6.539718210984041,1,2.7613447854027946
26.245305787908702,70.72106491115147,77.24524118214285,485.4721502397334,3.2502862053506076,5.903579332138705,0,0.0
19.451851512766268,41.40026597362292,32.16299579064125,735.8820919073593,1.7218291264005663,5.931233213560043,1,2.6755506314038127
34.53184363047434,86.5894271525587,68.49009865475236,613.7257460639757,1.802566424583634,6.7336964550508664,0,0.0
26.806177333393663,66.14936540958549,42.13821257213223,79.95269124422566,1.2521916421535617,6.141570236795013,0,0.0
28.441166153423193,42.161157570888946,79.1395908534943,65.37357044630366,2.93602447317003,6.055336290104906,0,0.0
22.022366306027624,57.12499965040687,42.08934442176727,305.00923749672523,1.6892256778028472,6.917641039559408,0,0.0
26.219467446815663,43.84247309306171,41.09099749464357,430.2459965387463,2.202323673908574,5.519849749706128,0,0.0
25.29554136329147,59.64722196866799,58.24781773265739,275.22255917928607,3.3222432613220807,6.287450327802794,0,0.0
19.273229314033724,73.49631710806615,77.69100839760915,651.459858069918,2.880539325812342,6.662614985931729,0,0.0
19.804726010306943,63.494495402071976,78.57257634778597,195.1079317256219,1.1318447407226795,6.6042535242737,0,0.0
32.237032833519166,59.186108735972724,62.43236878801911,704.1410963961697,1.020386486148574,6.051361580706972,0,0.0
22.076939187512032,45.95785227702324,65.27638193818122,773.1507418889302,2.96851981470102,6.3034724677552205,0,0.0
21.314290615476718,52.24695228468282,53.80413055838166,124.31930759565057,2.3812505924467393,5.508365942031812,0,0.0
26.583494671252367,45.00716438691756,65.34654434793991,650.806243362988,2.8008360234067524,6.302245404552597,0,0.0
31.06870123316272,80.37493658283304,71.5867792982298,961.435975900114,1.3920383045665337,6.385601839599133,0,0.0
19.053090815842793,46.76199139923613,49.165718191701394,192.82381726334674,3.1801196249265504,6.812187006388316,0,0.0
27.80573463385035,69.76866832744467,57.19173576980618,909.3028311161545,2.9333124475361547,5.816105904715152,0,0.0
20.026577528289746,57.137020679442294,52.23900171398286,606.0479492740167,3.227097285136534,6.737718568611713,0,0.0
18.619837864035514,51.298919232759175,53.74823681172063,590.944867331712,1.8527402066436771,6.577099766132962,0,0.0
18.896647186757697,71.97342197460519,73.40287459243646,51.92268232086717,1.6892629882081158,6.4990462973289995,0,0.0
32.1807898395435,62.85011546884704,41.337009812334216,748.3002783863982,1.3793285998098173,6.09158173645114,1,1.2994485281498676
20.005532221677047,60.007273364227956,32.49104153603746,478.2730526480582,3.325221269867493,6.051151572156476,1,2.6263437695943814
18.767573195008964,69.64260024461107,47.37680661641775,721.1743918351341,1.4420730088946017,6.554891833650678,0,0.0
25.44429808142951,64.56338142450004,32.48511142887591,809.181103446606,1.2982930842787626,6.985334821378302,1,2.627233285668613
32.34788902301442,55.17421042757804,49.90402553972115,523.7963733722786,1.481695522466956,6.1080306387680565,1,0.014396169041827988
22.46094240031813,67.95306438826259,74.21048632142352,263.64431327831414,2.9284543169002832,6.8778996663950736,0,0.0
25.169114497940576,73.47492882753473,57.046011228948664,141.57249139281336,3.2238230874572023,6.379817623546615,0,0.0
18.67868305358377,41.33465792934271,71.32597119818466,160.5031279324143,3.027283641241061,6.802248480354792,0,0.0
25.63433474029289,63.29358644538377,29.971455176930707,866.9346539457987,2.408096382178212,5.8257856705629,1,3.004281723460394
27.819422370831273,42.88416422917719,74.0524155522306,123.57809563038869,3.4847106269443078,6.6433481121167315,0,0.0
27.70541991378646,49.320270703405555,56.10722986442695,384.69407304656846,1.172135161233622,6.752415266112737,0,0.0
23.651253766964206,68.02543670389866,21.905587324428787,334.2746462890308,3.167979194554064,6.748253709851989,1,4.2141619013356815
23.364064071273305,83.30944576327903,57.98713731710221,865.4556667389702,2.0692846542844223,6.677067068049293,0,0.0
19.812601521922165,84.14028395942424,77.08381737565507,477.69350069429163,2.137805871763666,5.9562934445990665,0,0.0
24.235571450986562,43.49720050693156,24.750020028521725,996.4464173481376,1.3189872341282012,6.282925329674989,1,3.787496995721741
19.6914093708404,60.955254314335335,54.94736782817433,737.0547463031447,1.083582435884571,5.949557170262308,0,0.0
31.032131060104877,69.15032415022756,74.92871617218287,850.9235754042857,1.7915708151735832,6.0144488600630694,0,0.0
34.42666306171916,47.35349522751717,20.581710100062473,98.67226602667489,1.437133832784823,5.951828325382304,1,4.412743484990629
34.49126576333401,78.27161083723858,57.85477558794939,253.10225526489594,2.2083468901782792,5.926340572002459,0,0.0
32.7062086893817,77.21176292186195,48.49413750985776,135.44619557182824,1.3683263151344298,6.540132508762847,1,0.22587937352133627
28.213466538773524,85.16705068533973,40.81935911891664,463.6219724005597,1.3448193412556892,6.475395548971926,1,1.3770961321625044
29.91471685314596,40.42430060417215,57.65218939672256,718.2874881619098,3.192447460259624,5.806396351934686,0,0.0
22.84849864556704,50.834212199450135,23.162125675245015,169.06356820300016,3.3032367533160225,6.537278080150051,1,4.025681148713248
28.72309714293455,81.35933571226609,65.183782777244,130.1685445697388,3.4105405214697746,5.936602893911717,0,0.0
25.746042340477917,73.52900254134677,20.26876861518246,614.6087487804404,2.70125610718478,5.802577501824703,1,4.459684707722631
26.194294776207855,84.71949268492455,38.41614462754113,230.31275376342398,2.9275412619896732,6.620877820602891,0,0.0
30.882201526377685,42.858982726513325,50.23751826108071,479.32507175374093,3.089461888106573,6.044302139213245,0,0.0
22.792612045153277,69.84819828582215,42.621335033993105,51.11772772771772,2.647305147801661,6.354025786486996,0,0.0
23.406673398806838,68.45232874468371,38.44855611233495,680.6128120674648,1.8256077617563229,5.80018594069844,0,0.0
33.71891044918682,41.783720818026616,69.85010872808576,541.3163816420537,1.3909674960838103,6.420540755988879,0,0.0
18.95581301246653,65.67610384562417,76.08995445631453,647.4228989586328,1.5931832678953752,5.811990151882481,0,0.0
26.255783073026787,70.47601556549621,72.42276109435332,275.406380059746,3.1010351285124065,5.750315385150402,0,0.0
33.51761360693365,49.56465871010536,51.34587878299998,278.6029753615311,2.740243095717103,6.079792857677665,0,0.0
28.376171132908667,53.666479156233144,73.04985051160898,801.3605330907582,2.139489408815379,6.685092759122373,0,0.0
27.288920261606243,72.01736731488685,75.25169391089263,718.5623129848262,1.0735126929511318,5.764801522390071,0,0.0
22.245651046899038,63.415047379997915,44.55430382284772,579.7286511986146,1.6655109260847079,5.675539851270362,0,0.0
23.83568331409562,82.90068287841635,37.00675157032673,628.1434757820805,2.8222437328144094,5.547471538692724,0,0.0
32.48482306867978,57.11908830045942,25.89591234879922,94.04417950110545,2.2809680877375573,6.123948634795642,1,3.6156131476801168
27.506708240063787,53.33298291941006,48.745515262953745,856.1713044512536,2.0888312362061248,5.923037597345365,0,0.0
26.750617293865258,89.24329701724213,76.77781522630647,769.9070330116626,1.7841985019497693,5.9381626759184485,0,0.0
19.69285513018049,85.55678850650418,53.65445168422226,590.4915338234476,2.5173295764425596,6.972912914192721,0,0.0
18.272478659737093,41.44963724994899,60.0537261071703,918.5951311009072,3.415963463429223,5.791185104357532,0,0.0
34.382648207679836,78.5364307653283,26.773029109510855,168.6379076993998,3.252809108243765,6.187640575779123,1,3.4840456335733716
24.40876484387631,45.516738691260144,28.611179848535375,686.6573860341668,1.076244845210705,6.979552256858508,1,3.2083230227196937
28.254622055691573,41.37425974146855,47.868395717580356,962.9817776521609,2.2023845564586146,5.545927078933019,1,0.31974064236294664
19.355156244183846,53.684775798317446,77.07588793902354,310.00896456992086,1.8236732451173692,6.544986167013041,0,0.0
29.61294285729179,53.46729395305522,41.64707849549173,15.292314067509526,2.2765116558495024,6.05662442838013,1,1.25293822567624
33.85363404800134,80.96593811734823,72.64904247905201,734.867466969133,2.515534224679287,6.85914642041765,0,0.0
27.786309300956134,75.53336229714176,27.21731560554269,6.980324456127063,1.500070169993867,6.867912156590611,1,3.417402659168596
20.143960480381978,89.0804713666007,57.02103241602261,872.533649182167,2.9539201738706407,6.080819103908933,0,0.0
27.889265967049106,75.57564501559092,56.03677861463109,56.301252103569844,2.1876701252149156,5.832195197920396,0,0.0
31.027902622779088,60.9127776628024,71.59248500421612,652.7647298718772,3.480015137245615,6.14200515745123,0,0.0
24.90908112175832,74.94638304726084,20.19900226429409,377.1841444231504,1.062818464358903,6.947959411921596,1,4.470149660355887
32.957241715004955,89.9729533593201,31.395900031854328,203.34065371673282,1.4742979404661463,5.922097883680681,1,2.790614995221851
29.027610207075195,75.5070941281264,33.1812575257689,898.258399853829,2.7240745014009953,6.9719766973495485,1,2.522811371134665
33.28723161091644,78.08406779901591,76.99796528544424,746.2458519268622,2.737949366313897,6.72908724669524,0,0.0
28.599590291204734,86.91825075951297,29.221619376193697,340.4405661432601,2.4554705610423624,5.901178497304286,1,3.1167570935709454
20.231895524082013,45.68256306558417,22.217741013233624,284.15309285722503,3.4299000717265717,6.686604200624352,1,4.167338848014956
23.264759088788214,75.23921467238634,52.06768968450848,736.0122941611394,2.0382875217998335,5.574699164698191,0,0.0
21.430514120291768,82.54029789837244,51.713507746020895,836.5707626063305,2.0425920301687985,6.322095064831589,0,0.0
33.45005046118666,87.71893001104465,70.64281792207186,715.8504642958095,3.2761909080604332,6.036023708753181,0,0.0
30.926801143887204,50.54846448558497,76.93157901066812,639.9892250357414,2.3461044549920267,6.140403997575562,0,0.0
29.498772271470102,65.1964503862122,52.31272652840786,227.9247251886488,1.8843191539640012,6.2092815071113865,0,0.0
23.11642743373757,74.02774238222409,75.79965094517934,852.8039832764722,2.7973449645846475,6.254069140298896,0,0.0
21.12876112485363,52.37338647506687,63.50954907798978,749.6619834583748,2.5491765454688187,6.48461841173348,0,0.0
30.8596684958115,70.02364316251371,35.8735476797351,517.2742897664144,1.7660251257164787,6.545165541673395,1,2.1189678480397354
26.060685079944356,52.87893912489997,75.70524265663558,511.5877622667807,1.744821995203039,6.963556054927744,0,0.0
21.838422386560694,56.672851026582364,60.046590570912485,569.1730278073463,1.989031993818137,6.644168003086722,0,0.0
28.482573628809675,62.07593482554326,44.84575596455802,828.2763941786627,1.179050164150484,6.531696663575202,1,0.7731366053162965
18.685675486353684,66.45950493732835,60.814525071015844,742.2595488375575,3.3565422562190976,6.0886883258960705,0,0.0
23.544894320180312,62.46829358125753,44.07876966462506,856.2449939458833,1.4575501004916627,5.676712096730868,0,0.0
25.96546890804929,64.65977598939645,26.851026079277556,507.28277165872237,1.4845607558193012,5.588182629168502,1,3.4723460881083663
20.5152916798599,54.929437814414634,63.13872483061399,624.6490590182572,2.6175960125426943,6.216527065487717,0,0.0
34.73912611904427,47.94825470113153,69.44525673024464,854.5718068959795,2.810617618249528,6.5023850689408915,0,0.0
21.554655198023443,42.367498866341975,63.72837194116326,232.32006017671537,2.842088648999681,6.475239776887621,0,0.0
20.216003210735515,49.798936124583385,33.74688006540059,444.020680256224,1.9376875587605777,6.929292130262677,1,2.4379679901899114
21.46009285607724,69.09718207528915,77.39810080865678,620.652236979387,3.183322382274814,6.073644959863509,0,0.0
31.074039263715314,79.30577239015662,21.515273701469354,915.1462573581014,2.359997654370111,6.441675719859404,1,4.2727089447795965
25.23359620762133,48.46237987214472,39.961117842538435,15.836011046124977,2.096468880406389,6.831810732820367,0,0.0
27.612070975793145,45.427767888632424,35.60554607209373,212.57315817322754,3.0259661521641683,6.106116634866995,0,0.0
18.357155668768133,77.4645180274625,22.887573656891057,234.4505077612904,1.6089031230595943,6.216614729276029,1,4.066863951466341
18.585332245746347,55.257916526864484,44.34378157932011,326.61268026179425,3.150463608588798,6.884459343866322,0,0.0
25.579034347059274,87.57497196136762,57.38689040976647,281.7866204206789,2.347073486412319,6.325362929545171,0,0.0
31.8831391344276,75.71589853051864,72.95317180910608,590.1387855622387,3.2501453941828413,6.699414907397638,0,0.0
33.04906093802861,56.33780236215154,79.3813829714882,885.6202642547454,1.504031327639398,6.903435754334156,0,0.0
19.474011649125885,54.47713738968525,68.48537518426389,636.9778410723894,3.3401576900060648,6.356587057834003,0,0.0
27.152172735717386,66.18491931356544,48.12083112276949,241.52655895435916,2.7196918549309754,5.663780453491609,0,0.0
33.5249046667476,43.95723341391047,63.42226555802184,863.7528500700845,2.545821317005964,6.732549930661583,0,0.0
24.595536824764068,45.88382563226495,70.61742731537845,632.0457891475133,2.0551687987075185,6.726673248094455,0,0.0
32.102619134282264,48.79289406580963,47.91843178512088,218.96212498790157,3.3907874999143104,5.6724777915152735,1,0.31223523223186794
20.272826124790416,78.73617966522801,67.10326604152999,361.6665371665032,2.1097990707787817,6.322177227423341,0,0.0
33.901706324352574,65.69286796345612,48.95914509877261,789.9648067397825,2.2463573811189397,6.230628453178486,1,0.15612823518410862
30.774196398032146,40.528356138722145,43.18975945260336,738.9311814871143,2.9537452714632813,6.770744399059593,1,1.0215360821094956
34.00268467737733,73.67582637360545,51.56545026702567,576.5823695056425,1.7121060740317653,5.911941748686497,0,0.0
29.50249297039261,61.18450893302486,60.551284257628694,144.76750274056184,1.7287382820344797,6.139416562429002,0,0.0
24.17786684399026,65.5426182481899,63.61292337911584,803.2892973145042,2.93824421905305,6.407186567108701,0,0.0
33.949079932920284,50.70581217064678,41.40417613352647,307.5425285527481,1.32144947297527,6.275867788961527,1,1.2893735799710295
22.684635197256036,67.58911141970518,54.27921509336209,771.5979389991624,3.0574113007325585,6.932551412040327,0,0.0
23.64693287504945,88.95766198757443,74.59225244482683,647.5663657622588,2.5629375207746206,6.94098599159919,0,0.0
29.913743106029585,43.672234550288074,78.57877400663838,264.1702816435182,2.3477094160081777,5.622358736176604,0,0.0
31.010377091931566,54.19586998322153,33.63488547103727,212.36922813265667,1.572773455449704,5.946770488442254,1,2.454767179344409
33.79985922543561,52.14987964304149,31.569869942800487,130.9099232577188,2.965920423361022,5.511302223567356,1,2.764519508579927
21.481640953955562,52.42746553755898,60.60113800571891,241.94623658811577,3.012382723771873,6.126790522757025,0,0.0
31.56596659872681,58.93531787826886,44.88103314940663,157.82902244913998,2.2073546696912945,6.493208579321904,1,0.767845027589005
30.555282907748378,80.90548923720837,21.453340305088222,617.0512477877513,1.972922437143022,6.206927171628798,1,4.281998954236767
19.084507456311165,85.64293449821938,40.811712238837046,598.7831189772536,1.6154045938098496,5.6007728103402155,0,0.0
24.582793400573518,50.11075437294866,68.40468460833512,586.1720601327972,2.885585042722937,5.793934356250395,0,0.0
22.807012770021675,67.14749689740563,67.84561582299096,641.8898092248384,2.5986298078167653,5.75993702245067,0,0.0
23.176337214018517,71.84494860827402,49.68110892899492,814.7845339645663,1.5165775734171443,6.266692434638386,0,0.0
34.710096952429915,66.09137371819224,48.35467609325212,913.5527115498035,2.9861701992122516,6.516520023614339,1,0.2467985860121825
28.927216029158775,61.70381970984597,54.77044654606265,230.37553790176213,3.205513283396149,5.974488134725927,0,0.0
30.20049468248949,49.59877529296189,33.16380263381456,587.7744901689257,1.1481181568706147,5.695690096515453,1,2.5254296049278158
34.60249983435516,64.41096795996192,51.562617493457324,78.33622124727147,2.931051595060103,6.697896472108853,0,0.0
24.412430301779857,60.060741385566445,20.662781603398905,120.14243835559513,3.1320048335691313,6.78754275522389,1,4.400582759490164
31.6312828636977,79.77816812511348,48.53357328698802,654.3393129613904,3.4787697486863673,5.9147323201671265,1,0.21996400695179652
25.387026376176422,78.18021795814977,40.163062775035556,486.58056169045085,1.5940037473434172,6.131121553541812,0,0.0
32.782072420854654,46.69993406028354,60.49217635421958,758.3320868344338,1.927508013035632,5.622896653939698,0,0.0
21.071178202292153,44.42595262815338,58.301215049157655,425.6774809905713,3.4154777305021975,5.84154589479094,0,0.0
34.11066501009275,85.40769716137515,42.85015281096854,127.59840683293811,1.2350388757339612,6.650500567075277,1,1.0724770783547193
21.719119042984953,66.77541944822488,20.436378888715495,872.0536538308254,2.3092696097868854,6.047796834411312,1,4.434543166692675
23.545748618675837,82.89004686412953,35.13641776369763,82.88847114532227,2.2668614495947192,6.407038398102628,0,0.0
30.855267979815267,42.90755602832006,58.00087101134974,188.96464253538204,2.516369347202909,6.919276720574926,0,0.0
24.693837406611912,66.32578082608151,24.34240058105027,276.976865961851,1.8269815371157252,6.585456768731642,1,3.8486399128424593
28.339593405029593,66.97132572881182,26.45854531000783,995.2806070654268,3.3147952216794785,6.18017827692063,1,3.5312182034988258
25.557749518180284,83.0351016271075,58.82210147402523,416.8598201759839,1.675153152397682,6.05032046554866,0,0.0
30.620288930526293,44.88049991148537,65.34604405695754,501.70853047811494,2.624238793961006,5.785790522441449,0,0.0
21.881631290266384,52.022278183795464,39.292982480762724,769.6967509738685,2.23981755688734,6.634210109470864,0,0.0
18.993785783026908,60.32691569435066,49.380383930993716,636.4155853388137,1.6666836312001998,5.668637828739311,0,0.0
23.098799757042126,83.2920737709971,76.74268189901952,841.4206919413334,1.4721344893060675,5.592090535568261,0,0.0
26.063247302763315,86.94416575352835,76.73261373055817,486.43345858789377,3.3914053106441475,5.65724301289609,0,0.0
20.856340887275536,89.63623097968139,38.45016646780581,972.1776874932219,2.4032286539894647,5.864358080297094,0,0.0
24.031553924158608,87.95967432292608,68.59927250102541,796.8123615863079,2.5104772805611044,6.4406851223050765,0,0.0
24.799711310990666,40.297087792217724,55.63664316841153,401.36538831326516,2.957238647604946,6.791995200006755,0,0.0
18.97566134270065,42.3854170726936,78.5290696010228,381.27182294524795,1.203066646499458,6.988933604591653,0,0.0
27.916223219131478,47.38034095787943,48.656814182665784,929.4911920442178,2.7844106694919466,6.597226221715049,0,0.0
33.03383827551189,57.443104838513655,66.4824120809337,684.4156358147172,1.412850343930801,5.718965643520931,0,0.0
20.57962952020189,81.49590154934793,66.08822777689227,621.4336345256386,2.8512027126911397,5.916557137194236,0,0.0
28.16273622782574,84.63280976677402,49.84597205798457,757.8306374338108,1.3533216790684433,5.697980116410055,1,0.0231041913023148
29.30056648348439,49.34172031472915,67.73780685783846,560.8338281117115,3.0812342496839906,5.673327672270676,0,0.0
25.1286895671279,70.98320758098544,35.66241999841979,159.16677308572667,2.7025406518175314,6.351598972812074,0,0.0
29.91865898519259,85.86809925326384,27.335182177413735,319.2154620784311,1.964725722131051,6.860084585360277,1,3.3997226733879398
24.982436239347205,63.18658679656604,45.509824679318974,557.9448637089698,1.8970861097564586,6.526489542002958,0,0.0
26.57883389561639,45.1771785976392,76.61783939801508,18.167820927166957,1.3723676588897988,6.70097529589055,0,0.0
18.12500175742526,62.89068250423125,50.04467649215172,437.3507049632278,3.2601333894152913,6.262145142035612,0,0.0
29.759241940289712,58.78974511440286,58.11554831881562,755.8028792759367,1.2963231821220311,6.212981656980684,0,0.0
29.242825542060316,68.88289980330035,57.44974735447252,164.23400451627234,2.180193471322814,6.9062268492814916,0,0.0
18.652814914547857,61.93293422035518,27.954372036171826,64.55895015690571,1.5912961369745087,6.582946957098336,1,3.306844194574226
24.260251825717262,40.8672963426859,43.417812942632615,836.0291407276985,3.4908187700475652,6.1890116659134,0,0.0
34.64354129345834,89.69988667068355,62.416338375312485,617.273868463362,2.4646101287967457,5.998873669767347,0,0.0
25.152521563666486,67.17701188652855,78.31940591484357,176.57897248946398,1.373961258477532,5.63969123967681,0,0.0
26.53307188724131,63.68153777423048,30.08106429782157,806.3049805831936,2.6689099940545176,6.731474366579303,1,2.9878403553267643
33.46881268871522,87.73086857520269,44.626513420346974,658.1294714872123,3.479022543056378,5.753985539348997,1,0.8060229869479538
30.193451889717856,47.79301837935385,25.705627988163762,334.1192696484382,2.512608201538435,6.272523743965705,1,3.6441558017754354
27.8951922291118,49.46188012726241,34.54258757895536,376.1962719617392,2.1434477363904865,6.455918859038072,1,2.3186118631566957
31.562679582798232,80.40073745313917,42.60556059956902,155.88816318704835,1.7331753040466364,6.616117157896244,1,1.1091659100646474
32.694226529751546,53.04155400125044,52.43859487714103,835.2555942087403,1.2303085370719198,5.625015337174739,0,0.0
25.767097219533536,79.96135531457634,33.834012934344855,509.00665164374203,1.5706157474747189,5.516029208467942,1,2.4248980598482714
26.076842203841203,53.57667414542513,33.65375967072114,557.0190766436606,2.3840519489121843,6.55901274376687,1,2.4519360493918283
24.562865906081207,41.659381511250075,66.66979874841223,883.4919151977477,2.8844642466239554,6.181586912139649,0,0.0
34.43400438031383,65.8507361943358,77.75849977681287,15.830616453093915,3.194827225574124,5.77170303984746,0,0.0
29.851826322935956,49.83432170634307,39.41677806508737,66.92306252329206,2.9842806259316763,6.973041118084275,1,1.5874832902368943
19.41479212553723,77.89231464662356,61.279521118140806,161.578981859815,1.3136630034310441,6.687031232878768,0,0.0
32.670313596321314,72.05998166160741,35.484827681475245,30.03781308814557,2.933649712532617,6.367769591740569,1,2.1772758477787133
26.16951899421656,86.18013339889589,75.67713529793792,658.1561566243995,2.454011365364514,6.553160639343532,0,0.0
19.168816409182288,79.1494178632868,60.374141609923896,633.8794681883207,2.1727688937620595,5.732535184670628,0,0.0
27.345193337776287,49.038797742036344,68.16061127825421,210.80190292898558,2.4319102961802015,6.943337792600308,0,0.0
25.091792742586936,80.00791183323982,22.96124259194989,149.40644488669474,1.0201883219312187,6.994550618570917,1,4.055813611207516
32.921739882664625,72.08685224070116,55.91035809443748,145.68470138660672,1.169325607427567,6.4726682646081555,0,0.0
21.467908261359586,73.44758208803125,51.656739881502936,953.2414133186423,2.3146231976824527,6.502468902164129,0,0.0
32.04989836136711,81.61314429850744,37.579814414691924,693.5045286247415,1.434048123703894,6.5566877886030905,1,1.8630278377962113
27.480707750152696,68.69120345944701,35.74579910343908,585.4288284650793,2.363852380333583,6.498679335158151,0,0.0
18.928375154628974,63.300175717650646,54.80148813901818,322.48687180509427,1.885533929687038,6.1578112426633185,0,0.0
34.52137012253324,71.8320517679364,62.38913810043351,433.04319790878964,3.2685300516868816,6.311014355831332,0,0.0
26.714459149754397,54.89787144791795,21.99036542211134,89.40588119920767,3.374208568261134,5.92408929623526,1,4.201445186683299
22.9449065219369,49.129856554354966,54.044094915422264,998.1518880550015,3.449460282671299,6.170271874573171,0,0.0
25.979916313817387,70.82939190356232,30.227571736797717,755.0854635716347,3.2473449897070465,6.154154958994252,1,2.9658642394803425
32.583582319797316,51.692418454273884,28.421763883166033,621.4531568282279,3.464727127980832,5.932210633470027,1,3.236735417525095
23.18335311454608,43.99575546733033,57.387169285681075,587.7671952278822,2.765367814348404,6.6800572292308456,0,0.0
21.275498740273907,40.0277092292627,38.652207033048384,504.3143720331725,3.401355699752629,6.11450800656452,0,0.0
20.194211197824984,70.41597007000335,46.45281398809184,257.4274276746958,2.6044811636420677,6.327572918450212,0,0.0
23.06360977263359,58.107439174011844,41.599928566386374,226.3904034597337,3.0230355172143004,5.734135784778934,0,0.0
31.26081747968074,77.61554853367281,58.900179209151425,549.5324571892244,1.3297749818092757,6.212450350270919,0,0.0
26.01764820831945,58.758819915655124,48.20718596398813,70.20081455795169,2.706498969006395,6.642182996805209,0,0.0
21.86718726279018,64.30017241191133,77.80751972227685,74.4707988685357,3.327758273338149,6.1667884586603865,0,0.0
20.825144993365736,60.35424864076924,41.14296554638792,560.8136031603501,2.3501206038319067,6.336612075770803,0,0.0
23.656401100676444,72.5287395554673,64.41706041577011,919.8120482102393,1.4670492838257732,6.552559876174835,0,0.0
33.97871433905705,57.80695810074841,35.43755405498267,914.2718511298546,2.3172214018125037,6.083463361925544,1,2.1843668917525996
23.831454114030414,88.18838249711544,50.52518555756881,10.828300660792323,2.767352485148721,6.0299238288620804,0,0.0
34.7981092912288,86.80734932992651,53.15418511411742,107.39421564744977,2.9244712477434947,5.628612937106893,0,0.0
26.248917748011053,82.40139513286407,39.74655686376393,583.077693758695,2.3092550248299597,6.3734085915448375,0,0.0
21.045786610932566,86.01501352863741,48.30683173475775,848.4757218061642,1.5434200605466253,6.560437823594679,0,0.0
33.14938156048966,62.456984422969555,36.75671827390953,954.4490866568287,3.3167219714468685,6.371878692258405,1,1.9864922589135707
25.826041343292058,66.8215198394746,20.36004690043892,860.5822260457793,2.9340435411333927,5.925288017637978,1,4.445992964934161
30.064412839576917,77.10462962791223,32.93889809827272,677.6131352964559,1.67672100154401,5.893505314447791,1,2.5591652852590916
34.72309691455558,74.80729624692705,62.003850349592035,200.52507758923576,3.029532293490936,5.739231419809165,0,0.0
18.85298095543956,84.53392978027354,66.25778146912262,72.62147397896234,1.8696566237951477,5.570486246485319,0,0.0
19.64380751638864,75.81655136283476,36.8121720283352,47.515782685644716,1.7810783616709518,6.1403170543392855,0,0.0
30.247764604866855,89.89423541142303,44.48257992908432,612.0767846254114,3.1576915683678606,5.740780481877796,1,0.8276130106373525
22.791025056023024,57.42528999157955,22.241939608316667,36.188604015357726,3.1830880170428033,6.5361965514863485,1,4.1637090587525
21.133123748151682,81.6498871119709,34.22377406586084,739.2399564655507,1.996203507047448,6.94259951425464,1,2.366433890120874
18.6691519569354,74.88174114163321,66.75315700233796,712.4707373509691,1.0223070127039113,5.610222333377531,0,0.0
18.371394103765432,74.56932226075094,56.35917621590343,79.61082477667891,1.4664140534999797,6.839433675506513,0,0.0
31.166255253036447,56.29177974224994,32.34623131726228,906.6223650367946,3.2732408205613965,6.486574132746258,1,2.6480653024106577
20.28536826528235,79.28008962115112,35.44651970734593,521.9292886253023,3.2468733426376444,6.790418471064212,0,0.0
25.951250471509567,85.01880111737995,69.00812137937362,904.4385673377317,2.1333618702336192,5.732438276789458,0,0.0
28.300245858051213,50.92742307602815,32.54505217669405,901.6100561883221,1.7602917681896963,6.85972304282793,1,2.6182421734958923
25.281980609670384,71.2748418558352,40.04946355082787,197.0340638871183,1.756870730262929,6.936807732187484,0,0.0
18.460813089715963,59.60674145513876,59.86152149927866,380.5776279362848,3.2429870065713455,6.860071163428668,0,0.0
31.31952554399445,89.47740596474385,53.66674314248472,134.62633350381626,1.8118332774387913,6.678249447164938,0,0.0
18.17872481720811,63.94164079158408,47.65221231402886,774.9780101363207,2.278950649350274,5.635456385890152,0,0.0
30.952128204417228,51.41600868984713,73.98446545878465,504.12491553786253,2.8275276264822446,5.831096606963837,0,0.0
33.18617639439809,59.09288126109163,33.1826277629031,928.8075753949819,1.523702604023547,6.869702816661328,1,2.5226058355645344
25.35827865797193,72.69191949083131,64.48519345177999,208.21521487627737,1.6345977039647341,5.844136445840192,0,0.0
27.10422204266257,43.804468567478814,29.543830437091003,688.367661519226,1.895154732737817,6.0215710484756295,1,3.0684254344363495
26.108717674500113,70.18009601106188,56.944030008928706,989.2368277727088,2.6355584733684747,5.575715341835767,0,0.0
24.61654651659846,86.5612379589449,72.2374138046788,665.3812618209913,3.0437266278658197,6.442139506922546,0,0.0
33.08621710129613,82.51813938289251,47.474107128688274,68.77393283071265,2.366764408327499,6.344951383403927,1,0.37888393069675885
33.19686968138984,43.38367683289917,63.457670431479734,588.4243496951906,1.3323218416240592,6.9426575018614844,0,0.0
23.708878198906085,89.66949393695342,69.2236011799393,179.8427496812367,2.1156138076743027,6.838516952930297,0,0.0
28.456185818249864,74.93634618519395,28.161585492656165,30.502777419315397,1.319226805307985,6.258915836293021,1,3.275762176101575
33.75742855647969,48.114041215701185,62.349613716926605,334.9606973052142,1.2207429241667382,6.414005954578786,0,0.0
34.35499448200298,40.62080445847118,75.19046143932059,266.10408305406577,2.4740419246286196,6.1197952302325245,0,0.0
26.652303687174808,48.56413181460756,54.58223659133265,788.7708988157541,3.3905302794948073,5.6986887061117155,0,0.0
25.698021689833556,81.90879603428692,31.167334671725364,373.6805410781005,3.0940295833351485,6.80168589315788,1,2.8248997992411953
22.73780337078494,41.08196624725819,27.616551895336578,732.9587803851964,2.9361781563562324,6.324307871508303,1,3.3575172156995134
34.30082184423697,51.65736518090433,35.58411982800487,16.238991949331428,2.817639914663334,6.138088185828892,1,2.162382025799269
20.427843176038746,77.86527976674377,26.210796141000955,14.81213343339105,3.242819642839244,5.602698109051655,1,3.568380578849857
27.857102792811325,69.30552679490675,50.80364429510285,29.3134575475571,2.882087710356944,6.498075112532087,0,0.0
22.80335454781686,79.13678551800959,24.182280962404075,219.35844178258046,2.5671933632519286,6.099497358633613,1,3.8726578556393885
22.743140935912542,77.3075251913394,33.40427747817358,373.9877850285617,1.911700200684301,5.88054379942013,1,2.4893583782739626
24.884465985395202,42.53006935609024,46.39462663473286,607.8458031168545,1.252359724649482,6.8151299076537,0,0.0
34.979479908866125,84.62557095470757,48.434885024121286,985.9138858269728,2.152583409610026,5.775447751498619,1,0.23476724638180713
18.934427216276976,51.35159171411343,53.92390910881787,354.4095670143326,3.311960590363418,6.272529811662573,0,0.0
27.835210909460034,67.66962201148819,62.336897765043595,55.65890675716623,2.4577506634378814,6.693634027935252,0,0.0
19.40372668659971,72.21440782638894,22.83371837992805,194.90016166584866,1.4612604497378339,6.773612159669016,1,4.074942243010792
20.626854109838824,48.43141054425477,24.837257130546995,897.8518338148621,2.62255827120211,6.7280580998794255,1,3.774411430417951
25.47257001013928,88.81156283504872,23.651549108286844,699.3791901477089,2.163655585201261,6.844939502959756,1,3.952267633756973
26.677822232889504,64.40779780436546,45.38901892789462,790.2008240385599,3.328450221457416,5.713536066342392,0,0.0
22.399470942196906,42.88213477986967,22.51087669297606,124.16820567279262,1.4023497751550065,6.9106877985873005,1,4.123368496053591
23.379771224865074,86.86310223889203,64.76487600987957,134.98698870750792,2.7800293712669064,5.516204398744244,0,0.0
19.47843934435086,69.31339215966341,33.38001086230867,112.246007544896,2.704006162017004,5.883856002626149,1,2.492998370653699
23.15473632535226,74.95965989906881,76.35274959739752,857.169164309525,3.458853946303762,5.626058119316227,0,0.0
34.431493469469245,66.2587894967112,49.184225305826686,209.96760869360443,2.412280316546097,6.918299702757274,1,0.12236620412599705
34.06002548843219,81.73689773884837,46.7795451465321,643.1517453797217,3.1789350898341002,6.135903480048854,1,0.48306822802018484
23.692930932328746,41.656673109660545,66.83232155837001,516.166366183259,1.0617848438285766,5.972904107317439,0,0.0
27.704516916738946,53.418918263857385,62.78923903357947,544.3899118738536,1.3072299205603315,5.750631195296455,0,0.0
33.46312164888605,63.482417820134614,56.43854245688857,195.43535839126824,1.8648464321163263,5.73372686116068,0,0.0
18.105124984895244,43.8301808156855,76.10880237502221,635.2460934539895,2.5483184928930944,6.420897529064428,0,0.0
31.78162069573906,75.29533346633292,45.335555659224624,43.100534458331175,2.1226983624185216,5.570626249588635,1,0.6996666511163063
34.122282397411624,59.683170702782036,68.51190054633719,993.4722762576287,1.5067406183664722,6.391495562847329,0,0.0
19.55253748367047,53.6333995134072,42.80557674474911,26.75890649272905,2.4730093497285863,6.66197405829821,0,0.0
20.74461066255966,40.168942340420614,70.3007404577663,50.15654071586218,2.416747648353407,6.401522300438249,0,0.0
34.33268714711304,75.99151558749769,35.56847773795812,324.64741989168135,2.3111186963021213,6.739868152068938,1,2.164728339306282
27.13818244188589,81.69046544364309,37.35602437016195,831.6253557695384,1.2263902802767452,5.897888056072686,0,0.0
18.241342786019302,59.75202678407492,60.67217204104724,257.1892117767429,3.317563731890577,5.615757276417484,0,0.0
22.379743978979995,68.21089885166828,32.762797697107786,471.9350137913282,2.480638259253591,6.581485925385263,1,2.585580345433832
25.649042462570613,51.38433129647992,33.749251221525725,17.977331176192934,1.6599793679966433,6.742195585586911,1,2.437612316771141
29.77945148742105,71.10988231400665,38.315745741044886,78.87931648364422,2.7185454759863017,6.252514804848181,1,1.752638138843267
30.463726428325593,40.60687291576003,60.73572617962255,607.9660485407071,1.7947699771722183,6.730925409983133,0,0.0
34.92216571973275,64.43219485493792,73.36328554539392,194.35846944942858,2.2646400669360647,6.186878733182899,0,0.0
22.887690389523904,72.21027409203461,60.4740590676192,694.2545630195253,1.8528294276474573,5.79779145088369,0,0.0
27.14974173176408,85.90958866148671,69.66885466064751,785.3911750171771,3.2009850663442325,6.211591026410317,0,0.0
27.066500313613286,59.06679085611421,52.61363538166818,850.3341994722833,3.4849514613373254,5.823925973427428,0,0.0
24.895969410603037,78.2595101490515,24.13539328070872,133.79933799932263,1.4029551633197468,6.208047356182009,1,3.879691007893692
20.875752195321144,69.88435149717503,26.02797269051004,455.50854903192493,1.058947376391492,5.721327338768401,1,3.595804096423494
34.61676157412532,86.35060564625402,53.26351870201493,947.0814499038457,1.5483062674551062,5.778343107139929,0,0.0
32.50639217333196,59.918883782971534,39.668058118526574,772.0835424443078,2.4748799577440335,6.824369148215742,1,1.5497912822210138
26.47166148100203,55.9547669936494,33.234084418216554,116.96038184614832,1.4348778489438327,5.673787270908342,1,2.514887337267517
28.255172185628506,84.35709993470718,47.975415638157244,502.5002450183943,3.0287110615153834,5.836411420143105,1,0.30368765427641337
21.86343791051426,42.46222007041445,59.98980445425809,922.3805818388388,2.0216764419861057,6.99328007593248,0,0.0
27.244380196659698,46.81926964668384,43.09951686415151,440.0388055231859,2.526331851785324,6.36402777413618,0,0.0
29.81449226306509,44.12022172920222,68.15253542944049,837.4176088409688,2.139044604057147,6.3787288257391985,0,0.0
26.75783948257201,82.15549782882013,64.31139479428361,495.84372118855725,3.258319804047384,6.767456314633499,0,0.0
34.834847899944,40.53037116851597,64.094892929574,106.81167724575369,1.0878383426556946,6.286479454733437,0,0.0
28.392808156211345,83.08285777485241,79.11138138064331,147.85492605950733,2.823254739141499,5.832672930225182,0,0.0
24.306553114066872,62.56338976856334,37.71379864229809,46.6757528081797,2.630430333352167,6.133699834451177,0,0.0
31.12658446946925,40.20126394269854,58.68353518045371,195.3147405755645,2.6237875774644,6.632501880445693,0,0.0
20.897862696887916,60.082258860602096,71.32870040961882,893.6140998704342,2.034973482595513,6.808672657665085,0,0.0
24.53676883300653,49.340042052251775,54.77146603483466,650.1980459432567,1.0391880711897439,5.909805737497443,0,0.0
23.898302156418957,71.22002437360815,67.37013056692356,738.856934882911,2.7231018049198945,5.89296289620879,0,0.0
25.340720616832215,73.96793949608232,44.86713115039474,621.6614583933277,3.0736780320206334,5.991412309311693,0,0.0
31.290257040788347,64.37637852025,55.42948073928828,386.5392921383477,1.2130757774683703,6.394316049784266,0,0.0
26.230941546777927,42.025976271983495,23.339983568259697,216.8611327960016,2.1040437606099216,5.917763598409517,1,3.999002464761045
31.498245654521366,72.8064402183601,79.1460563494888,925.6145840098308,1.4064871348676355,6.839705388190889,0,0.0
27.800311353377722,82.10193918027606,68.00110888690503,514.8297815580215,2.5273444660740205,6.967011383074471,0,0.0
23.81518038917844,76.01621386632007,72.12854429788698,481.09988120793935,2.9640121908975914,6.518679883741952,0,0.0
31.769638642619032,81.49789594776593,61.657656688576765,996.1040885935457,2.6667664123185157,6.955449544078368,0,0.0
22.050924399402557,50.02547617754438,31.163001968521968,383.9299883884766,1.7951501762147137,5.931775702748904,1,2.8255497047217046
21.814510656596525,84.44439698282413,21.861706545081937,854.1253148922391,1.3493317570809595,6.722755529778315,1,4.220744018237709
26.57654970893221,56.109672532398136,71.87939646416082,862.3440603168561,2.985670365126156,6.517666959767137,0,0.0
22.434437181355513,40.67024071259955,43.77983922416739,232.67021035779555,1.8097921462317303,5.894787745996055,0,0.0
18.154479594170677,82.16958231645353,35.8318925623952,94.8396923501621,1.0553495793610654,5.977610920367001,0,0.0
29.021057964079624,87.09106344823633,53.70037753033667,975.6201157158642,2.4285530358731267,6.232938499755077,0,0.0
26.688594965030767,72.77790987086743,45.25391134854316,425.89686413556694,1.616693275583446,6.687465004801773,0,0.0
25.573802846383742,51.571831523171234,59.09995974125342,2.220322010195508,3.103014995895442,6.808333403807946,0,0.0
34.438464748511365,52.58722321412652,49.02759398327082,499.0178338289586,1.3581380109769463,6.450920565627259,1,0.14586090250937714
27.71038612736953,63.32964367178097,61.83398842641624,619.3003637474503,2.087002122648126,6.5823645583364945,0,0.0
32.67833682241954,84.89155398007097,71.20539617054857,776.0882474480342,1.6328255090275294,5.895774306422458,0,0.0
20.370654015487723,47.47988280737792,31.73342065734734,942.9421182236387,2.724004048052703,6.611607324667259,1,2.7399869013978986
27.67650987320027,81.29868347917434,39.76597283392921,915.170628945463,2.371327273393554,6.407469719487414,0,0.0
32.75565365442535,54.56514043525752,46.208935194238336,940.1358200548685,2.9774692981214903,5.834381357869435,1,0.5686597208642495
27.912797873758265,80.4293084714549,77.7235068816583,32.125148259472766,2.1465314380591307,6.925280457403599,0,0.0
30.206241028159027,86.01355988007694,41.92001681284911,711.7741338304677,1.012021078860989,6.2692894141222855,1,1.211997478072633
24.324740652807527,61.37469359971601,42.86599097555777,225.85796280568658,1.5379912013487393,6.691693029189468,0,0.0
19.57164178963013,58.25253270527654,59.20835137757367,187.552687205654,3.497892770485684,6.288419150211047,0,0.0
25.784305017160214,80.11106594856508,45.15198259339695,800.3185685992503,2.0133624732737756,6.899405074504759,0,0.0
24.706149644260577,66.4741441189697,77.0734247383763,417.12968917287986,2.5505877697155634,5.711919076956698,0,0.0
32.7400231004421,74.22245242315987,73.66812562852664,916.6000757823358,3.262329020146893,6.319231938655837,0,0.0
22.147920139992028,71.14146184805898,50.804526666540376,42.43509079570662,1.051310455362721,5.537732503089778,0,0.0
34.43448186809684,47.644442282239815,58.68651403687099,802.1808294871632,2.6490184909934884,5.796090388807171,0,0.0
34.28834803667644,82.23951801447808,23.48183371301723,136.83441128259565,1.720942434946092,5.921539756905566,1,3.977724943047415
22.20973793221446,49.78875557065681,61.74383168194389,176.57720156498448,1.6981206383810787,6.20891510664602,0,0.0
23.916883243114448,86.61410720353905,62.43205237694193,477.35171552449896,1.5621285081207672,6.730258986136144,0,0.0
33.224447594856045,52.528564571107395,41.551957738592485,395.5899408727995,3.0568230407278993,6.199981750849739,1,1.2672063392111272
34.43257775523382,76.6940486636871,33.18097301751636,486.17230612867104,1.9323693311162362,6.341780799262591,1,2.522854047372546
25.53846474821275,54.2327696746796,74.904704109021,940.0265220310552,1.1677913456510645,6.886081541021966,0,0.0
23.45694977589526,55.88927042934319,45.60229404830766,657.3889355635731,1.2421278947079077,6.634798696753092,0,0.0
26.943598225276215,55.500092639115266,59.22236628810264,290.3093818420006,1.3715359067170052,5.575305082323107,0,0.0
29.69207650821749,77.39461270130417,21.999727698575356,172.908712317845,3.2473189681273134,5.764693886082335,1,4.200040845213697
22.649066761374655,67.84075589846965,44.84402999461018,420.0462751309336,2.068608566268356,5.557326268196901,0,0.0
30.520043968524238,84.14762279237486,69.0355286608328,451.64102726773757,3.290123348998802,5.603584391167727,0,0.0
18.8781750709489,55.36863596020224,43.2545600240429,601.2944098995163,3.043698681905311,6.008282202981921,0,0.0
18.83800637699508,74.59962610283722,56.18966960821261,266.00270353976794,3.09470655314462,6.5917877557993805,0,0.0
24.566890987474267,77.64742998315553,32.591348029072364,767.5092470968168,1.7170795278295816,5.866529339155881,1,2.611297795639145
24.00904426503225,47.57410565149791,44.99153893037357,98.4602454793816,1.6782860317738393,6.088429393707306,0,0.0
23.365764661241588,60.029467865990554,75.6582630831912,560.4533636006545,2.4001709495945702,6.090811992165429,0,0.0
26.34733596537147,64.14087471752055,53.98710498206223,623.5316532441113,2.044812404974877,6.385459825513441,0,0.0
23.45247089929671,57.78436949471872,74.11588754557589,206.83158106514531,2.2726517207508667,6.839378510747556,0,0.0
21.26838461395756,56.1056297984569,74.1211579693726,826.011350499621,1.1330105046442487,6.974840925145886,0,0.0
23.260982334506217,74.32099469988209,76.64886802546877,615.4321252076776,3.42897547815632,6.406916446491822,0,0.0
34.57337263777399,50.79331988297443,73.72349960480632,645.7222146479728,1.1454220196003078,6.257605719757961,0,0.0
24.988928088912427,75.46953726255643,20.19686774061804,497.7435057634385,1.4470782441547183,6.522813527549799,1,4.470469838907294
25.56011720659171,86.75220981953652,76.04089349489581,909.5942171763385,2.6955013120881453,6.502046871133034,0,0.0
27.80126482916938,68.25987605888756,28.247566345122586,693.9275814876245,1.3887538793214578,6.285918794013814,1,3.262865048231612
34.71679306304185,70.5717118369737,22.395575066669032,381.83556489576256,1.2671748192694725,6.605434448226244,1,4.140663739999645
22.107221699407972,43.446635106204454,23.32331207468317,238.6058877840862,1.3840509534273053,6.23690710447736,1,4.001503188797525
29.581795879051377,83.2238451808914,40.93497171058601,71.06167482348724,1.1548006080410227,6.9946876393780695,1,1.3597542434120982
30.17173979020931,54.27238935999328,57.24824511612761,165.36083718035954,1.6282968506458608,5.573495955170359,0,0.0
28.32451508548212,70.75255827642825,44.13867179113985,992.6829520836598,1.6777981775370365,6.1648234326511275,1,0.8791992313290226
19.505831773822948,88.95560848724011,21.53325707896277,406.7668959916402,2.246555218870804,6.095536515858373,1,4.270011438155584
29.5068286890688,69.77513002864039,48.58895805048289,898.6872272774067,2.0968062930119378,6.655455935420308,1,0.21165629242756692
19.089610087614982,76.23547437321888,46.5278445362228,170.56935688526443,2.184283537872113,5.786238034611123,0,0.0
28.134425042348248,62.2659809111876,65.41095593009882,425.36087134084966,2.5400987605222567,6.151113247011589,0,0.0
30.572880012769623,43.01829217575287,36.7767739055263,960.5184670334487,1.5774035781238596,6.546916804982516,1,1.9834839141710552
21.586488140539156,79.87996747448943,33.05187042766203,91.13225141929992,1.336760327729738,6.4047877994752165,1,2.5422194358506953
32.30757412822716,41.749942063199285,35.35633746059757,593.9842838125028,3.197195696613859,6.317682747214928,1,2.1965493809103642
18.516014694061074,75.0328914443927,38.22438935779088,919.171900696302,2.584853348922378,6.152432698608741,0,0.0
32.3448186821912,41.146078657481844,55.94989240202999,949.6833729542507,1.151658234836999,6.628013200365938,0,0.0
25.825593860927007,83.11526182883352,48.29152912712479,846.0074771117758,3.4026291247520506,6.469637691865406,0,0.0
21.698994978837955,47.88180179164903,40.21367391074347,855.9344323601495,2.732671255671022,6.812066538019021,0,0.0
20.274228464897455,65.71357477212756,42.45884949702071,652.1829541174656,1.379261605217529,6.599498329674765,0,0.0
34.206221848900334,69.85753522415737,42.25541960953857,220.42310809499256,3.4228360791910015,5.710611346674621,1,1.1616870585692143
19.235314988879665,62.87727036867061,78.34440168261904,730.6785444849197,1.9135183581240827,6.429307062646931,0,0.0
21.384588138910736,57.038174467444364,33.97981928317715,978.3844644587232,3.4612751996619258,5.566807649840755,1,2.4030271075234273
23.91297990636178,63.39071480904859,69.08369361633552,525.9335146728108,1.2581890734832213,6.081056293439331,0,0.0
28.543992432339046,55.570787694057934,62.492650255291224,260.6973590769012,1.3999230425887392,6.117906560082664,0,0.0
27.26161844969367,61.90611735404316,20.334200336213037,573.4710677649978,2.6435488771871105,6.782324355150703,1,4.449869949568044
20.135939371009336,57.94564954990153,79.59057308752928,690.6103562406164,1.0553586629151832,5.770557560165732,0,0.0
22.92537572354965,68.31024117535726,65.38636223801441,208.2803094244131,1.0467241030455892,6.465312257384928,0,0.0
22.058780108462408,51.89620811224917,60.94697518104748,719.1893476094225,2.979957080562251,5.7885805338784575,0,0.0
21.630228526335802,89.43282774570062,44.31948246059824,587.4328588843919,1.4194508293495507,6.9230052267966915,0,0.0
24.98945372015978,65.04349766910828,53.312185334857375,612.3499091480522,3.296974981469018,6.29424539897232,0,0.0
29.968534694058167,49.70810387072548,35.19625374004821,305.98792973983416,2.064740405428429,6.562320647242718,1,2.220561938992768
21.69669984769301,63.85333747836363,22.129004308741848,155.26681011120112,3.184130885748189,6.46981808571551,1,4.180649353688723
24.233540954950683,83.32075647624121,70.16129950675838,623.4498953056569,2.0444089602163213,5.955457785954834,0,0.0
24.645596256299758,41.09033965621978,73.7890696208703,586.2329891525718,2.32557501243035,6.85179664063469,0,0.0
34.59976100040197,73.97770595536444,29.748238196854395,338.0121877138049,1.791285404191032,6.440873003073495,1,3.0377642704718406
34.22932806694417,67.3983898396964,67.22336575074398,295.8936675458872,2.645191044389838,6.265477029096313,0,0.0
31.602338906785292,48.47789971850678,64.46916039713952,347.24446166228404,1.7955029148576653,6.292541040174353,0,0.0
22.108201653926148,80.87382196524604,30.702500116165428,489.88333849882014,1.5579252446251233,6.836035786213307,1,2.8946249825751855
19.156634339558384,58.44423111870029,45.30972815448763,974.8197351111613,1.202618279906752,5.5886792092514055,0,0.0
23.387370341250623,54.69010144077537,45.3654752500462,763.5646220262064,1.1441733695696168,6.083593138136631,0,0.0
22.535507340375126,81.40625959284506,65.59785549831491,851.7397391654883,1.7649358830057222,6.7624412917285195,0,0.0
26.600738602488697,71.92625230958323,70.25965434656334,505.6495689035311,2.8411833631231387,5.556272870388543,0,0.0
31.22137447115248,84.91295418374122,25.68650728348226,526.123611778777,1.5140501658590408,6.4587718289832035,1,3.647023907477661
32.591489960940585,71.49418518355998,53.77815409425217,204.32466143702766,1.7480686253487414,6.104896274709801,0,0.0
32.362689451978646,77.04088289660577,65.70490981573312,721.0458363010783,3.26292854630531,5.8068752057530455,0,0.0
24.11448454079215,81.82229481298064,67.1714356439095,421.5840057906361,2.5978937395283017,6.417107300885509,0,0.0
29.68298383883161,42.736981795496845,28.879611465824535,742.4468588177112,3.299305973554941,6.746591504493205,1,3.1680582801263197
23.31818135791174,78.80244794346902,51.53030858904765,409.0553813126254,3.2780650850090853,6.201009331519394,0,0.0
19.035394234998105,70.68532409247884,71.45352238176218,108.51718721390813,1.1585267062142248,5.7201060841315226,0,0.0
29.92660951525002,43.47538982575966,39.111114595117044,173.05368778588348,3.387523312320912,5.959226829732944,1,1.6333328107324434
18.167068393686392,65.42889609343575,45.50701393470783,811.5700780746832,1.1279448976531392,6.972029875073526,0,0.0
24.956103986794304,44.122903899197695,68.26151068017995,258.6164895589326,3.314047294371217,5.6666378300857865,0,0.0
23.599447578135287,76.79736008616112,25.359171271025737,264.3544225670693,2.3668335916417895,5.741072530278471,1,3.696124309346139
29.787418154820493,67.32508569489416,71.5695973933387,929.3680900023313,2.3329739571934787,6.985266771864806,0,0.0
31.02617303692644,87.67867687061486,38.669403003848544,657.6356228668495,2.7831601565495476,6.823152135531877,1,1.6995895494227184
23.169608811511825,49.15676857858849,20.08701899546763,114.30755388435631,3.198028176904325,6.560693117103621,1,4.486947150679855
31.79765924556251,70.30167262601893,34.0495487033815,143.58527013193424,2.5425113891531423,5.726474880191551,1,2.3925676944927754
22.996584928583875,50.579106728524565,25.370038453730388,272.3674327202794,2.063499634453304,5.86082372477742,1,3.6944942319404417
25.58754811977154,70.70324923636991,25.543094419774647,593.9956878266328,1.2797233574619338,5.7702733060979545,1,3.6685358370338026
30.35931495924028,76.13248511804282,61.57014404855549,752.8254699056728,2.9730232647371966,6.446432282515894,0,0.0
29.779643896821405,76.11521646647694,32.838580138343886,274.496443453197,1.3207337311770129,6.098303331610577,1,2.574212979248417
34.7852640293074,80.7536995341305,76.08454177861896,870.6420374149645,2.8159146529981074,5.571668704292641,0,0.0
21.827737411670842,82.67751139791584,50.98667279547824,109.18017888414855,2.319812364455065,5.9369384540897565,0,0.0
29.2594045301729,43.86358631335885,47.605895477295114,207.59916804317956,1.9645898118951712,6.790979839096977,1,0.3591156784057329
28.364592440688217,57.163357853620205,46.0570110932091,970.4649211428775,2.532465965633419,6.694063500121996,1,0.5914483360186352
33.55667372633051,74.35612601799028,61.55525838029791,134.7448636536577,2.9308902151863574,6.4645177059538215,0,0.0
20.658156407962878,64.92931436956061,47.13576575141651,888.1113077238109,3.3528490461265523,5.62831527129121,0,0.0
30.78056878097786,49.53379733773957,27.71602137351151,703.9350754040954,1.6617422070944998,6.824186228709323,1,3.3425967939732737
27.660566476569063,67.6354785083349,72.8103308384454,73.08709064170671,3.3678254005292456,6.301776713122383,0,0.0
22.669319786394393,60.37178263830719,45.70372093553952,483.7068288999439,3.40237011496948,6.241864015045071,0,0.0
26.065393540501958,59.50191388271526,24.440274541970147,518.9793531448064,3.0340762861992006,6.901095365473336,1,3.8339588187044775
23.674202150186563,80.48768587178319,51.76195924986567,932.1396314158376,3.2035929373558725,5.513266040387616,0,0.0
27.848327847403837,60.37991669160906,58.8408115073422,421.1045930771687,2.7310687842929293,6.33384581025216,0,0.0
33.11301038384932,41.32272527402121,36.53494784946551,446.7636154642759,1.0977430498282117,6.68686658678306,1,2.0197578225801736
27.678184735007434,42.90316694455456,68.02042446043055,112.48375478637828,2.4376963617634804,5.595535711983271,0,0.0
28.73928111155193,82.81220208458102,60.18655076224182,639.1725634376625,2.86801140740193,6.035758101122304,0,0.0
26.81871340095006,88.03004050062606,59.02047015586601,210.8969758890966,3.3542578367658376,6.966227776779561,0,0.0
18.86981360957309,74.42046682278539,45.24949717206765,77.53325822370682,2.426129617547184,5.817679077484971,0,0.0
21.958595466893602,58.21841470500401,77.71491808467727,996.919000070794,2.9855016956434586,6.296769150108933,0,0.0
26.36402940034541,86.93001578973637,36.45135007695486,269.6296279628052,2.762596793861235,6.6191035390518325,0,0.0
23.27399982365998,73.14015431878678,54.662330060927154,141.05316512880395,1.7020072213689545,6.085560778760403,0,0.0
21.0899811619403,82.21667745996689,38.54330944835705,699.4903745971764,1.3868201878783963,6.111809869986605,0,0.0
26.57025831261345,78.29261520185047,64.68828517829324,821.6821559219019,2.877263321694751,5.594902528154904,0,0.0
23.487766488613456,58.95696578862962,22.86748903220729,64.0774931263467,1.5844209029487684,5.7851400226309755,1,4.069876645168907
22.38782993394805,63.93511004253928,22.753632072502953,105.39330746978703,1.6117288865753523,6.820913838273382,1,4.086955189124557
25.887752096486473,49.306607718404976,68.65165817112748,90.17382358204584,2.609865596751619,6.727476460625127,0,0.0
20.265832387396944,54.600705022036706,46.05608966382026,46.95930332251119,2.972671160073821,5.956957783394603,0,0.0
33.77167746228193,78.90628306432609,40.47080327602134,659.4564786342838,2.4558302321530903,6.072566948471383,1,1.4293795085967986
32.750935664627065,84.69891959415541,56.451611730520305,588.3131897393641,3.212457884697678,6.160615635433069,0,0.0
30.0295499575891,76.22302116257059,62.113960632138415,662.806656559933,1.528608173126686,6.018915442411404,0,0.0
19.805635069003756,63.25868483283192,32.072080810664396,505.66716327418106,1.631036073851849,6.480867556270638,1,2.6891878784003405
31.189913325984783,44.32546344698738,31.12587448428389,817.5076854055816,2.5923887603936113,5.519242646307442,1,2.8311188273574164
31.735274577853325,42.847397434922414,77.48904486559289,546.6683024985755,3.0734204615457426,6.820252083882249,0,0.0
31.051998501143743,58.716278230642686,55.37985838307416,918.7469347996249,2.3483795041955835,5.950973640328929,0,0.0
19.9374200810271,63.191085938383154,43.406988637656085,485.6485325039933,1.0259539332563654,6.808560192739509,0,0.0
28.946435270152,70.45603111066484,68.08650168017039,790.6586612115988,2.692357823017353,6.181578726434931,0,0.0
32.18352152773978,40.32447606934986,51.50953752667503,407.3603536836341,3.033956082544837,6.664496487560168,0,0.0
27.81500782073435,89.48614452331532,34.49976862247488,435.2238947764429,1.6913590697399352,6.738669758367469,1,2.3250347066287675
28.98892537887751,58.196944170202144,32.40411833849443,848.9920452379168,1.1354955722056685,5.951933235446849,1,2.639382249225836
25.792179150247204,82.40473319005608,43.8115559701893,107.65983535766333,2.2948799452688706,6.460487213675354,0,0.0
26.988024438028894,66.74833528327022,71.59375161559278,564.917754983208,1.1053880508773837,6.411120963966088,0,0.0
18.584406591979327,46.52197272666732,23.686874962655537,726.3364677787856,2.040041859788111,6.214021152875297,1,3.9469687556016693
28.862371373545837,79.87827762672609,33.111560045285785,750.4206154170537,1.0445446111757386,6.204353015345907,1,2.533265993207132
19.384602619149707,75.4913537459938,73.58910913115548,591.4935271699754,1.5624168072698412,5.957804905506571,0,0.0
25.395248103783796,66.37180424646141,27.30407413815503,448.0644841595138,1.9720561297172747,5.965285767411943,1,3.404388879276745
22.97513666034593,65.727654566689,57.7775430958501,260.7824438667578,1.2792647243631445,6.322227412408052,0,0.0
27.272275153599125,44.3739802875464,32.810682087261505,909.4262353541222,1.2853897599717081,5.548405926984022,1,2.5783976869107743
20.26807770389452,72.7924474286937,56.3520108507133,369.78794752132535,3.0676543508140646,6.9004965729620835,0,0.0
29.757937833546407,85.562257787715,42.986250010653926,798.9920885333459,1.1035596668934988,6.474968984454672,1,1.0520624984019111
31.515196127783994,44.66224596106792,26.10061378585951,31.66561296263626,2.7224156216841147,6.165165309744821,1,3.584907932121073
20.77702564563366,53.175572532445244,54.94850405324638,232.1692146866091,3.036205123373379,5.592709003200839,0,0.0
19.773322484981996,85.11539867210493,60.98256482507516,345.5847928841226,1.3268058853390974,6.445018765184605,0,0.0
20.473763207385105,54.21719549098967,60.81635713794817,671.5740633102042,1.4884268362836817,5.526613994116247,0,0.0
32.91116855227453,72.69718360899631,58.222064544362574,319.330807161891,2.6037332539875733,6.519800792638026,0,0.0
26.979217449858055,66.74090824715721,50.013486856132744,41.36380081930713,1.7891165318580473,5.608786671285974,0,0.0
25.943436932127543,69.8163802501931,51.168357011559536,173.86751605401608,2.1910576780872506,6.48415328463972,0,0.0
19.81410092474002,60.789445078862656,58.13840658847758,259.165352369326,3.09000677069933,6.108831649525673,0,0.0
29.04245211486835,54.999573527685556,61.41556170479846,176.04747993581904,1.3449579284607247,6.493942742274696,0,0.0
32.75599306221653,42.42667253648345,59.292604329883105,203.7245601411334,2.549131304761765,5.707745988359959,0,0.0
32.0791597784987,77.21404696470822,55.216733894807106,768.9569406733544,3.355994305702,5.676074363811641,0,0.0
28.64293005267362,77.30467310971133,29.350339088247104,412.03364395046015,1.1436665742179264,5.8711360615148145,1,3.0974491367629344
19.27973818307845,73.53628700393617,32.63699230957171,405.1792446679252,1.150016912461903,6.117266977334877,1,2.6044511535642436
19.91074946199222,72.18168940598103,35.6134412621209,966.6063366594861,2.386855931544093,5.879546427819954,0,0.0
18.83825278086702,52.18585660837631,75.17969942525013,446.7018379442003,3.400189490235823,5.623023076564586,0,0.0
22.37714668037198,41.11724668831456,65.56370550781799,927.6581325323949,1.551184105916972,5.987542147459991,0,0.0
20.306244941726423,80.43576984427199,53.1720091722127,299.0630982166803,1.8269799242905012,6.558641350194652,0,0.0
22.420816684291374,64.55692678479134,35.12341571264281,400.6262599041731,1.2466199363696842,6.374629156275725,0,0.0
24.54598694722235,55.34190653513092,26.65349139465027,396.28335606746214,1.9056180760921246,6.94498683252932,1,3.5019762908024594
34.03070732920931,45.096595339028504,73.92555355879848,546.0788323146444,1.1108312000501999,6.153882491485823,0,0.0
28.376393016288766,43.13607954506942,73.55996094937503,584.2472908539522,1.972734994361858,5.999203532706968,0,0.0
32.19455435661036,57.443336089758866,26.641735741741492,248.12502904226886,2.3887194373550775,6.5405192915391,1,3.503739638738776
30.075975512109647,80.23685323834702,67.83299996578977,793.5842504171187,3.437512066710653,6.117938184194499,0,0.0
19.91255321895274,85.93618746669152,46.79870415859476,496.5259546767925,3.045969949104875,6.42746390309984,0,0.0
30.51064690835713,84.83756823065323,39.438015969832406,7.043553518807477,3.0551635269383732,6.919430920849545,1,1.584297604525139
22.676680986505115,86.00004173748275,64.34627217252243,591.3406333166802,1.5703608114304928,6.2487838428088365,0,0.0
28.864833398910008,85.38626715646714,56.859772463643836,798.0594415291364,1.2180867554221129,6.247262508836994,0,0.0
23.796353551930807,66.36123758001979,66.80180645560024,250.4667378154578,2.5076867602606088,6.662749785140943,0,0.0
34.96042847549921,50.970781927845195,24.459731637976226,37.871009361926,2.3028454876394187,6.634114982774501,1,3.831040254303566
22.480375151445223,79.90232914184102,39.11522119744738,807.1786556507227,2.291259691444078,6.274347169586196,0,0.0
22.745218003162584,50.68564874262895,39.15901102500415,976.2767159716271,1.2725199655017745,5.597080523345186,0,0.0
33.82142834456077,53.36036383782845,39.78518553726593,76.56361466490236,2.2347122356583147,6.971180490781947,1,1.5322221694101101
18.418954878817484,51.66271609112742,50.14879235862833,938.0368073257212,1.375889351498921,6.06598063154391,0,0.0
29.843712793844347,65.74912018479029,36.98082818485685,359.274411976062,2.0552864842795957,5.975059624673124,1,1.952875772271473
30.330548642509928,56.091375408454,46.66301660525119,941.4396085880875,1.15540658161204,6.972320249926221,1,0.5005475092123219
32.21843581597679,47.70780248126707,42.06665558692495,648.8393240024468,3.1422314985214226,6.80820282534096,1,1.1900016619612572
34.56546828085408,62.658670594694115,64.11776288123068,890.2443124484133,1.0329502157647945,5.995324962756239,0,0.0
34.585232625663096,83.69536193925835,56.21004774050301,785.8330250514134,3.348307848613324,5.962463583629452,0,0.0
19.109704878629888,68.52764274749862,59.21776593903893,27.997742820626836,3.1572295568223474,6.581431213951165,0,0.0
31.971268486799342,83.91678029437935,32.63503364495867,65.44250232505388,2.8815201814232574,6.001473853742618,1,2.6047449532562
28.987268872175484,49.79360925395687,39.53012991961336,525.7446051185441,3.4563764557143117,5.877147944746607,1,1.570480512057996
29.00481628434255,48.3486936836277,21.269926856724457,129.61901984491263,1.1345499928189577,6.969506270390894,1,4.309510971491331
20.181948752449813,68.778856284921,26.502482437590196,461.0342391571515,2.6039927651308665,6.34856535667585,1,3.5246276343614706
29.053181829576104,63.166445077313654,35.90325391933324,954.6302985644676,3.12325522617929,6.643746431882416,1,2.114511912100014
34.70220387022121,73.00863208234784,23.927823278121263,294.75728755448426,1.3165427413269235,6.569582439537836,1,3.9108265082818106
33.5009156821706,79.73133955133908,56.15794402128215,488.91271381574086,2.461937446666318,6.633288991975169,0,0.0
25.46522123368246,77.56536478260882,79.88780695542951,384.2596300680694,1.9848047717366795,6.855084964275315,0,0.0
18.679115545863603,87.11305868292806,26.04891284392331,629.8269642482485,2.089567783367733,6.25115249934076,1,3.592663073411503
24.158989330003482,59.91282045785058,69.2738127601559,193.84493065155883,3.2813102134630654,6.630067268892303,0,0.0
32.04863529720944,50.31933711240904,27.128974835908828,259.9392901342833,2.346628625686831,6.695220751484607,1,3.430653774613676
29.92548472490782,67.54563199739428,60.19484112778616,858.7678513640101,1.2331551121158104,6.9195768782440314,0,0.0
25.80884214509726,45.53715600955928,58.58945618354103,811.3362238603384,3.3430404346110723,6.569645054579011,0,0.0
18.936726097700127,54.44255616658157,74.16301608867195,789.1896888706405,1.4630279264072388,6.838923699077318,0,0.0
25.257210372996145,50.394402763157224,26.836736820830744,770.9196093178961,3.2315920411801597,5.642557150299943,1,3.4744894768753882
25.97342397520402,59.828185839854044,38.92666796491387,459.43749346157904,3.4273018027134,5.689144890862118,0,0.0
33.78544405920031,45.56082875011077,25.446785621281144,728.8907725322082,3.1945936579017387,5.737519284265514,1,3.682982156807828
28.89846376089671,41.59208722740489,44.44299954826603,387.2048178721178,2.692834444522301,5.717219608065157,1,0.8335500677600954
23.29809958312903,72.83970023150158,74.6955904134467,100.70958018948018,2.8588795495577255,5.631278218602016,0,0.0
26.930410495662265,70.51244891449025,66.89138906371136,393.37464164889235,2.749668109411888,5.683860678679402,0,0.0
19.12294023297672,75.41794680193306,63.37400602671915,158.66304422793087,2.151310969637657,6.993865427300991,0,0.0
34.53366000604552,73.0193220135672,51.98165029176212,390.8516806325096,1.6860492968629677,5.908277544325684,0,0.0
24.12101833282234,45.71473405711917,73.00914454013137,297.42521536288655,1.7125068248775743,6.217072160717795,0,0.0
26.123745033523306,54.553944068782315,46.966507894479705,599.1606670679249,2.8279196532153437,6.732423054303175,0,0.0
24.039827562027682,46.47633049501762,28.981140026038297,361.54041549842344,2.5650911208013754,5.677457011131827,1,3.1528289960942555
29.6026994119754,82.14862010242817,70.25511338724675,705.5896633791784,2.4622100849228667,5.976047509463161,0,0.0
29.25794669160308,77.34518276777617,36.77829968310361,512.1466810476494,2.631522094810994,5.738929030326394,1,1.9832550475344581
30.160479278995304,50.07635014591212,23.218012461466884,919.4922785153998,2.9369655885772223,5.59383417404111,1,4.017298130779968
22.558434903402656,57.06546202449467,27.562281840127483,91.02543535038699,2.8708522866138337,6.941130070945762,1,3.3656577239808776
23.366364179789123,88.33074961321071,56.543534971648896,687.7091886413323,1.2634910144810045,6.787536754027305,0,0.0
20.129270928635535,69.70796789398257,56.42491783527035,672.3968775700396,1.907587624266786,6.818946992305387,0,0.0
29.143669521383913,80.05777986505785,35.610990264922066,950.6265474127007,1.659917841960214,6.803020199698565,1,2.1583514602616902
18.676551164706094,53.229551738436456,63.63080887675874,371.5518670436525,2.345596655560363,5.731850251338193,0,0.0
28.160599703898804,50.50264600896526,66.41840932397207,305.4379697121623,1.153540205928947,6.677495344351159,0,0.0
32.78483004247778,79.19584644232742,75.23015756801709,172.39344421365655,2.9061601187312673,6.591806802650927,0,0.0
33.14414652092377,74.29362276157201,55.09624992069422,265.2885153552936,1.2663183344068096,6.888123040636874,0,0.0
25.63364192628935,74.04889646058818,66.76540184885437,501.8907727551386,1.6785050647765447,5.82898340839475,0,0.0
25.808162699622255,67.63172909145969,65.18598078629802,837.7129619599772,2.956853763052619,6.121066580313482,0,0.0
19.308476111136294,68.17891713882744,35.46854290803157,284.28660348064125,1.128899957296771,5.942392769070821,0,0.0
29.403005432531607,76.78487526531269,38.613555676259566,157.74211665739057,2.650502671389979,5.8868767274752,1,1.7079666485610652
31.961410146338373,53.50012405605976,48.708943745172284,272.1284710741687,3.311195679485966,6.478572531284257,1,0.19365843822415732
22.159135928280122,57.63842329284779,21.14233805175491,100.92697502848458,2.5440945429694697,5.745915024696159,1,4.328649292236763
25.1621149877672,83.58183852600276,37.843866389463415,926.6954163079961,2.781643718503527,6.197210679449769,0,0.0
32.260268725009595,55.44326005060789,48.43297240065428,872.6241520222472,2.980667181306367,6.469960671140196,1,0.23505413990185814
32.9110479502589,67.31547856896495,26.484157716868623,308.4917169851523,1.5556158054653788,5.695454600605064,1,3.5273763424697067
22.13405966449184,75.1319732003342,27.576553266507524,246.98781593186703,2.452409795031408,5.885470206006607,1,3.3635170100238714
27.35970078720319,89.99624134165882,47.79420414424047,905.3973140649157,1.7726417900754727,6.951049086856497,0,0.0
21.27238356080906,61.7645665747666,63.85790189515587,1.7719513209559778,1.6237384480632633,6.693143997505877,0,0.0
19.731938990372463,61.404643831247185,70.02493585524098,600.5775279913466,1.481141037713886,6.515432014431084,0,0.0
33.48904852366328,82.12941897168338,52.77883385028491,916.0037609456705,2.4635765382567767,6.783953810651949,0,0.0
31.948627571945856,80.27515556299316,48.48493925280387,508.5574889063528,2.986329816384513,5.520952678208341,1,0.22725911207941962
30.920593330653958,76.55379408672744,43.05683410758532,2.9669595996338893,3.189722660471114,5.509111651600171,1,1.0414748838622023
18.829027419823387,63.161481870451446,31.576939546256373,218.8714293851557,2.0714648653546486,5.730949953963505,1,2.763459068061544
32.34338947607438,56.19695600803579,28.79372016886188,922.4415938919341,1.9322475004948472,6.242885679126662,1,3.1809419746707177
25.446749290391523,70.43652412924243,67.51378709970848,17.022424179829244,2.7182672552514777,6.35496056074878,0,0.0
23.820717096029615,83.81116465658204,47.90039793274017,394.7797660632014,2.9508981046308764,5.670532797163092,0,0.0
27.2900981374314,84.18887291042932,67.41921472878528,789.7447263329782,1.6332983416809914,5.60842842977602,0,0.0
19.553005126300448,45.42491725352192,62.244982154037785,838.0909936850034,1.7432272105275917,6.742501196645322,0,0.0
30.86299133899078,61.41751419065753,31.63375486300273,477.6079326286701,2.333483297877376,6.196702722209587,1,2.7549367705495906
27.90139630710103,63.236097809937476,50.61843585267354,232.4837517328525,2.1109642195998592,6.9887416386833845,0,0.0
21.17203164684385,88.88076837618766,46.64099782536084,599.7047176861589,2.7644693326493055,5.844019988669523,0,0.0
21.199947396073775,73.89990076212922,45.432410365441804,263.7780315573015,2.261212477469365,6.4708016681497424,0,0.0
21.13222707673546,60.36232086310353,52.55426295222883,255.26425799591635,1.2789977643064567,6.706582248296508,0,0.0
18.969040588382878,41.30289429927965,78.92491406452628,807.5997633970131,1.4148829869702615,6.8089572340191244,0,0.0
27.992573639318643,68.2692580049598,68.77403586024471,154.2658352966131,3.254772109551599,5.959478523208889,0,0.0
32.28591901900464,44.803798781917806,74.2227458978235,5.521478401990798,1.5684959120748223,5.789920574360824,0,0.0
18.297469637785607,81.72249786738816,21.778374990562252,336.77521700584913,1.1252152285447505,5.839141859978958,1,4.233243751415662
18.83307896451165,77.6259330285181,28.420182007550356,490.97395499502994,2.828636395718063,6.500114154304775,1,3.2369726988674468
27.73709470367808,63.02545799540894,25.08581961347381,705.0803918953237,2.710027859611602,6.283494757258283,1,3.7371270579789284
31.931426651562887,61.46053897708499,35.7938603039166,781.1152576042886,2.5001900466370497,6.398487073944218,1,2.1309209544125096
23.55456113966677,84.86694827843843,46.513549517999024,663.51921113363,2.255640386161901,5.53079292697268,0,0.0
23.943444779731276,54.422917520906424,58.523194859353374,626.5088803169266,3.4239508851170486,6.086459813605604,0,0.0
28.13789045744519,52.45099810533854,50.04987597719612,665.748722319435,1.2995807397961334,5.965222699127521,0,0.0
22.661619115110497,86.9598716412881,74.19103489478839,271.52651758109903,2.275406956445375,6.795671936116757,0,0.0
18.45234222332063,80.46229183767413,76.39135753363183,382.3613229645678,2.410112358675109,6.664388033874537,0,0.0
30.498884807727134,81.03127965335973,29.811257071847535,616.4365009995645,1.0562322959520984,6.14435779653954,1,3.0283114392228696
28.636048520004703,49.759690713796275,71.17477521588711,65.57066035397285,2.0299810620108465,6.44579437162669,0,0.0
27.872851983946205,47.16479957154672,48.903332240798065,295.32535006785565,2.957005313471603,5.5715190906126955,0,0.0
30.608630192860993,41.30147749085675,47.199768279043056,406.41894475765304,2.177746888107331,6.4558771761874505,1,0.4200347581435416
29.478924238554637,51.852075445934005,67.0963609090741,533.440682853936,3.188196124477292,5.645807493031667,0,0.0
21.499993799031458,78.70952458571624,25.588430542692596,486.4821073609611,2.611997329723648,6.571028171378518,1,3.6617354185961104
23.99217779803697,52.00192093820749,72.9495876451488,718.1318781539937,2.9152134101246854,6.36075767280036,0,0.0
20.143872408536623,76.4551641797438,60.25180127285688,473.4266754164611,3.0112003379809,5.950739863963309,0,0.0
20.207569228103978,52.595413268371075,72.51569645947987,904.1299838249889,2.723750598600333,6.056259994483713,0,0.0
29.495327688061167,59.76462489753358,79.66865466245737,380.31834215241736,2.8734516500658778,5.635137373649734,0,0.0
32.59620181870247,89.15811449557043,51.0802671414352,525.3717061761564,2.7382763495531193,5.98418270562199,0,0.0
34.36645392563936,52.24058656420678,25.595731874535737,3.2103896020267975,2.376159371134058,6.950264365444333,1,3.660640218819639
28.681900998340552,58.81853136491338,29.99143177585319,310.47795644618935,2.4163324139885827,6.229277293925769,1,3.0012852336220215
21.129722497136267,55.05435902326068,39.41709455325859,866.5729773139923,1.4747119565920033,6.21136138307777,0,0.0
19.796055872631822,45.48124931650011,26.213176528082574,333.5763945962916,3.0685980834476423,6.443843183484323,1,3.5680235207876136
31.818466516124882,64.49470710654126,68.9205095682662,253.186333332462,1.780343284429747,6.226665714604721,0,0.0
27.838860098119987,58.93453316665011,37.81207106196611,543.5369624422216,2.3393422061633276,6.033263649644465,0,0.0
28.510845357233237,74.74435429036402,78.55317128119191,78.73009844207246,1.62386389485629,5.709282361103089,0,0.0
31.284855508830056,80.8797273475773,62.15548591591134,531.6051316503992,2.7396624477655687,6.445472857250193,0,0.0
29.955712871451677,67.21248572478193,30.40582221533346,303.6657982421883,3.437922380459839,6.6233836341690155,1,2.939126667699981
32.18579029855364,41.609821104366844,48.56255881663642,383.1028898743876,3.0048505866185184,6.884653979473631,1,0.21561617750453727
18.955636392817933,70.94611781173609,48.013053297999264,791.3650043371448,2.5477387047189173,5.50452078485781,0,0.0
30.70785082469058,42.76953650104696,49.55069950001803,661.9640186141183,2.4187663343552526,5.599990616820984,1,0.06739507499729598
32.46449687447562,70.81781617995125,52.14147023857613,446.10609312384287,2.2244281433823225,6.849108492964502,0,0.0
22.864295721791343,74.25149746345943,21.87038493906385,577.5163130849395,1.5124285794090007,6.446733309279377,1,4.219442259140422
28.8876036578853,49.88838138087592,61.178067544617406,766.8587553202292,1.8700251296106138,6.936865414648233,0,0.0
23.340755085228526,80.96730743608856,49.2315065173066,745.7837451961883,2.0159851854282516,6.146266891183104,0,0.0
34.28550813020172,85.55425657870242,67.45792393212193,185.3217105511784,3.361422687102526,6.125030755374561,0,0.0
18.568200731403564,80.65434820569098,68.92097439562583,300.91922199920475,2.063957135090031,6.016396869096058,0,0.0
27.856478345160234,55.25545951060411,33.832107319503045,348.2369309660253,2.465475886989815,5.714228385804574,1,2.425183902074543
20.830560299841757,69.33215062228172,22.90537678560667,187.54229000500445,3.3060613515293973,6.067949363421653,1,4.064193482158999
30.1077434880117,85.7407574595614,62.19403136673935,12.161454006304195,2.2960660195283578,5.521972810290457,0,0.0
20.990134818117255,56.033236311142495,78.66576730783245,173.9672687888122,1.628624449660086,6.263969927310482,0,0.0
22.00151545227208,81.00139111327125,46.799479194854065,808.2443270814872,1.952515266495194,6.770815310677368,0,0.0
26.404303787777888,40.47375656308483,35.576768575615745,545.9204513924711,1.9388480011319573,5.9817951305359225,0,0.0
33.55219414994693,40.182335139233814,29.40031367500886,341.65802698718085,2.786793911755386,5.641960234782036,1,3.089952948748671
21.599144326515503,77.98558301694837,37.246735843435104,608.3444456294648,1.7403018261500647,6.960641985030936,0,0.0
20.45208035900776,78.07237910635607,39.67517308228699,739.8341253467917,2.8257214444009855,5.693466413321539,0,0.0
30.902606141518522,79.44885939261468,45.432484606067874,354.42778302086265,3.2231067797168143,6.293046245169249,1,0.6851273090898189
26.510532049676826,86.50134189440811,59.32442739287519,466.0748415349745,1.8401825292842795,6.7137785308811795,0,0.0
33.500346910490116,45.89531559101421,36.389783364813624,64.21321667011559,1.3383527506144226,5.878517811092902,1,2.041532495277956
20.49244747171732,51.59924924918442,23.058605808120557,597.0905362124792,2.596385877421607,6.762234309843446,1,4.041209128781916
28.980774181391666,85.18624601869038,42.39671669436318,356.4070955521846,1.9021361688099856,6.3355377110602324,1,1.1404924958455231
21.958945484580855,48.86180988861767,71.33777696954454,433.5236476007876,2.3349654178614445,5.997903519821676,0,0.0
20.66492728707787,74.1114633788292,49.90109065111302,422.60061794692473,2.585414079599027,6.7985338241959035,0,0.0
29.6183000576736,66.52315000204077,77.88702546472459,632.4092887425428,2.019357360152279,6.433000229969426,0,0.0
28.092638538448465,44.15968384257536,50.2172918653239,572.4653489544809,3.311736129475187,6.423076639881626,0,0.0
30.83206679215963,54.26318309707664,36.55392901531087,422.106047776568,1.9990366354261804,6.256014575704785,1,2.0169106477033694
23.2608637995851,66.0186108220484,31.598839834712876,16.955021490728694,1.7684358181000723,5.912106230700599,1,2.7601740247930686
25.61551815849723,82.6175058341917,61.671469807134585,620.9626146313792,3.2141880527472186,5.957290669182616,0,0.0
24.893018497617113,75.37692448073369,52.182877146646184,879.5774740343271,1.3407543085645242,5.6321186092891455,0,0.0
34.72952088743074,71.09415807274665,56.23993573972649,769.5515715938976,1.3105223219639752,5.865585559274118,0,0.0
22.968232264569593,64.80164449707074,65.30760736004787,981.6156322500822,3.3392455190140646,5.916737629060348,0,0.0
23.011893051895036,54.934199190706714,63.55420785589358,139.07533802071336,1.5224210352736225,5.5880522389471965,0,0.0
24.027319550086325,45.96224556596306,22.601798010093617,222.5200527878537,1.3710935090616014,5.665472105018685,1,4.109730298485958
27.598099381935466,60.453801728304775,68.15431431770169,539.2674652219791,2.3379207600488714,5.905379482806556,0,0.0
22.289486652483667,41.42592469556463,51.962198423102684,235.88170234380647,1.1169711655257437,6.515878784679536,0,0.0
33.55992898644766,50.55279446334253,43.50251184888636,34.54978128168984,2.5500375018189003,5.776352486546839,1,0.9746232226670464
22.51665460272648,61.62416879363299,52.25116557608422,402.28827616394614,2.1323269958476616,6.2827743998318,0,0.0
33.22886743652331,60.93025928359575,56.7470869074395,287.6447341539825,2.6010299110368336,6.261854898243293,0,0.0
19.75907608199194,42.21477154984962,28.97037859242782,263.76084565888283,1.7098422588318762,6.751057119435485,1,3.1544432111358267
29.16156594079409,69.45300767626456,45.0449237195867,953.1728170242486,3.263680535872354,6.413745708087385,1,0.7432614420619952
33.418753813450145,67.48421279266181,40.135172611291026,238.45411626544956,1.6764517818133642,6.875498618040761,1,1.4797241083063462
20.868740452769902,43.90521520104564,41.024536689082304,129.43257118739783,2.5939117138571515,6.4421520539731025,0,0.0
34.461558321687335,87.15815262302196,25.480096304438494,125.31925790785114,3.362729626569062,5.538273456698875,1,3.6779855543342257
25.699017127063698,44.96913894754301,29.590609280013823,806.3240734885292,2.0020232208532063,6.07223810784251,1,3.0614086079979264
34.07715684349742,82.7417075618668,29.709924055173282,714.8480745267402,1.4035663207321125,6.548571964084169,1,3.0435113917240075
29.5059407417108,40.015486595750296,42.393484593298865,129.4861955670622,1.1709561897795844,6.212682841629241,1,1.1409773110051702
23.126976787850374,84.11405475226915,73.6694926924875,219.7531188607863,3.4075449920190155,6.129096804732371,0,0.0
21.201142923590808,40.985986610215626,32.36164231525656,747.3430084435303,2.9092537149848474,6.507318446343792,1,2.645753652711516
23.16349578582669,77.8906015946058,44.971550460488274,274.61639783461413,3.2973801501769606,5.928599319477397,0,0.0
19.581295957465475,58.084540565012645,38.69656491794827,981.5420751573522,2.7470826328995286,6.863467047537755,0,0.0
20.445755427836605,76.91084000681599,67.24299875308029,540.5700666209087,1.8561212604733923,6.119715401485876,0,0.0
19.77922748589018,60.08726027124892,23.00758593924897,192.0079704100882,1.3075414649584505,6.446826716376299,1,4.048862109112655
25.190040243606482,43.54539611659209,31.792603732153424,858.8084545127331,3.323267148187502,6.973499899855293,1,2.7311094401769864
31.52483239637897,78.3753347697682,32.63849254128766,319.4755458972351,2.2240476103273528,6.678220344931042,1,2.6042261188068507
20.403520421677783,43.56263426606825,79.57776801879388,288.8073550643778,1.991272490694057,6.297434738157237,0,0.0
20.21544736392971,86.10602179806091,54.246501077978216,327.4412334514984,2.4444801530978078,6.789081382374153,0,0.0
28.938292141794623,42.54870178958307,28.337495863011092,768.1972482230377,1.2663983035776727,6.340656577703669,1,3.249375620548336
21.352110693457128,63.966263888575774,36.33194835659393,173.21294971594813,1.7730095484362098,6.162480151941908,0,0.0
19.659370647852857,76.15172154253978,30.069325647375457,381.785780260938,2.5946902677454178,6.810179417496993,1,2.9896011528936812
20.83642582949482,59.66232323960189,27.47627417716688,30.832772784410434,1.250307365892888,5.540733035336414,1,3.3785588734249683
33.70343372990519,50.861673729621735,67.83092170447355,826.6266173496077,1.3381068974122097,6.111199205144813,0,0.0
31.965011297195243,77.95454806980135,49.74515771962129,340.71876630700524,2.276469660227639,6.014488699853869,1,0.03822634205680657
24.0190975600366,79.21473523943632,57.872608210926884,248.17291980837442,2.5586428115027275,6.571129459543123,0,0.0
29.14895304456568,86.13474919771836,39.87507481951977,579.8932423754992,1.467504264484477,5.5188793227307205,1,1.5187387770720349
27.13368645235665,58.80825552155389,53.22170516403977,704.9918837513753,1.0827115861387295,6.491278718206711,0,0.0
29.51111247920359,65.31258672486635,35.454141951421825,812.8960371829431,3.3959172319168904,6.019541853886867,1,2.1818787072867263
29.60540959186691,58.1564221423036,38.48217649569409,347.78494549906793,1.0687316447063921,5.646840068564357,1,1.7276735256458864
28.68847825601988,52.85409109256841,59.13427666200398,812.3008501490696,1.005130103801603,6.970496172603354,0,0.0
22.523723265134244,77.55164807688043,29.021007555153815,464.8810003714582,1.8083514220704993,5.818343106776156,1,3.1468488667269274
18.66310915296791,56.98259225084777,57.03331155004771,101.14226754522493,1.5561329219389206,6.0236948934214505,0,0.0
25.74463529383185,61.40747209961761,71.13408898538763,846.3074827157793,2.433965905245527,5.810569883919069,0,0.0
33.14655603974197,60.18368288120139,27.225393570846144,547.6347821046144,3.2355221921027004,6.492986795938033,1,3.416190964373078
27.68145339481579,75.6330612823373,73.84767683419874,602.4695719473855,2.2027691810982866,6.673774471102234,0,0.0
32.15064770893243,85.88978130553399,24.766740817933698,937.4912696947354,2.9332530220424267,6.790961251962372,1,3.784988877309945
34.85761383034088,73.33780306536886,40.93455361735238,559.1514849392553,3.2730675961973748,5.966497326916246,1,1.3598169573971433
20.781475470350696,63.57912980471163,56.630558914279675,5.5835306779890015,1.4734991340155186,6.286830087297274,0,0.0
29.7602198654137,78.96025573694416,53.56488560711221,870.6158410031027,2.2207772153050147,6.494886437284286,0,0.0
29.462990752900417,72.04856620610687,25.78346434966601,284.75108032346,2.605174998996824,6.444281462680586,1,3.6324803475500986
34.65924260509073,43.03051785589067,67.93479006715118,501.76692078400373,1.8297080948008615,6.574040790423708,0,0.0
34.7552124771976,44.78317932094208,78.38919758871518,204.8866025614202,2.849380277471063,6.654590955467132,0,0.0
29.6735363993102,41.89584720368167,30.873697351026205,296.9835684549734,2.7632874380545625,5.646210034106955,1,2.868945397346069
22.1414514636973,62.840816310315994,73.70785818892776,686.6488480670339,2.052735710378549,5.752466537037497,0,0.0
31.575449248220185,81.29267171694823,53.40856652670503,429.57335103791394,1.2198843835611535,6.6014815742711335,0,0.0
19.81949528158765,55.654158467567605,76.15602627471964,627.1306305813871,1.028921958706449,6.215013300864804,0,0.0
31.271888170917688,59.20800915462408,30.565157505005665,823.575691312951,1.9233739054021262,6.140550686608858,1,2.91522637424915
33.47333411045984,85.47385541839454,67.52128359076548,340.8220221863452,1.2051721127939956,6.183160187616391,0,0.0
24.5081677110634,81.84517226583274,23.586894526719867,568.3400383260409,2.9540611080206522,6.05803902014704,1,3.96196582099202
28.720800014712367,73.252405619128,72.9917868081636,777.5878933731362,1.835814458172452,6.386601268871489,0,0.0
25.312426445646047,53.34018910461256,60.44956533197802,715.1231927693747,2.6652456894792422,5.984988313983064,0,0.0
25.442005934798182,45.852074134422175,42.2152870353458,539.8434359818509,1.8659474682511459,6.455223100886348,0,0.0
23.276305114838042,40.802941134005685,31.42800940987101,383.3835107273551,2.9898460420700452,5.80395567327821,1,2.7857985885193486
30.95620354765552,45.350533630221044,68.99198591403228,407.5019812330175,3.221031241549453,6.636533370423635,0,0.0
33.915001590830585,54.62982218119714,56.19447928368869,433.1352119962656,3.09378537315685,6.672399961861376,0,0.0
33.99276460698584,67.58950317897478,41.62495117688008,348.84552894615183,2.211183909949633,6.367781224336969,1,1.2562573234679877
20.971281842873875,43.200004137619345,46.63014948815098,699.0756348896979,1.2098790271745512,6.053985194124316,0,0.0
32.87064204416162,46.81138891592245,69.59255936434259,125.4152522718297,1.9292777644835737,5.521594859855292,0,0.0
30.536334504261077,49.054035115397056,40.33563160141206,967.4541207172767,2.061139986762707,5.68229870867697,1,1.4496552597881909
22.29823581173492,71.59910464916531,25.37796068659572,778.9855019715402,3.4006350271421866,5.619530519183002,1,3.693305897010642
19.143838419665748,70.78948994900622,74.67693033220837,298.16305216677387,2.4137432630177393,5.515307537723299,0,0.0
22.555953537034426,67.53828631860765,43.24062437948207,42.547569270635634,2.6021155822411037,6.583329657851355,0,0.0
33.507540025285934,52.52507123479698,40.90325066691281,711.3031723789262,2.955008952505185,6.934100139904591,1,1.3645123999630784
28.76403747322813,58.5559845609366,32.26397713255636,734.3590449698331,2.420506168025847,5.516752397948222,1,2.6604034301165456
30.257929235263823,44.83448581688715,73.84535427370074,963.6226105275766,2.496211522956905,5.669035902693196,0,0.0
22.37158996885463,51.323030187902745,33.05032002127003,253.705557575165,1.6133194933365131,6.791013789024807,1,2.542451996809495
30.229598644771947,84.88526132362902,58.20037208008302,82.7250902042238,1.147166518903189,6.532753374214362,0,0.0
18.478065606724705,88.98458732179142,72.84590069648618,915.1347577184326,2.803464697772589,6.107065594744454,0,0.0
24.380462878141234,72.38297928201473,22.094816876193043,258.6490346127752,3.121711743386065,6.989194776200973,1,4.185777468571043
28.65480692521963,85.84116460117102,69.72750231801174,721.5314473238818,2.0300004583127595,6.360432012684992,0,0.0
20.483641614202444,72.13709502007126,44.63596530138647,60.65963782767791,2.3722861331205243,6.504398519124142,0,0.0
31.99106076559789,41.659824305273496,59.47847451591271,760.584804976167,1.768213068339259,6.479764550253269,0,0.0
21.995532079802615,89.83812924932045,42.34427379353323,127.0258971371404,2.1255514836643368,5.8340524451333415,0,0.0
29.088778917913586,44.94761508432674,61.730975380849635,695.5863480416035,1.5222243156661377,6.232186614666238,0,0.0
24.888351423780605,74.13209007225304,35.25769487346195,532.3430478534048,2.8997170202624023,5.824616947825488,0,0.0
28.132741123120002,52.6418101537395,21.315832546123776,955.4881304672605,2.2297794694377377,6.2641967953114355,1,4.302625118081433
19.82665939469144,59.599055645348,76.86725088727721,36.91764307734302,2.3678913830276973,5.546171828212909,0,0.0
18.287517598667325,72.29670924004691,20.982065842404968,292.04874580005816,1.092720195653058,6.072938765277539,1,4.352690123639254
33.46259526546512,61.82436746538535,69.44595737801043,69.5089173342438,2.5559959807333685,6.058315109332703,0,0.0
22.58371014904211,52.52730294655641,30.148255599348428,879.1976352397189,1.5066395300194737,5.937445932777737,1,2.9777616600977357
31.934509047267802,56.72230934391624,43.53321371612167,593.9011536611077,1.9584866109121803,5.6188434132478555,1,0.9700179425817491
34.988955108027405,57.07740584615881,69.34954259036334,534.969612357899,2.0317892502396053,6.6564505903936535,0,0.0
21.59433138598149,87.96619522541069,32.355929018740724,131.45789211630975,2.1218314937202267,6.130682296432048,1,2.6466106471888913
22.507902600117045,79.93065079617256,71.94245633150214,489.0322573130509,1.5685909727869083,6.720959768141865,0,0.0
29.268616389789315,62.92743857397001,49.865536346114084,398.7036551758154,3.1252755617891013,6.753590856882338,1,0.020169548082887446
34.41262678821056,49.99104601706821,41.96920776303659,315.7518681390232,2.0696253767615564,5.820396084852685,1,1.204618835544511
33.568843919242646,80.5508055131328,59.74626480418017,772.1889554985944,2.5303361447706534,6.131995170698236,0,0.0
26.548883841114943,47.859123580418675,40.48338331885745,61.27603983344476,2.5348438642344324,6.581461007813553,0,0.0
31.51687480295432,50.52311085710017,40.83730153978142,646.6857273622018,2.517461686053413,6.249244230512344,1,1.3744047690327867
20.307679502698317,58.30066959200756,64.01158345629818,822.9930312022118,2.398295022373993,6.782602345604457,0,0.0
34.61644913146821,84.0174097925995,38.58993347234647,907.3072828603243,3.0565643706619716,6.35735351157011,1,1.711509979148029
34.394004978611775,46.58933343170551,32.046358901265506,745.9165947554102,3.0315445343679728,6.44437145178785,1,2.693046164810174
20.783392283945908,46.111709642726304,68.45876767979433,282.45567885821555,2.0428614315121476,6.680535196817058,0,0.0
23.090193121652813,64.69874941526331,68.3222620236339,600.5074605237035,2.5896151203265543,5.683333161442767,0,0.0
19.70263495761504,53.82052705468374,49.855142222412155,141.40361091435528,1.2570731113167168,6.3763723568770825,0,0.0
22.619199181269053,68.43639708240799,51.599336969777305,117.060623744776,1.2269316956708753,5.628144803146221,0,0.0
31.871248420058514,62.58183423416118,61.76459754605832,638.6241421385146,2.199791013803155,5.890826685305558,0,0.0
24.43136532180941,61.74795531756084,50.55645750574601,851.1076545842028,3.2505100590150535,5.818857559636868,0,0.0
19.50274844149489,45.59864852434966,45.02239753815395,67.24812569961891,2.6249992563092386,6.35061413599276,0,0.0
23.817833921241377,47.05248451249201,79.69365159780475,106.00373213329873,2.6730410566189855,6.76585356758568,0,0.0
34.68351668210176,81.05392887234251,28.858425671153537,565.607307429357,1.3941832801987533,5.699214414325774,1,3.1712361493269694
28.70462111940645,84.29413687858721,55.56367875439164,218.2118610193402,2.1332611106720973,6.652594791470627,0,0.0
25.074736088904682,51.73417664426251,73.15178156453962,611.8181227776478,2.001977362461234,5.714599188134123,0,0.0
20.83115472945359,45.67302507623845,61.23290247086688,214.54382525533987,2.957445866885483,5.78450756927264,0,0.0
34.76500555382281,42.67083359672553,72.8553979452943,116.48197430605944,1.3445602419306701,6.875410295882599,0,0.0
31.95443315747319,70.41488068709484,40.180083221280356,545.5749821648274,2.347977518327011,5.514593733259982,1,1.4729875168079467
22.78511414166563,75.76766062501028,36.31957857561436,862.1951380326188,3.2783787563721294,5.795716061850308,0,0.0
19.19116782726022,58.64049946016027,71.07634321412628,685.1219721505299,3.231149724130995,5.8233341369176275,0,0.0
18.962634475418486,73.98379337453198,43.64687457112763,818.7251375359647,3.130842774369301,5.922820845071465,0,0.0
20.046428541594075,75.6479407779763,62.580939383438675,266.3351743900483,1.9374632823409583,6.045117560641654,0,0.0
27.873065921445168,86.76711406984526,28.864914704846854,885.9786512970256,3.3527517266376448,5.654767017758099,1,3.170262794272972
33.78897816049337,43.243681891755365,65.35028752260048,377.0391745762707,3.0132512716484294,6.20268141982455,0,0.0
26.444638276101735,49.61458616155399,52.93895894149216,852.4476678569936,3.1278532981022584,6.099025551045834,0,0.0
32.330073201755354,43.426299379849404,36.116698394627655,471.17559014872614,3.330884485812468,6.437400716372874,1,2.082495240805852
25.580072537616733,83.39969666680553,49.6702378375343,267.85764736049623,3.342503164035202,6.8012764511030515,0,0.0
30.04592027805303,79.62935800167843,61.81661755038221,260.2588310267929,1.600162408149977,5.946580390203836,0,0.0
30.441836533870514,68.73210353109195,20.71318453084302,567.6678843646529,1.3192192794429172,6.319731661389392,1,4.393022320373547
20.957383000356756,44.18317050255916,58.24802352884777,79.01027020684582,2.7271873589282882,6.057066055210277,0,0.0
24.140673002588798,53.66561793268598,52.49544669639646,930.0561945885087,2.4080348915928558,5.560375421632495,0,0.0
28.834136661146406,54.885992402925844,33.21717006480395,271.46349569853567,1.8185662640798301,6.731613046190639,1,2.517424490279407
19.201842339134224,68.03715980077085,65.17886443857181,335.6248178458553,2.7111237669425394,6.4513246599879075,0,0.0
24.146183191970263,52.902194701835775,38.20765907799207,233.30155374123274,1.1549921932898044,5.503258405562924,0,0.0
27.09159092678027,43.64799319564774,36.61165589279389,3.00796056072139,1.1180207912397084,5.8743579103039245,0,0.0
34.935816381758855,76.53811509266497,48.27310093995936,692.5502368087978,1.8857764605044003,5.963484107483465,1,0.2590348590060955
26.067070564581492,54.954010582770564,60.568980705341886,590.5529010342235,1.484616558580402,6.717297310796713,0,0.0
31.8729648709435,62.61870885116503,75.73075855257527,809.6445401971156,2.7963901268439435,6.641069815610047,0,0.0
25.3451438461325,46.38333174911527,28.481434587926238,41.01077345098047,3.37005459477048,6.09421577820328,1,3.2277848118110644
31.53864228453505,80.12741516972898,43.78808724510402,928.6556447333203,2.6540685342115635,5.736013324417968,1,0.9317869132343964
28.122051627541843,68.27659384620287,24.019375550757793,330.8869400603656,2.6369609178189095,6.079048228872061,1,3.897093667386331
33.072122505540776,85.07928131049314,65.51304484830455,913.0698625057938,1.016488933548958,6.715219483598426,0,0.0
24.986023389951868,64.77357815326667,46.863973380881646,107.13148206753954,2.2806924293115753,6.17858704047498,0,0.0
28.27317513696514,87.07128359089398,62.41574811129111,743.9205814696411,3.042753300437899,5.673805282428782,0,0.0
28.710317570520065,84.5934102190663,39.33166543857723,579.3582314323265,2.635300913345044,5.557821208601586,1,1.6002501842134151
25.095510010608045,68.8229928229617,70.65903448437942,358.191215252584,1.5694559616220862,6.000002908435145,0,0.0
20.453304742687187,86.69467190749316,52.089684694406884,79.1423959330193,3.121188121068002,5.722544216531269,0,0.0
19.590509917509703,56.15443736472761,76.6164693094193,604.7365098467405,3.4109418105379556,6.617561767692479,0,0.0
18.283416360193762,58.282108135210564,24.728878348642052,26.439883073913094,1.6974821187506761,5.918135221030143,1,3.790668247703692
32.85008249216865,42.273897565301844,50.85660947252446,501.2820991460075,1.5177358554145166,6.816179546439144,0,0.0
22.020073508057806,69.46004533819266,65.98731475986192,604.208575793655,1.8463172616316896,6.426023934064137,0,0.0
21.595614737790058,76.09619849644668,56.009158884416884,732.523747287522,1.1578957096941778,6.090495639721518,0,0.0
30.512601807243115,78.67595951210515,21.391648425610565,991.3346342248459,3.1835816827171888,6.415086331486936,1,4.291252736158415
23.44027392248566,47.49081430230517,78.34032070063284,260.0937135077649,3.323248701331203,5.942760959548649,0,0.0
26.602759771001224,62.207953615625016,37.8958215845539,322.38982137347506,2.5832575990828257,5.711985818556668,0,0.0
20.762688110056757,48.84316060469578,34.95667198198292,341.145346808992,2.9108370321336148,6.946266392385099,1,2.2564992027025617
34.31567726485348,73.10636744271244,49.13959253639477,731.5827118588351,2.67162669358789,6.344742168324526,1,0.1290611195407841
32.47688380029304,47.8973186210884,52.529486451400935,931.8192682561138,1.9433855732246728,5.510992181882207,0,0.0
32.68442359040505,85.20818419780375,65.97728825538952,974.3237495815588,2.5801059051356647,5.965471309443363,0,0.0
24.91515372572409,51.53173228307067,43.59641945953935,945.8113665581292,3.0908004271877823,5.739301741188492,0,0.0
30.960140633021936,54.57011331441224,46.397622587732734,879.3830077152434,3.0247685255894177,5.887274969784308,1,0.5403566118400899
20.445894641626264,82.54531610754998,52.09759495602986,990.977373820631,1.2026438160416864,5.583573279600302,0,0.0
18.146523044060263,62.92338050728619,43.66322598449844,375.9457268344969,2.156502401357793,5.8676284419618225,0,0.0
18.339539853826476,41.19979729000365,74.87288474606936,948.3213199987064,1.993303659893125,6.524524150799175,0,0.0
27.972229535877528,64.72931256013229,71.07511799805513,761.0199623959116,2.8800218644496614,6.7309143210876305,0,0.0
25.741713389214993,44.22716676900615,47.2984217046727,168.45985952797827,2.253439848864458,6.021088026448753,0,0.0
26.806260931444836,89.26723593436553,20.01169174023903,45.465187877202325,1.874252771423549,6.283698622822644,1,4.498246238964145
18.12687338709273,69.40557852278012,74.05606973175684,214.48395787032226,2.765874401483004,5.562685895365271,0,0.0
25.185672534176238,52.82663088054892,27.460194406367915,778.7511242876261,2.1839463008397466,5.636201200636754,1,3.3809708390448128
30.207158740414634,68.18588397738088,34.67074491164277,631.6968812258842,1.6415600693824375,6.32788621284009,1,2.2993882632535843
25.52579293344641,43.843355169087744,29.141677061923893,224.3562573466852,3.226042306525564,6.760865366252123,1,3.128748440711416
30.447726507307777,79.99456521344085,30.788934198861426,741.9214544713593,1.2826196203826292,5.631981947580954,1,2.881659870170786
21.96132239474619,86.26640269320819,68.17265227339009,141.32223943820298,1.0452192672137164,6.127820002879021,0,0.0
31.823414076189334,83.72221941030799,54.770086499955454,821.8413938586945,1.3597775816200985,6.955637001775221,0,0.0
28.003331087708688,57.08788011492814,77.3657097875209,794.1609759707321,1.4091081337433606,6.6081888180626915,0,0.0
21.582972690308406,56.28840598216843,33.88721073942299,972.5759707060485,2.345105500118914,5.796404830420311,1,2.4169183890865513
22.02424808951516,41.754380560815,49.13809448787404,150.27956462931812,2.5621637515925935,5.927761400748754,0,0.0
28.67651789768213,72.57001793504584,78.6457021449482,906.6129944146003,2.121527835146998,6.921874348707137,0,0.0
32.108973084611534,66.74523920948974,69.58661085648617,341.1026637218385,1.5104281131974395,5.831481539612281,0,0.0
25.065672294495638,62.96731856636707,63.716940747229465,416.0598647953116,1.330477246984813,6.161361072986105,0,0.0
22.391107295169068,85.38154766673534,31.338512082247515,468.44506288676945,2.230379922809316,6.033415080380577,1,2.799223187662873
32.739197317480205,48.393945054142314,66.16432405458296,626.9040532025558,2.41370771904953,6.235058247953399,0,0.0
29.377560959764196,40.48331333450912,40.85390735575507,994.7633701180428,1.759903429258685,5.854870280449324,1,1.3719138966367395
25.617453283812303,43.66582260603827,51.83221382280546,599.9588030552331,1.5510998683524355,6.502525644946532,0,0.0
26.29430331974813,51.168571891368444,56.54967278237241,926.7158650404073,1.2014818171185682,5.851886479253659,0,0.0
21.472359954918737,41.664277463172844,56.56182269145524,255.02820208472298,1.0656112174805816,6.403152031524759,0,0.0
28.655644711102347,65.14218553215677,63.591408314810984,398.4116618151496,1.2643410770904497,6.036653967244698,0,0.0
24.098622679229106,55.7045227616789,59.70212555853234,504.4995294385808,2.8551985307098517,5.8772141978897725,0,0.0
34.925968003463936,49.02415040340664,24.102252758635387,322.90198978667075,1.8600466253847237,6.542503945939803,1,3.884662086204692
26.163119759452094,77.50420374743311,47.44082155694643,976.8671029643301,1.0685472885047556,6.947859667690288,0,0.0
26.260055305223425,50.2225663116265,59.841296403198754,725.6835538972272,2.2704131796358613,6.804063162356684,0,0.0
27.619480385981422,74.38025504968965,37.75957892994372,478.88135218256014,2.340168167221563,5.6302530887795825,0,0.0
33.58485205301869,57.46324529238194,38.78340123298338,751.3047012097938,2.0717219490309837,6.181620682281553,1,1.682489815052493
31.613907697615755,65.59138803312773,27.47405286527693,467.44249908265124,1.2767070300887147,6.542169919230158,1,3.3788920702084604
25.669211186563302,86.693351992566,45.11689915849132,17.225327367926035,2.887418494014909,6.343923762084259,0,0.0
30.217887521537534,41.86758174079064,79.20982605837048,543.1934078103361,2.7227039705915477,6.5895352497047694,0,0.0
27.96600347927295,65.0132253738731,37.11916167728224,625.1852187612016,1.9868228456789705,6.962680212701886,0,0.0
26.370239827921232,82.72114801638091,51.88621356116589,981.2074187185616,1.95203839187017,6.013407714707233,0,0.0
21.26936813733396,69.39871241851742,64.59423516674507,40.79284826061769,1.3898377873648577,6.656309738612358,0,0.0
25.886916478733145,53.84352584825783,20.80983625305624,512.0969574551339,2.8838733677193735,5.641106976155309,1,4.378524562041564
22.178915979383767,59.88405675725171,74.02637357589794,98.15475670836182,2.4989347608494157,6.804622349828723,0,0.0
33.55231654747813,74.01328143642873,43.193011083496316,148.99590157096043,1.214483613782364,6.667648363541768,1,1.0210483374755526
23.701915829437898,84.54059471569016,72.14695920265893,610.463338968476,1.9451586460922836,6.281451188504225,0,0.0
34.188488247067326,42.05331868733058,22.33685953396868,231.5677122664973,3.2589023564212565,6.731550205015242,1,4.149471069904697
27.06193993161009,43.57694109451882,28.739813111820553,749.1741112950245,2.1309365041405655,6.499935167882345,1,3.189028033226917
28.736254437494726,56.25257618047938,39.35176726865355,514.1986925952727,1.812318748251443,6.328339349109033,1,1.597234909701967
27.229987556318573,51.63898422187395,40.72770638379673,218.21288516573722,2.609460188621487,6.919000767885597,0,0.0
20.199470488433917,53.2465443111203,70.867653381681,493.79167760106503,1.5074309442101457,5.695397825515867,0,0.0
24.388960723134996,51.06349993129405,20.67206692329411,0.8817269081207169,2.3095084955179486,6.989451507822476,1,4.399189961505884
19.685483908719608,49.79125244275789,58.46670658818077,862.7400436578409,2.673806883909114,5.7316493155940895,0,0.0
28.59021875111749,46.53119834346459,27.878746170713015,12.678377055762802,3.1371960399376944,6.220263942978831,1,3.318188074393048
25.596861318407463,86.6977065897619,69.39293904266296,7.0098924921825345,2.7312607569446747,5.847116495284831,0,0.0
31.225744516705927,47.20947319530765,66.71439595747474,611.5039431796471,1.961024492921411,5.907870474163934,0,0.0
21.747998176989288,50.22018873827681,49.995261644672034,973.5209257900829,2.9195004333707777,6.447747956571094,0,0.0
20.797622993298695,52.31328619903928,32.76123353074251,855.9334843539788,3.2459998201771043,5.552065214180067,1,2.5858149703886237
24.90764792638405,86.65074365652103,58.06972345793338,252.01891258945165,2.194409061649849,6.911120168028766,0,0.0
33.75195151471248,77.78570668005423,29.37549905945874,196.6668111476857,1.0112519637082058,5.9194331858482645,1,3.093675141081189
30.077170855211,79.48497151577573,31.40142755555921,626.1121806334554,3.2022950648796105,5.908798847972886,1,2.7897858666661186
25.121701621479616,45.2379129769249,57.60139413352146,822.6377470220774,1.4136049790218774,6.795345594881829,0,0.0
26.79362688582328,81.81549375078359,79.47370676531746,362.07867090002975,1.3158137624509334,6.647254279941002,0,0.0
19.431621190010674,60.4096540908709,73.46365023515278,432.3545903670759,1.7691964143500787,6.507582896481333,0,0.0
34.73779023839393,53.141151310619435,55.58644146102063,115.48951367775118,1.949959363476903,5.719537675904045,0,0.0
29.328924179813622,68.78750417601553,52.312206126045425,152.82642125535918,2.9984417454666303,6.654425078659003,0,0.0
22.85186916387818,81.1091452908367,79.90309280048652,568.3515950260208,1.9729584627828216,6.041149436994535,0,0.0
27.958742701659155,78.93260755374547,52.84382885803362,102.65614574843696,1.1220529158854582,6.990832970994702,0,0.0
19.861200223172897,84.49987412905661,45.20699131756663,202.046124795901,2.5899041999765293,6.506874317538154,0,0.0
34.419223369728925,86.4066093007722,74.57333214652049,234.67702401188407,2.678052558575021,6.753839611702488,0,0.0
20.97134479401722,51.906103571387476,34.05105775215729,443.92453321363035,3.035552302080259,6.600677937496977,1,2.3923413371764064
29.01651540693864,61.192894708463584,25.851559417808538,45.61196412363622,1.9971652016528294,6.39135751411723,1,3.622266087328719
22.172725863161816,40.7314269602535,58.04540206170982,499.7709716929386,1.2151776905191927,6.574478581173006,0,0.0
30.198543505025107,83.966082963253,25.75097802612494,928.6744063940815,2.3826556942363815,6.396225743556033,1,3.6373532960812587
31.205963243084778,47.72860757373838,42.388912217177605,24.46366111907261,1.3024934564437665,5.576797885971941,1,1.1416631674233593
29.448135391494354,83.07374061713472,45.41464313490323,630.9848652074653,1.0426883075607747,6.018284710986688,1,0.6878035297645155
28.446490824338273,56.46936609932982,52.85228402295399,835.8423651515423,2.946458679628364,5.97462627816767,0,0.0
33.1719745971842,58.40667949905691,79.49957274487774,312.4608425491772,2.00852650084596,6.570959812108572,0,0.0
19.336654086825888,41.95661272419297,33.25890339999084,131.5185450192249,2.31251293015609,6.364259801244311,1,2.5111644900013737
23.625551018263316,56.34393948826598,42.54538271041472,43.33978760926305,2.657123006921335,6.415733204050009,0,0.0
22.22088715372438,84.4181841400632,27.93440746463948,643.9030594358026,2.0025691667780956,6.770472371825657,1,3.3098388803040777
34.79623735511217,41.27737005608021,56.45681156199408,552.2343802290684,1.1278289811934894,6.287960708362116,0,0.0
24.61962625433685,60.31637365233627,63.66039093847001,229.29498839199758,1.6318591442699015,5.827415799709158,0,0.0
30.45441588708678,41.569981490637055,48.92460939415273,831.617307631748,1.4858529783448637,5.518659515267115,1,0.16130859087709018
29.640327785977078,58.546171255453245,34.749876097398264,735.5063521523434,3.4434850520606637,5.739246300236714,1,2.28751858539026
21.60538103711542,48.63203203901456,57.25329615090486,276.4287849867831,2.8487636350636496,5.545868636998405,0,0.0
22.062960563596373,52.6109196634186,52.34946340213097,753.3630228646339,2.1288749956579816,5.855597377815061,0,0.0
22.78183758040158,83.87991865807095,30.271143404223064,244.99421350077256,1.1584184911437858,6.4524957867484956,1,2.9593284893665404
24.989163730409448,61.80246103109455,44.34091403012782,675.2674618663609,1.2896263061956763,5.727128434205257,0,0.0
21.983526116058954,53.689899570095605,46.1118254981117,118.54504107387942,3.032248923178537,5.622884844651094,0,0.0
18.33407520669641,69.46691889752739,78.95706522628598,692.2394633332071,3.3636227345925014,6.956281880013728,0,0.0
32.94968196572232,47.10534799162912,70.95714992933131,238.77441898226027,1.0783754611883212,6.995357535891268,0,0.0
34.41536713347503,52.969580371042795,64.06224729641562,572.4693542417141,3.27599280672069,6.455535268423362,0,0.0
23.806696579536656,67.31239838014443,73.32662153017685,172.46386685188253,1.9514092834649799,5.662849590481749,0,0.0
23.75461695023304,51.876152092403444,64.12906434972291,725.9669475679523,1.5340816516341849,6.732280948145354,0,0.0
18.120560817164307,73.95638687004367,74.204111307544,60.8795743930517,1.255580893532976,6.3088205393789485,0,0.0
29.56426170161636,64.57456511297613,23.27318689277048,165.41778680271878,2.9293723548829873,5.773110405248267,1,4.009021966084428
32.032478227726685,78.59945351273454,47.36397255601499,184.13647987083647,2.172276212954534,6.3635382935741,1,0.3954041165977511
20.492341106120055,87.41222678612343,64.81390011451,41.343585853998555,3.081059454838142,5.559073184909826,0,0.0
20.714327939241564,45.790244467370385,54.99774779660081,745.0125161602457,1.5653928835624054,6.9587066652091405,0,0.0
31.431415249514444,56.73325049922724,30.509969849047202,980.9525047399328,2.6964200920810617,6.738948248715131,1,2.9235045226429195
28.47694272202046,55.97745314392033,40.42952519171206,778.3977884116824,1.2953042621653201,5.8911653761813705,1,1.435571221243191
18.76262947967119,47.559145966862715,39.06646250160148,860.6319621223955,1.2243767103369243,6.128367838147421,0,0.0
28.583298837858788,80.51515686667355,35.68081479106016,6.007660338277154,1.3334996259043788,6.092925370750771,1,2.147877781340976
23.251601288344023,77.99393520193951,40.58813321083797,117.86996377459324,3.022253251400768,6.792241258065289,0,0.0
24.268327643004383,64.22127354171995,50.891197307667255,559.0203392948624,2.6390493385816,6.031951546740054,0,0.0
31.085434111046965,66.88853888973048,71.29214148699656,977.8688847941675,1.4149097298341455,5.571970249927281,0,0.0
31.78589827543438,42.97720690012481,64.52195974362539,660.7129310482036,1.9619305267129636,5.822033274705555,0,0.0
24.80606265627712,67.77536761635228,70.11498224097403,374.13669373807767,2.909215024391142,5.823354486197734,0,0.0
34.10159991210803,79.56707620098183,73.01622467378519,146.1493054814592,1.714185973534718,6.923861571994579,0,0.0
24.909866205185228,68.69137867919287,44.969027365856434,152.83569438265076,3.3031592807827392,6.886082152014282,0,0.0
31.121212598911868,53.26531850602095,40.76157704160483,362.75320231678376,3.286506978375643,5.9508899304882314,1,1.3857634437592754
26.225913497592405,73.37741361671686,23.457402901049708,713.8101973440073,2.382252064236809,5.504150650164382,1,3.9813895648425435
33.25804955087543,58.07442149826238,75.82949731258606,31.819291024910655,2.5799356728802874,6.275496446368896,0,0.0
33.431941142053034,67.24366421428675,23.949381076288635,852.1775914616385,2.633045883469575,6.6958598828092,1,3.9075928385567047
19.486085733808427,64.37826816394625,64.46813092222823,941.5514356898057,1.6461711443876892,5.9029074729201705,0,0.0
33.92038663227384,59.058750048259,42.686498267935235,888.8164605308311,1.9133034718099675,6.158566039074225,1,1.0970252598097148
32.03409230584707,75.94389901970675,76.92684646995119,913.026909396893,1.3398527762247117,5.759183806850093,0,0.0
31.452282143315337,84.19380559929408,45.176121256047736,15.33927941826374,3.3121783541346725,5.9910929042743835,1,0.7235818115928395
21.41549277465388,40.26062592384625,68.99650108128299,977.7923159498959,2.8096235967388803,6.6382795043003355,0,0.0
31.6870265488293,86.68082596151837,36.9592899298206,366.35711489034884,1.115890665831619,6.1424219119607315,1,1.95610651052691
32.45225648964563,65.57575680416124,37.9453230346308,869.2811183651747,2.373468625244792,6.170906265644599,1,1.8082015448053794
22.915555685720566,75.03659401816326,55.73116459270605,186.80887069961415,1.8576843368448983,6.68432746988722,0,0.0
34.18842133215951,82.78122830879386,79.87895802244842,446.5257426622369,3.0382196926535228,6.644459113468681,0,0.0
18.84762248878579,63.3551846157135,51.05434507875178,44.16438862397665,1.859500219583782,5.780729192068565,0,0.0
20.548457305201374,81.74870366824452,76.17851818359743,40.07599684282725,2.6103753115022372,6.122908269123566,0,0.0
27.138879346875743,48.88099097276011,67.17498969492367,943.2761007696382,1.4143508336414314,6.773286754318967,0,0.0
27.788472009079264,47.958376723990725,67.7518588506341,810.6066125290391,2.396888724122647,6.185106523666754,0,0.0
28.967551416115356,72.87356844280768,46.15759934772585,529.8260444137933,1.734714331383873,6.4926452243905715,1,0.5763600978411226
18.28847519836293,83.50715027758686,43.19253501036804,525.4581735645378,1.412221055906282,5.958943223965494,0,0.0
34.32623516857622,84.62130887680198,31.515308485448923,748.7546184761864,2.54814786734114,5.589337842342917,1,2.7727037271826616
18.75799757648045,72.18702291886233,77.83647601901922,341.66878157049007,2.5966030000384395,5.747348547319193,0,0.0
20.43205319629784,66.27446151046587,77.56361674662921,761.8692758619521,3.4583844528344665,6.102581338219135,0,0.0
18.238246797942967,56.56965438482581,64.82406405861097,485.0083799932724,2.6727651491527893,6.030200542583375,0,0.0
27.63659336599961,89.00002077996658,37.77514699116017,637.9174029114649,2.2892748463178205,6.843461141186689,0,0.0
33.84853702665653,55.984784333312525,34.71077242053693,964.8294501031478,3.281552107711874,6.318434005719136,1,2.2933841369194607
29.32110182336789,77.20930536157965,79.31661454321778,471.31555752026156,3.0707020467211397,6.44073309564116,0,0.0
31.985176964167266,66.59908999525004,23.99256890649065,418.40465974645014,2.3718656961004467,6.533024072044269,1,3.9011146640264025
18.22578045879586,70.42561712626733,70.61385752847855,905.7491739413585,2.278372694352018,6.297438895590487,0,0.0
27.21426007415534,59.674027529431314,41.32748002894848,902.5804949163439,3.3549229642896923,6.654468504057453,0,0.0
25.81257061759387,88.24115627361239,45.13218318363323,992.4187018831758,2.5428176098973267,6.674650726498834,0,0.0
26.482455051753483,68.58411630496354,69.91865892493023,550.8629993083092,2.7844479229237673,6.027078957674031,0,0.0
19.227624150698194,86.8893815229395,25.43618096032148,344.2615410266028,1.2166976053680079,5.627177730238352,1,3.684572855951778
29.635401138178228,40.3795708086957,41.25018071121543,240.3900631777036,2.795764053123148,6.97953134251505,1,1.3124728933176857
26.554747052596788,68.63352915955605,77.12145663017438,34.0963569516618,1.6617046055167082,6.463931050783585,0,0.0
31.007530447641486,75.85934448626358,61.94395476627538,726.7286242108854,1.2888448080157293,6.563374109744877,0,0.0
26.24994077904916,77.25400855811091,65.29634988835343,233.4761737354467,3.1241652720132747,6.635044009780351,0,0.0
20.539487815849345,85.24884408908406,65.45031805732859,606.6408852256573,2.727977716631865,6.419445132560198,0,0.0
29.020368219322975,40.220080450189315,23.63420498983667,916.5923653643955,2.018910780595326,6.206352204243624,1,3.954869251524499
20.930568155787824,40.01650796297382,32.19245559562587,950.2136073945268,2.0785418155201665,6.977004541389071,1,2.671131660656119
32.83070757703185,63.61317303976077,49.47579536487271,4.410133980310316,1.492794305524541,6.591486115103561,1,0.07863069526909357
28.422976064177107,41.46468525026853,42.089013948522506,317.0750313763564,1.023877488665688,6.7687731423347275,1,1.186647907721624
20.67246602046822,88.72662768311872,44.65473758797121,837.3780294652269,1.8733978489234417,6.159513057282872,0,0.0
34.35974697718052,51.1032587270696,66.88684271754036,536.4452053515353,1.371035899206464,6.85716624863612,0,0.0
26.81221287670045,63.63323646824223,20.880754104064117,807.5087334821528,2.054316989218288,6.598226578422337,1,4.367886884390383
19.239273681818133,43.05688150061118,59.629515579274326,853.323282837938,3.0845627198248957,6.61919198566838,0,0.0
28.65615937505614,66.10242080856293,20.006613908109347,442.6262199413228,1.2868859085067994,5.6303968655986845,1,4.499007913783598
22.304381419217773,58.99780625737043,23.78351153457462,358.98293802478554,1.2293840053403662,6.4261850581797235,1,3.9324732698138067
31.662788681914144,42.233001443861184,44.49716719025744,455.4332660505255,3.2552555499139046,6.002825102309041,1,0.8254249214613836
31.90297525062524,56.756213334811235,70.45691118828928,652.7952026242663,2.862848906095808,6.5035024987693575,0,0.0
34.64210504952925,59.57180101114278,28.69974593386763,367.15915288681833,1.132674664043975,6.352321163962181,1,3.1950381099198557
26.53178202741656,89.496074563747,53.2772845477167,774.9882886977528,1.1989262131439595,5.666784260067557,0,0.0
25.73426695537153,50.394293595968776,60.710313609604654,903.9927936850224,2.7123105703723187,6.29498161414921,0,0.0
30.80908529259017,67.23898076850499,33.771973050329635,282.31120215872653,1.9258605053692155,6.176887659857759,1,2.434204042450555
20.252001157812753,89.36577745993142,50.73981531617498,964.9896441742395,2.8104332388611057,6.664665237975403,0,0.0
27.297563734483113,79.60096039700676,74.68443698829154,622.7252467253106,2.011135173251194,6.253957406485747,0,0.0
27.286209202224466,89.66837504410444,50.733711521931966,878.1687712197411,3.4194667183029193,6.221743251399152,0,0.0
19.521043087776583,88.41491573300846,29.43938370725888,103.91643527210547,2.7360415306516277,6.579236467438667,1,3.084092443911168
25.10572945361753,64.47697710470771,57.668857801252685,251.4991370562387,1.1165394121141872,6.502881835229315,0,0.0
32.505841575642435,74.81879249352829,55.53201080051084,321.0190794325922,1.8262544371934155,6.9877815679501865,0,0.0
32.55461157390923,45.52215634705755,21.617285587887874,302.8221511745133,2.4090154653400733,6.027929051117601,1,4.257407161816818
19.68704030363458,62.0574412523401,25.435664344853997,171.86115659853186,1.3546840955008934,6.5325348531476415,1,3.6846503482719
19.542255006713123,80.45092711333487,29.406881308460648,868.2009475248324,1.0063007501882393,5.750887833774543,1,3.088967803730903
22.4658231090329,65.26676604885716,28.177344653712197,418.61214128955004,1.1982703308042908,6.706841135852572,1,3.2733983019431703
32.87102306341789,75.1349516408616,35.56794623365599,963.1302124667881,2.31065869424042,6.679233427765,1,2.1648080649516017
20.191343946249482,77.28756649921385,47.246319394134076,583.4723667901471,2.5806377272139276,6.588731027638763,0,0.0
30.239945644666584,52.67345706214469,42.302977873939064,138.3946356448631,1.2322584392355311,5.678576147406878,1,1.1545533189091404
19.719815533422754,83.78496864712827,73.43899348427581,545.9047098339571,2.662891309764033,6.981316881238209,0,0.0
28.59334351371303,62.99112154545895,56.726564564380226,993.5451477242423,2.5428103931366897,6.913915905160051,0,0.0
24.053144085025462,50.50925518107719,72.5686609977106,565.1716870992748,3.3497424550281565,6.0551372232031255,0,0.0
31.41153737041974,83.2707940894222,51.62235949505593,1.8693451295626051,3.101688728905675,6.365973826656318,0,0.0
21.972737630031183,60.89094030531268,25.3922282413604,933.0799035904191,3.3581046593474126,6.8333304552128995,1,3.69116576379594
28.866431099629317,77.51562191898599,47.79724694398609,234.89440612818936,3.415269057891915,6.241965985788538,1,0.3304129584020867
22.006603087790044,67.40165361107964,69.32195281054189,688.5290530689566,2.1020213399490553,6.398745009916631,0,0.0
30.132224812906614,59.09358761172502,31.646226030026483,515.0801549554427,2.219776703195027,6.404864288776349,1,2.7530660954960275
32.85252658753273,80.49382075192847,25.472856725158984,325.43375684088613,1.7040549207227524,6.473882451624341,1,3.679071491226152
20.15563058515492,69.22349658223065,39.7660843002956,282.63952367638865,2.2710810064870923,6.363250538678601,0,0.0
32.73212670612356,59.52810512135159,43.333869838408376,928.7598625071047,1.3767867454980298,6.108916334400359,1,0.9999195242387436
28.090779325043066,45.47989351675635,38.375460584354265,911.9258959198372,2.678577401895495,6.309219047245184,1,1.7436809123468602
20.16087834473941,84.7722656883354,28.11444713747336,513.1348400537792,1.0623313366625737,6.807164022695005,1,3.282832929378996
25.268211541115104,41.773479267083324,35.05039158330287,258.4951955351392,1.5890693907138744,6.7961550185103246,0,0.0
20.734624989246665,83.15936741840281,60.93694427612662,102.34203217199777,1.5201792454782876,6.658818620291259,0,0.0
29.905914110731683,57.99807624415777,43.155710977589834,156.57638285908558,3.344722678555135,6.121161410384008,1,1.026643353361525
30.900758285105145,71.9669381750703,57.952966677113345,522.2517257406046,1.362254379269623,6.6789588278102965,0,0.0
19.798540844637582,86.10998619178426,52.17822679512395,307.82996057900914,3.2269386269577356,6.0817845207844154,0,0.0
26.604377495808954,47.58533077519492,52.94317639146014,42.0681422599567,1.3108955534204094,6.496103046175897,0,0.0
31.848625952440592,68.34752378194051,34.91297347686776,455.16738531110013,2.626744965701156,6.351142209108659,1,2.2630539784698356
33.91477170636694,78.2216431185096,51.29258196609089,746.1892924643137,1.7997149204333454,5.950037000434751,0,0.0
26.72980373461009,77.87919163595288,21.415682831792108,891.6951159599876,1.790005921367479,6.1793174176843655,1,4.287647575231183
34.15474680139392,66.2815957299752,45.90462453949557,585.2840456830893,3.495677750303663,6.74554263891706,1,0.6143063190756642
27.106712497752508,71.2369729953229,54.357369391394904,723.292123842446,1.5651071444823104,6.869129212241402,0,0.0
24.701238408198435,77.87634970664223,30.919737281246558,364.07047086493236,1.5064001698361065,5.807943143574531,1,2.862039407813016
32.41945318539922,82.05138188787059,35.39351037493708,496.23817921693944,2.473336872744909,6.1843222147390025,1,2.190973443759438
26.380706077787515,78.09065484379319,33.171861188937164,729.6268565100293,2.8518809925714326,6.150258337230442,1,2.524220821659425
26.02234267959689,57.70024715906213,24.23347731592545,727.6582273722945,3.456261308808619,6.233522945812412,1,3.864978402611182
26.33531231996708,89.83632005288666,40.8714392684054,424.5262645695042,2.753534435593652,6.9649385013063325,0,0.0
32.39534503178567,61.725134685965216,78.73794598711638,543.6673415583227,2.404677665626024,6.278113769710345,0,0.0
32.14300620869689,41.22323513794667,41.232824387816606,923.8553395509695,2.022829294395219,6.745115032298773,1,1.315076341827509
24.85983987148359,58.1308475792731,47.63219731021854,631.9976049432337,2.487782022431666,6.495905610971326,0,0.0
23.666097617798926,46.389147728692166,59.18523505738251,642.5746256865897,2.5020874918817295,5.660786352574754,0,0.0
26.362776408665198,46.072130786418754,58.90986507014643,784.62029238536,1.5442787346608093,6.543485201640669,0,0.0
27.737132665530854,54.076752005344716,76.99369880111745,115.22289631597282,2.6780214038345083,6.470588747047616,0,0.0
22.05173258067595,42.66877470886304,71.4538484239475,522.8842916487275,1.5110594766610101,6.637703342048294,0,0.0
31.49723644016504,74.42560942047815,67.63704122630914,959.431736270982,2.224887058488398,5.611672782422704,0,0.0
26.270207017451188,43.69944421009525,77.09763354669863,361.6603921760989,1.6496737815747808,5.861961339944463,0,0.0
23.678774323139315,50.164477771797806,33.84592312899029,294.92614642209105,1.7820025593243776,6.653933034630038,1,2.423111530651456
19.81595688038784,44.64498572470597,57.023251677307556,601.2079656047576,2.5346925499900745,6.055923959365579,0,0.0
22.06036772686132,43.15838654515155,73.23180600332938,221.11942456530343,1.1612127868445006,6.866228435233112,0,0.0
34.137779919851724,53.38758327697708,57.44828949668611,555.945156523649,1.0300870383105687,6.276505613451607,0,0.0
23.186694675931953,68.5949483830185,78.64522847641217,155.6520108576406,1.326550023869109,5.5015407003544,0,0.0
20.8706079192396,88.23427782234208,26.021162834382743,579.7934606979056,1.4217674451862439,6.548253944386858,1,3.5968255748425886
25.831437458134886,83.77783271748032,46.35983016759202,602.3791836451775,1.494682420114085,6.270195956894534,0,0.0
23.220491637124226,83.79669627226625,78.64177447451817,418.40047901226285,2.9348276755361997,5.975641533773099,0,0.0
18.5977072546103,48.80335180188288,42.774081714195546,382.7464254386885,2.117144917594697,5.5306610476048155,0,0.0
23.493468693750092,53.245359674891006,64.37338250595826,245.4582784004493,2.17484033461068,5.798119348637948,0,0.0
27.249846606970966,43.819665839765285,21.82417406471895,330.92230783359435,2.6108354071388584,5.742390877491103,1,4.226373890292157
27.379110324339436,78.92341699575925,61.69022687781878,498.34596719136334,2.8227719210321194,6.374281216630244,0,0.0
24.06150166000711,43.490815074278096,76.07760395165471,247.65890102910103,1.00877087388359,6.654331030761609,0,0.0
25.60414685629421,67.83478354104267,42.96237711140016,782.8344633718626,3.141813339512924,5.8519096252206335,0,0.0
34.41380460999103,52.39377861619754,21.277990275615768,709.0352413257717,3.4710871181852707,6.546584701341322,1,4.308301458657635
24.414924112915298,52.172281701437235,21.67458826372903,269.3058671459955,1.3045185805960542,6.849736387832509,1,4.2488117604406455
22.38985582541971,89.53625276238026,73.52139834266535,97.43516310154799,2.627701459142259,6.432379032016822,0,0.0
22.13893974913492,77.83899034892687,63.35096642577571,0.1800389839627936,1.0060343860024412,6.663471438959614,0,0.0
25.78199841597028,81.84696791455251,26.401183053594792,596.7188523814889,1.122573715436456,5.806347258280345,1,3.539822541960781
30.91184252818805,68.59913426720064,23.275416623071795,211.36374645364887,1.7125025502151383,5.612407782925915,1,4.00868750653923
21.501799131204045,83.55071436968746,68.28952181692875,12.582470101539123,3.116010211049085,6.048081701864392,0,0.0
30.058034161393056,72.27452695831764,68.59163796832155,359.08527059202265,2.6312522535943437,6.563510387308546,0,0.0
18.359546996940075,87.30868523981727,27.23131038752294,961.9984623174333,2.114552329930817,6.529147883972631,1,3.415303441871559
25.12186062572708,54.066929302281835,38.09122423331821,689.9428076298173,2.096496184005982,6.932618861717511,0,0.0
31.189706108447375,69.76597728914476,66.80156387443338,857.763702922458,2.1651339358828166,6.444967629649925,0,0.0
23.758460248165335,74.50656739684462,51.52472425724038,144.73909826073006,1.7775827695025095,6.116926691489574,0,0.0
27.58353072457179,59.64686525139034,77.39509164351796,73.28815461943638,3.1942862940637857,6.695697139979391,0,0.0
21.484646958040482,83.98539912020266,48.8637587207603,11.529763509722457,2.4196728279994932,5.729601867461119,0,0.0
30.613921649144928,88.99015815520772,60.617476253930754,955.6622900194872,2.209874908814632,6.719533507522566,0,0.0
18.888744755568915,64.68847456863308,50.58700194449506,300.20273535354846,2.1626915078927595,6.048895698647554,0,0.0
32.4932249628835,59.532032740216955,76.57792974110274,459.504942340858,3.3395661672448567,5.731015013533364,0,0.0
21.36933856916836,63.596896427822934,43.91954552405653,394.5236236017745,2.8091548205492045,5.743210936057677,0,0.0
32.864766539041625,82.63683728659657,33.787787310716,730.4569353928592,1.3620363867914642,6.975396242944123,1,2.4318319033926
23.992997102108795,72.27342127590839,39.598031616859586,309.9648819527431,2.092425424858163,6.434834143810916,0,0.0
30.285620766066273,42.238618625904756,71.16651224991375,535.4528826140515,1.7209305260363084,5.7613968914831215,0,0.0
23.426830062365205,67.10849552228575,49.87631381072801,995.5822649554675,3.467171644325407,5.902843807015435,0,0.0
33.40049841098901,40.86500613704849,41.25513821013434,444.06355134423626,2.038489265782952,6.058119653637417,1,1.311729268479849
20.152831133812363,78.92676855017027,52.65560130856897,551.2715406997556,1.1696752575744558,5.583849205379314,0,0.0
21.034836417634178,56.41561367712319,27.99378243661054,502.5280623108378,2.028030003657011,5.662623574620053,1,3.3009326345084187
26.381512127699636,63.600374105866464,20.321558277535765,803.1861581360322,1.8033757015148382,6.642631441598109,1,4.451766258369635
19.392953463648485,79.9339052953816,36.83508102160945,266.839654033575,2.4989566176956197,6.680310954431207,0,0.0
21.33166313992995,42.322440864288076,56.300343187012544,170.43801614279695,1.5651954380725746,6.982351917046861,0,0.0
34.044028497604245,47.927076779580524,62.70084617968324,754.093158264862,1.0899341242484542,5.60139457802073,0,0.0
34.60032423951408,59.89801882225574,69.596657981118,415.6181863686542,1.2397009378972283,6.833776617431678,0,0.0
24.39640859861717,51.49625817727803,75.59981356366818,913.7260089766872,1.7078689738359134,5.975824068466127,0,0.0
33.695862357236905,56.89507128875316,44.72674081788608,644.1592857933977,1.870806578832769,5.9917758786193005,1,0.7909888773170877
27.262019486448338,89.90873689462325,64.43100797344728,564.3431117117426,3.086126350111832,5.6909233778206865,0,0.0
22.58562191985404,81.27072187869054,24.480375811883754,70.45705482587717,1.6751742100359621,6.979450265417109,1,3.8279436282174366
29.940778258370177,84.19509074800543,23.451799926324806,730.4119051377979,1.0787326336901153,6.97148385536301,1,3.982230011051279
29.20133071177257,86.85273167828876,27.487879519169397,686.0403655129583,2.9518337080071353,6.797244413106916,1,3.3768180721245904
34.81513042484846,57.04679401570978,46.91414586984574,640.0719244871548,3.1722939252224065,5.636170129967855,1,0.462878119523139
22.505803885957818,54.85384788982363,32.676886309924996,267.9095235706905,2.2307655935013195,6.762474438563853,1,2.5984670535112504
29.425011545249504,51.703124628603746,37.21549651626895,946.7393216744446,1.7123180768911768,6.451920989699211,1,1.9176755225596576
18.884403835500596,81.50584556540613,58.87281041073816,321.6551270328201,2.93034970029604,5.693163168931425,0,0.0
19.93198265784423,73.97759311425925,41.51133072817076,152.23095675393427,1.0222460167049763,5.892636635869692,0,0.0
18.066612374168585,51.80859912414387,53.44229346308133,987.2011549350138,3.3100705727697366,6.5338361972473,0,0.0
34.99083157801444,58.84969146052275,44.74422540419553,746.2462791237681,3.163829112193278,6.705161161571141,1,0.7883661893706702
31.63865285150712,65.33558819663992,30.138155331189175,414.78688232618134,2.3620830248870894,6.7721305689647115,1,2.979276700321624
31.374291250470193,66.40700286368768,24.441199415353648,935.9164308887068,1.6939529697744715,6.3157453615883785,1,3.8338200876969526
26.665343279899055,84.43638642758573,34.17388971859327,91.11737436619727,1.0821122068724942,6.301929874923957,1,2.373916542211009
23.101140409392478,59.028306647360814,23.462028169462663,87.66121642655777,3.4995593754921557,6.5263135192918735,1,3.9806957745806004
20.57149283586549,85.42620152502562,57.116717593388415,682.4510186285855,2.90518430759671,6.6665838238496615,0,0.0
22.839470560389884,62.06837801598948,67.74305608796602,177.9720483788435,1.8467746895203958,5.755878671853132,0,0.0
24.391510772795364,77.3186337396177,40.384446094244055,917.1395151932842,1.0481799290969613,6.609756489326939,0,0.0
30.857271648664998,86.5127159992528,43.226663321141494,840.3591742988708,2.5982293211519276,6.01252988373357,1,1.0160005018287759
27.17425041135359,85.37878519816331,68.9714637655584,306.3672241011864,3.4672600143792387,6.075637931383514,0,0.0
19.317221651443205,42.847643364784055,33.35677474241362,888.8395822693702,2.7676817715816684,5.616569447313703,1,2.4964837886379567
18.30649315230151,50.285214748828494,27.149615911692454,42.88768700732837,1.2092860214245131,6.382631143402403,1,3.427557613246132
19.739647052079075,63.84527127661376,50.067087039865186,548.6378527374939,2.0056959304338906,5.640130146301967,0,0.0
24.97847813285545,61.577714497655364,58.771410171994226,935.5627737088332,1.2729586568188953,6.869703405575285,0,0.0
33.86427958983331,72.04458324186035,55.979265502788756,855.3829789356981,3.280401374002369,6.431455459390931,0,0.0
28.835842180556767,87.2354525412706,62.83238271645085,356.073323800995,1.826036177381452,6.985422782677279,0,0.0
31.631040297883757,45.62023556389744,23.405070930381434,182.87043523463487,2.8334413233516775,5.868478228945908,1,3.9892393604427845
25.928368106577324,62.59293325671202,45.69209676550237,210.54058840374458,1.2117258950227665,6.519400845798456,0,0.0
24.148323414315726,49.620551894356964,34.314231436741586,514.5078780784053,1.3210367394885987,6.9466449824877365,1,2.352865284488762
19.842806336182587,84.70537991989738,65.54727557276145,596.772943836474,2.6987191551267116,5.947867396467517,0,0.0
32.890861377165486,88.22900929008264,72.36382904362097,32.81431662363643,3.108699870905423,5.644483972735141,0,0.0
31.31372049347435,63.93508409451751,36.8801444483849,413.5515592348881,1.5036248908281973,6.450964865082398,1,1.9679783327422653
20.858007659161327,45.200514886407035,25.713084744164497,830.3871156439045,2.0458431149926586,6.049148750148038,1,3.643037288375325
26.70842958589643,79.26473333613366,35.20567771948381,444.3289502357971,2.548542586757817,5.909586450565194,0,0.0
26.28537173466116,74.85706752461995,26.24050934353518,169.17539094941048,2.990690848150681,6.990381476115116,1,3.563923598469723
28.62655639567099,57.73354133051552,39.34532996680723,954.8602930190968,2.570491525948203,6.631164004154982,1,1.5982005049789159
34.085177197851436,84.37037369844818,52.291914699309544,266.2755399264667,1.238564801606442,6.228091949518657,0,0.0
27.856114509962154,88.79159448913535,78.42085726389239,798.4282656340606,2.3570483208352098,5.575005096074449,0,0.0
27.183693535236515,67.89269245650976,43.96221526108151,193.79416633893487,3.211516703691425,5.787423516270813,0,0.0
18.855489859889285,68.28639556721461,33.20239543127727,423.17272922158986,3.1700593025599604,5.948167637909464,1,2.51964068530841
19.069427092306405,54.87567525568889,30.008104422250103,490.42253977481187,2.4625390193774033,6.230794902349428,1,2.9987843366624847
21.18489545255541,69.2253017991657,30.38238596832056,500.6352959482445,3.4892405169270972,6.245874762347439,1,2.9426421047519162
18.55200311875972,61.98211602624232,31.555860995687553,516.4738681007049,1.2628093059608885,5.537100044834909,1,2.766620850646867
30.63699922469021,55.1095513464026,65.73602135224682,224.9475406897614,2.196488393479132,6.9150344050254615,0,0.0
30.29661516789737,43.359259826195064,23.661662685945196,515.9155219608352,2.937809098381851,6.314210769157759,1,3.9507505971082204
20.31295598533793,52.63539298545625,79.84416241658204,481.71275387775427,1.3525952952853981,5.529590750478079,0,0.0
32.21334131351978,49.89273248388322,51.36118346997567,208.71949712626326,3.4318744037071367,6.552002791263318,0,0.0
20.631362592383905,67.10209922769745,52.65631365804954,988.1915595037109,1.8851163629591126,5.607027267876228,0,0.0
23.1199849789551,70.08350108817969,41.45383272197629,865.5633927865501,1.8753493849464773,6.581755637312846,0,0.0
22.232607285743207,70.42858621530083,61.41532156472723,887.576351022483,1.5329857528530155,6.552238721241665,0,0.0
24.329220675741812,59.40905005228396,48.28738045284786,685.5710503828949,1.720043660166486,6.977384746107807,0,0.0
22.32928402012935,61.0614866842748,39.74367709787299,159.89703069175653,2.4439722501827434,6.01305612851207,0,0.0
26.312165749453683,81.711921482032,35.90830422248257,568.0920638997488,2.0733857226273864,5.716490937334313,0,0.0
24.92593398302965,63.811640675858115,75.53907241599558,821.4396316273861,1.4834454458168256,5.637803908967926,0,0.0
34.77168134324855,89.38866660685612,37.459370903145214,38.73648868866253,3.0228498507911734,5.607589105259792,1,1.8810943645282179
18.950747952179835,61.98086150044324,46.18359556579052,495.8431032876197,1.155598267810149,6.7154998028782185,0,0.0
20.41708339858498,72.47904723089195,41.020484126988094,396.12287999491815,3.0866318612506793,6.5778221047415855,0,0.0
18.898040196446242,42.51814994966979,25.170729645682158,212.12472965930363,1.6873468116197812,6.963872825090336,1,3.724390553147676
28.63930031470039,72.66699622094055,31.156063668936028,378.2500037653177,2.2397583327399295,5.963779060023667,1,2.8265904496595957
18.926657716033233,82.5713197207503,31.37011851958292,983.4975108694528,1.9526613464709797,6.704653679792265,1,2.794482222062562
32.219475535394096,87.1228919266648,61.61897086337929,723.2433263617776,2.4265052834742855,5.639521143167851,0,0.0
26.702956721592773,89.86603058198853,44.39512459794855,299.5370800149414,2.9899749878504385,6.855819838627528,0,0.0
26.959129617886074,54.10893228246165,66.91805378423952,605.3550514808296,3.4732994836867377,5.577745463214354,0,0.0
27.5471066311073,68.76850324128584,62.537055460049416,246.6562402856798,1.765147864134754,6.681825223612147,0,0.0
20.903833007205584,62.53589927660737,31.52298598376226,610.8439090242739,2.3845110309088344,5.961033287253986,1,2.7715521024356606
21.360735152946287,68.19087402875854,53.77501520720604,896.1666894849317,2.1650188719374936,5.771789509825529,0,0.0
23.41989448884108,47.87264785949233,64.57453076292816,556.8767999425523,3.4973203982828016,6.556771791574813,0,0.0
28.089439068971473,82.80747862979707,57.98257540854338,733.3399754526827,3.0222840762486225,6.843817047658782,0,0.0
21.572002190983646,85.47844716722938,56.000990485278855,453.33899871629677,1.992709646450482,6.646189059074931,0,0.0
19.977639361265442,62.48308315564613,64.37665324404608,524.1239176639966,2.192197639019116,5.969649917608759,0,0.0
34.49198706911335,54.021493078678844,23.406844355378414,695.0750787548786,1.6148914860664834,6.030355982342404,1,3.9889733466932378
18.37369085176359,47.04167138265062,63.88531684168597,812.4050050513972,2.888118299372066,5.783956892333471,0,0.0
31.64585589071237,74.18824123889021,36.3593157892057,659.4513865254496,3.1130294659461053,6.736092389321557,1,2.0461026316191444
31.396597542775375,55.61159198103676,54.31233527056124,977.491993890093,3.4124670590573007,5.660640451493665,0,0.0
23.05263993536663,85.47692849566943,34.53829968179045,819.8225877982827,2.4145722420444926,6.854820890903126,1,2.3192550477314327
20.30565247212433,73.5506237422435,70.32905433241027,777.1602046078751,2.6767075055935985,6.401701370530602,0,0.0
20.4756869939922,72.28426625871204,48.833561258045364,845.1015789810255,2.1151470791736484,6.383282433545495,0,0.0
29.85633749303227,67.97010579491204,58.576472721499016,281.21093542434903,2.5228212758441093,6.7567322021446685,0,0.0
28.927712048464954,42.28881697143628,67.64492260860368,432.0471539483807,1.8718725756003272,6.5012998770920065,0,0.0
31.306676462273575,86.59612178427935,73.71891530428186,564.4629183945907,2.844222791301598,5.956358887357421,0,0.0
33.93717993078478,71.396874664973,63.92372582416046,462.38631844268565,1.0567509143859435,6.02427268317524,0,0.0
29.762765175532063,89.70309916915552,28.926114571424343,847.4578182240797,1.071142124229959,5.759581286686954,1,3.1610828142863485
20.64947612137454,66.86782023864436,71.27194217514719,27.068517679232016,2.7903022254664953,6.196094862848225,0,0.0
22.13852448501198,75.50554459531065,57.11467495193037,209.17541723282085,3.326707007812915,5.665232148618067,0,0.0
32.317293424842944,42.81047789331111,56.566985502816415,881.7065410018548,2.580622336091116,6.479554760990311,0,0.0
21.558203289181545,71.58680884117055,75.2804335882953,59.1001376769672,2.816320747509242,5.7538432616710065,0,0.0
19.232879388226184,78.23248057951787,34.92989333995298,226.98830360879808,3.059835728045419,6.795897659620877,1,2.2605159990070525
29.95576091871826,78.92571474262786,34.375257109642,351.2503303764862,1.9041856611589485,6.550693880392424,1,2.3437114335537
24.842948043332413,78.50558261151427,50.79161328169771,750.7405608116909,1.2702841438985208,6.837266881796883,0,0.0
33.64068089328036,51.314131364683384,65.05178399209191,560.1806961668484,3.332730718125241,5.630546481380335,0,0.0
29.054336208592247,88.7699238802613,46.83444249371055,954.6047027803311,3.3464264125061005,6.6977640017533036,1,0.4748336259434179
19.537122622458234,89.75910603124694,58.03348339354413,227.87501507297347,2.1046013889301975,6.821207087542514,0,0.0
34.11356164331223,43.77979375808006,47.15148345336313,872.1204049887294,1.5429241424865343,5.566854713362077,1,0.4272774819955309
22.39547348188418,86.82232114058786,56.62323082921812,282.9134897492488,3.2308859569249724,6.998613932801765,0,0.0
23.732612336906858,54.47245971521846,69.33573815682267,245.4982591265602,2.771066742713133,5.950966474237348,0,0.0
24.838427032620213,74.46420408754824,30.8286017654554,498.3751980993507,1.0205708763674046,5.817581821313651,1,2.87570973518169
18.870813038873326,56.905546036806605,61.72271204035904,71.20450525649369,1.2692992536477061,6.122357834885847,0,0.0
26.440762177920284,88.38771616865608,67.245544360291,384.3070129932832,3.4579991069293614,5.512953088242018,0,0.0
20.096414348279968,45.07519291517677,46.826684448906946,355.6759681097437,1.0953204470203617,6.828859488990743,0,0.0
24.81649555370198,64.8873408478188,39.39401462407126,160.10155570177352,1.7063875259090553,5.902736323843908,0,0.0
23.962066395865435,61.402389597103735,20.812659435464123,860.7948452749106,2.371240861765341,6.28238725046259,1,4.378101084680381
31.138281418250557,56.30117261389924,67.8263013400456,385.8896437093833,1.4608890405138637,6.435339279426778,0,0.0
31.65389869775643,72.27669954400743,39.676319542159284,981.9201795136825,1.5801352159073976,6.686637693699444,1,1.5485520686761074
20.608019000614497,46.552787171083374,41.438568164483016,899.7079490377743,1.8824187164050055,5.875309169831258,0,0.0
24.231370185446846,75.83312090668485,40.16036978592874,194.81069956992548,1.673885670807384,6.575719551107283,0,0.0
24.347003737541137,89.02960619023936,49.92435984874029,505.1221723379384,3.0083905698000177,5.6764913215632085,0,0.0
20.573977546913447,80.2279357234315,62.149974393144625,601.8041383665529,2.2506861834815117,6.556352751833325,0,0.0
31.57370958587024,83.00083764547728,66.31178786003065,818.9605029436211,1.6965503689440262,6.878943298836335,0,0.0
30.022881581702194,57.98183715895013,43.5542432241895,885.6427496513948,1.782740083736746,5.627539402529838,1,0.9668635163715752
21.23649036704959,56.24433032406094,59.786122102710145,624.0180211554899,1.0996623989700784,5.675054201222875,0,0.0
24.234272446094586,65.85241773450666,63.241055016278914,35.134203142215384,1.123480190452189,6.335841249896045,0,0.0
19.79868542256074,42.286330738113634,37.815039900642894,481.2764495181293,2.79476891589721,5.5696006335144785,0,0.0
28.679512150581747,87.26790672282664,25.797288172225596,884.8035361863324,1.2822770926777851,5.781085763933423,1,3.6304067741661603
20.063322717326535,47.18925865080961,73.67994323866775,714.08960254426,2.1894919367044547,5.785288204576974,0,0.0
34.7608808666236,85.15065195840462,60.626958306895574,870.1419414094578,3.105914107139492,6.221871194096954,0,0.0
31.27159526969366,44.179111100017785,58.886624532577486,674.0797897227073,1.9211337643180029,5.872730543965701,0,0.0
24.634055342927915,81.13124638392802,23.53415091271868,44.03500981497266,1.8643805675267648,6.213284283354397,1,3.969877363092198
27.835586848749024,47.59812629391075,69.07238345023559,968.0066562066106,3.18262068946743,6.281763682419133,0,0.0
33.49281087567895,41.906580704573635,53.963249365163186,918.0185405696786,3.1621259916241815,6.595966581305431,0,0.0
27.419687766729044,75.97447251297044,70.87306503905397,126.57953991262328,3.200342003650709,6.918988292111265,0,0.0
20.96647426876524,54.01326500872142,78.47367102420569,112.6911668437488,2.4297849003293974,6.255620824549432,0,0.0
24.43795704487971,75.72480763921747,77.42601925281453,539.0785004770202,3.3807606839331505,6.032508018238381,0,0.0
32.333462705505674,67.75426252364099,71.36536078341246,757.0508345568833,3.047409869543443,5.88805511957634,0,0.0
28.951621271823505,45.44036951150328,20.656842429882133,382.1732119382537,2.039086067380922,6.451985817256193,1,4.40147363551768
29.062314533674606,86.60650366505818,73.1436324942174,136.38216354324206,2.5738878548500956,6.914375667288154,0,0.0
32.73596525670432,62.61570873817388,24.50373882965873,510.55609878135454,1.3044727068957742,6.646982367660649,1,3.8244391755511904
33.19754197686258,76.7223638899344,71.07163821060604,337.5661362189725,2.378330464877129,5.8091539478325664,0,0.0
33.636473720250414,65.05102860078125,36.81044411669742,351.77195555132465,1.6578727088856717,6.83995619595323,1,1.9784333824953872
19.612436285303655,70.21807374806023,56.60410031200206,644.9855368403822,1.7088680662784221,6.60326996212636,0,0.0
27.250142033372715,55.138679617834626,22.28409386899278,885.6080992295039,1.3142955823198121,5.691917291854537,1,4.157385919651083
30.588661860711415,50.01801520017251,66.27090176709368,558.5917308556443,1.8954980589348163,6.569203623368443,0,0.0
30.867756367159235,67.12851017040339,26.702367333978287,687.6025108296357,2.203475825747894,5.93403318610934,1,3.494644899903257
28.314175433490064,62.0109486485501,44.641290300546316,659.9469915212414,2.500886102967158,6.2370949859951645,1,0.8038064549180525
20.83538469812246,59.50566067169666,69.04676013951808,551.14619255693,1.7621733406732738,5.950346971137128,0,0.0
31.556149417008292,73.62835975473115,61.72093979050011,310.7581455831301,2.9806205857752284,5.626088856911545,0,0.0
30.24189266975408,74.5253316005568,20.362561811484014,377.79418491023876,2.3023999040092953,6.652875377025039,1,4.445615728277398
19.464308116333616,42.29600280456315,44.18194007255293,315.7037984904162,2.595130272389327,6.743025638062186,0,0.0
25.884767019464398,56.93722471218361,22.515651017870482,917.4980964820548,1.6953590224463322,5.8479685020410805,1,4.122652347319428
20.957615791870662,60.58822751131887,60.40999164910815,826.6186705104432,3.0353396975306617,5.859457176879293,0,0.0
23.737109777120523,44.84460805820841,78.13690950519928,579.3473728512207,2.560686126414843,6.14493659231296,0,0.0
18.307378567496652,51.79504333491442,59.315675738045556,912.2434709742007,3.1558718736228926,6.717203978655071,0,0.0
24.80560776298289,42.58208986113783,33.462345867053344,886.4086931479779,1.3998789473457363,5.615902108070132,1,2.4806481199419985
27.347907659655576,89.81210493085104,41.31398192399241,927.6943997518351,1.9516581673274964,6.71306702994447,0,0.0
28.532904078060476,76.82786014849222,78.59903333950805,221.77385765553294,1.2825404601431492,6.884084441433361,0,0.0
29.279335867188074,44.37250782513768,33.443144721941,717.5030377638947,1.5388182772609813,6.342256251684861,1,2.4835282917088493
32.21695232274182,41.012468989504605,53.69174438326656,609.2244999235018,1.986368761212175,5.590587222264092,0,0.0
21.66286942368741,75.96439000761401,44.027228520904686,733.8306378346072,3.2364547691484353,5.904329139784411,0,0.0
20.048190981453956,61.959608284133346,66.0989178756933,263.3793639182872,2.39260167267976,5.667079711158057,0,0.0
32.476131922264734,79.3398354532288,72.04335631879323,694.8090714382977,1.8259458267856457,5.888925356124134,0,0.0
20.662417853175047,86.17380189091918,40.45023646101781,409.828515254387,2.8672479071989807,6.717673014238157,0,0.0
34.57092138271532,69.96501945081863,59.62378182196296,834.0917963063002,1.0492067654857538,5.583501683841897,0,0.0
32.32314989977683,49.35542114586265,52.94286185106364,795.3657251617731,1.9252305281066697,5.925735452277987,0,0.0
26.514902300123186,79.10970180232263,36.706669403326,211.35761085891713,2.502079241483446,6.275426143938237,0,0.0
34.68416422367443,87.79058715871872,36.3164481687801,183.855276403303,2.458093259655505,6.811061464728932,1,2.052532774682985
19.655404394836072,69.0115643529978,52.31789885193824,717.731721284866,2.5188947061062352,5.874973248875461,0,0.0
23.152117939976726,74.09987236403668,29.240172411937987,550.4748947281605,1.528751912036165,6.667490734805325,1,3.113974138209302
28.849815055690392,56.87373475183365,68.64859378894829,557.205910682049,1.842697882483697,6.375353612108335,0,0.0
23.95011676404404,59.07638473301556,24.14029035202412,752.5153234593546,3.328913630286567,6.514554126069541,1,3.8789564471963818
33.78233338367346,76.7327248926532,25.67446917249898,854.97079302179,3.4349388282167435,6.7926529713620365,1,3.6488296241251525
19.115643499022898,86.38855492034097,40.53357853563605,238.96390060871676,1.7800958783297367,5.539623480557574,0,0.0
27.340001145036396,71.44941936121761,27.085505491828002,555.5395467905502,2.6112592585218857,6.2946002194052335,1,3.4371741762257995
28.044726545716948,79.49239542426737,48.542001275329554,828.9547094920772,1.6032419478422646,6.620821310545836,1,0.21869980870056693
29.09637810421281,48.58175087076865,43.980553426512216,872.7941711950026,1.9213216674342861,6.826904584298646,1,0.9029169860231675
22.346325796640844,50.59795451289868,63.30858775314302,287.4093883385166,2.9808367420399096,5.699041282431668,0,0.0
24.197629267837698,66.6017343416695,77.18024931258321,104.15385659751253,2.252946825016039,6.012177456580156,0,0.0
32.34256900430462,48.82770961214203,65.21351508434756,232.8232538777799,3.123974899603849,5.61783368754274,0,0.0
21.314027072492717,71.74975351104618,30.76691977283626,945.4995140145272,2.5718506141476425,6.752401125713324,1,2.8849620340745608
32.056753401947155,54.58265926973495,76.13127712786418,462.47971243521425,2.5723029628653715,6.786049521729465,0,0.0
27.56514218934662,79.5766309333446,43.528005953184035,418.57379055602485,1.0847000703695628,6.225377972313407,0,0.0
30.957187690299396,80.40551733071717,48.451361655614775,13.08434873421016,2.874175898104774,5.531192940014438,1,0.2322957516577837
30.131325226479014,63.18937278776765,45.294574242238134,51.01468292135114,3.4446663198762426,5.653297223886089,1,0.7058138636642798
21.527695421542944,49.040531751881765,36.83282139726314,668.6959294747237,2.1825714006334618,6.4365371792146595,0,0.0
27.66981651937584,72.33874805409663,73.70265726784903,589.8270687249965,1.3964500373979305,6.973928778824433,0,0.0
32.75129359768657,89.63935091317933,39.93433195379697,575.5282984954038,3.442444178451348,6.758296115859036,1,1.5098502069304545
25.3459760256328,71.12954489712617,54.71578818077278,110.32287602447155,1.7253146870446658,6.696883324054627,0,0.0
34.43204309379638,41.78873453570039,34.40201506245981,352.0611695653535,2.022994889342926,6.126954821444049,1,2.339697740631028
25.687656701729207,40.864698788354126,67.84252248621083,812.3581386401479,1.1934160352538292,6.977818378219732,0,0.0
20.42735582335404,56.01809852461531,66.45191957175119,174.91122391663728,1.2770921642310464,6.737459276291955,0,0.0
24.620389561320444,49.789190343020245,37.778728306822636,882.6872509824364,1.5414141763985159,6.003479232346063,0,0.0
34.178940908639134,80.65256035716541,60.893244388607215,121.47830034890316,2.371165162725503,6.622736543302474,0,0.0
23.43525443877752,82.24028335180003,62.232411985696984,169.14933012398814,2.39447300466102,6.148784379158368,0,0.0
32.75766871774007,52.93093856552381,53.750684966285974,477.74996115372846,2.515609557107205,6.490683505263749,0,0.0
32.981261588592126,56.28223884749464,56.03590293630021,945.2999044485374,2.4595423925189905,6.955080785155312,0,0.0
23.953170913643337,51.81234838575573,54.46727829744775,329.5476781454236,2.238092457708536,5.869677332900781,0,0.0
19.415380186860745,85.41912736856321,24.911864239690736,658.2179935580489,3.0052466365052726,6.692503286481486,1,3.7632203640463895
30.317484455699912,65.1324667311141,60.2159206828271,588.6712559890763,3.3347492434346813,6.385561481770132,0,0.0
23.29570908323776,72.80685220410099,48.18650059032147,149.62263650055752,1.6744033331980734,6.924956369865562,0,0.0
31.30970144237873,60.774104334980166,46.30743683248481,248.16690139416332,1.3254842057660872,5.701694964930914,1,0.5538844751272783
25.52513242042736,71.55070967522656,71.59995312690805,930.152772643822,2.062718234764895,6.579564248267795,0,0.0
26.249534619824566,59.29276883608681,21.39360280766706,184.82962365309953,1.06605593773494,5.5557297265518795,1,4.29095957884994
31.224459914725124,56.983921886461275,35.07889507752531,695.0098897551132,3.2082971842791914,5.869830220921409,1,2.2381657383712033
24.500176628047676,71.72400365867401,27.284209990564783,964.6944826003045,1.5992656506158103,5.981281795099177,1,3.4073685014152826
25.533164870489546,69.55310390244946,22.120462676583546,119.5059922022781,2.3732415743707374,6.14838364073805,1,4.1819305985124675
24.395237969083578,54.67639770839748,36.54061986055685,399.1819901873145,1.2877374747411894,6.947949965687194,0,0.0
24.24478875971376,47.467422515973674,79.30857636768066,223.93214444273724,2.3831433481082107,5.601402102594239,0,0.0
26.94109180732481,58.428834691906886,36.21375039245443,221.56151740454288,1.097483632254661,5.753474296529864,0,0.0
31.749590556519564,60.75988195709546,59.82234918774628,118.98584399968082,2.9220167389726464,5.804570839278168,0,0.0
24.150061302683618,71.43421667123025,27.09793340244329,649.5511839914658,3.388553656609787,6.13599505347336,1,3.4353099896335064
26.912330249141526,85.72643818184318,56.1108578028338,746.3435099107118,1.7674401623589886,5.591049803716171,0,0.0
29.402364532524214,41.80923987664626,79.0688889882988,676.7939100230562,1.6455365261357315,6.948129319817603,0,0.0
22.580470587162136,52.18305062709224,37.51025140762792,924.6564576191528,2.1199874289671006,6.339777536767333,0,0.0
22.717887683340674,49.68579711397802,70.88453698253497,145.67880871805417,2.5499341506259396,6.719930354383857,0,0.0
33.86802315939873,65.11472043468918,79.85428282199213,319.84537338500616,1.47240615497952,6.65874764584602,0,0.0
30.300087746628506,61.485040352157995,55.31324532324464,344.57280970245597,3.0082699931571937,6.491237704032262,0,0.0
27.81217349579625,76.45188119100942,38.56406602568212,232.08210384690463,1.4963370333760269,6.856614127946533,0,0.0
29.011240925150403,52.12079562724319,60.41187559394937,142.2049441569666,1.01368554995927,6.853575568236555,0,0.0
18.498090532758113,69.72491828748792,70.69089237611712,486.7034759262637,2.3106264589639363,5.691657744497226,0,0.0
28.507750414548845,84.19286317999797,30.2810145777187,834.4396280474284,1.2878742779147794,6.85289244868635,1,2.957847813342195
26.661650844811433,85.53388699591522,47.1509458304872,954.5397256033182,2.7455968134676603,6.285836553074362,0,0.0
27.277744556250404,87.93923023625155,39.15126260743045,129.3406322184977,1.418674989671263,5.902104570222847,0,0.0
24.11020505612389,78.66305760399942,37.001539817742795,823.157228072736,3.0434509888000885,6.412750700284659,0,0.0
19.385056261120013,85.29939531294575,71.64927564441035,824.5811229652749,2.175920332189995,5.921355399864255,0,0.0
21.286766971404887,51.726543599263714,45.299240409310315,388.97812155256696,2.415694761541656,6.218511793978644,0,0.0
34.16266012461542,49.87904721752385,40.34458050823477,110.02962414545414,1.4664629132567795,6.724656772982884,1,1.4483129237647845
24.94789255860588,40.324404189026325,56.21063248556082,990.008006756898,1.3667201938261573,5.5482969639179585,0,0.0
25.93361364912469,75.34221787145492,33.16409477824288,655.5930305288186,2.57823116630053,5.774633487348928,1,2.525385783263568
18.89606642750846,86.87335939068723,33.793609434084736,982.1956950415804,1.638651538354213,6.934874012684292,1,2.4309585848872897
18.63862590224767,49.34676725208382,51.21732385229028,483.6555156846585,1.9648139207943944,6.167647560143881,0,0.0
30.19208459979488,71.84717877134395,44.55636371877105,395.1929999367287,2.198622884842465,5.954986366713178,1,0.8165454421843421
27.14760929005889,77.32298796108887,37.69894303533947,247.1854759704538,1.5740840139523493,6.884919311941205,0,0.0
26.648001731676533,86.38071175740282,23.23706793644613,983.5720017720196,2.988559526399259,6.86682086640726,1,4.01443980953308
22.133117017185366,72.34301120086108,51.246454318311294,253.25726946227368,3.3485610222722637,5.566363685646734,0,0.0
30.660762437708676,88.51468663743762,68.9965523360645,23.762756218050352,2.0797329051505695,6.043717024608835,0,0.0
20.86002184484436,57.233657050627386,71.08263231716347,512.4684135884778,3.2938709612219093,6.869232474657436,0,0.0
21.22889064223734,57.49642668857038,34.12639878356481,377.0504930509154,3.2067070433558964,5.769657954033455,1,2.3810401824652785
25.832106912920683,67.15062550071728,55.9784722368493,261.3825034292645,1.4151180718003145,6.367320264284674,0,0.0
22.866757655902994,59.175094055795356,71.35287856777643,634.6081164811734,1.433454864557283,5.9811670205052305,0,0.0
22.20687068096349,40.07128641437663,44.52355569657588,364.26861489782226,2.193512653675959,6.604848151179287,0,0.0
28.969039957406636,76.58860125434937,75.92820903845171,402.2508883168728,2.314642948079884,5.737393711921588,0,0.0
29.06651966871526,77.58585207392417,74.17871174777318,23.04560389404431,1.8528243141309788,6.394079770481175,0,0.0
32.0167901865988,77.34873023433852,32.48803384512856,589.0709285530576,1.7823024495965432,5.5000126483169565,1,2.6267949232307157
25.10104563854059,57.25103333052333,35.53788997401223,122.07102984704277,2.078418224503864,5.878845633264846,0,0.0
19.242446547444555,66.11447366555859,30.826519918758134,213.80485889542177,2.726198203498002,5.743247817266057,1,2.87602201218628
22.65232854366478,57.99867590883348,31.76326108728214,717.1178206126382,1.2109840825297027,5.814746067973039,1,2.7355108369076793
34.66009287434589,40.80182000153229,74.47172523040987,313.24272618391103,2.776455008780851,6.790639438459168,0,0.0
28.136395778955936,68.12244706357095,75.86827455155738,163.21019743838093,3.315600654080337,6.872194878200371,0,0.0
30.065530441617344,46.18803330420055,23.113834471107857,577.4241470624808,2.908766772102574,6.632547359513373,1,4.032924829333822
18.125083103632047,44.00206620457203,55.61620134033229,214.90449493794063,1.4791921408653976,6.385159794776045,0,0.0
26.809497447102856,77.77495343483936,53.853893771454295,270.97821395870506,1.2187029719428548,5.846284773794581,0,0.0
18.637987178040653,40.475310120905284,43.432858803467596,621.3393099778738,2.2259510224738475,5.912082067637948,0,0.0
27.676913605554617,87.9504221804363,57.90185556938642,739.8617813639149,3.3910152229474675,5.964834659657743,0,0.0
33.65310444381328,65.76276820562884,76.842069530651,739.6596851955771,3.047648218472052,6.66550819074393,0,0.0
34.46312521850693,89.15082153530741,30.21529296332877,482.2434118708304,2.4068340975324825,5.87932646175505,1,2.9677060555006842
27.18939548161171,42.89987862363542,27.224654582987338,454.29691100943546,1.357453558543982,6.96008413805547,1,3.4163018125518994
25.789481689287673,69.17647744329567,22.00343424973854,787.6451842312574,2.784591955278989,6.694695281885349,1,4.199484862539219
34.065290602224394,57.46635179879556,41.82999847040861,193.03472511251707,3.0324955965189115,6.999576584494296,1,1.2255002294387083
29.451367143943816,82.1741246407143,40.25770862467196,152.20244752845923,3.337672841064608,6.188767845095806,1,1.4613437062992054
19.103287752152962,58.06113676171431,45.84918128951863,664.6950660295098,2.530290585399788,6.383992277494474,0,0.0
25.91733482034746,53.02437895286745,50.19860185285694,409.5069343892553,2.286164536613521,5.920602317636582,0,0.0
22.084165313893166,82.87765635499566,65.46943964182728,709.9984605701809,2.547955108919198,6.405616880552861,0,0.0
25.986673464627586,58.732654582663045,43.5268034274511,256.600223463236,3.3581312616463617,6.9608504280181664,0,0.0
25.74291472410815,40.84166599302807,39.83678656167402,324.8718810667669,2.5703177154332106,5.545570322752439,0,0.0
27.896461647850614,59.514455041966684,69.61272921557762,896.6776491853906,1.643979623484269,5.933933188613187,0,0.0
24.06509833593727,72.7261134505471,70.98780023921938,421.65652682158816,2.5903785198558658,5.921941254685439,0,0.0
20.792597640750778,52.71797694031909,33.96595785760119,590.9534697203844,3.1993614320038866,6.973554797567918,1,2.4051063213598214
26.563230388029258,61.59937962125787,38.8803093626785,106.68219411830948,2.417505071490042,5.698974081135943,0,0.0
32.113449033877956,42.83575691411128,69.5069822546053,178.82917219275873,2.256747070024269,6.718540272145053,0,0.0
29.28820787714924,69.40463957569786,24.76449465786589,35.887728822644235,2.833423123756287,5.911830769503466,1,3.7853258013201163
23.752253720728667,77.81474619301969,39.550806823444276,424.3708117616666,2.6524717378620304,6.7909044698171845,0,0.0
33.903891386900575,60.66562807005552,46.90100642245167,988.9200044950239,1.1417189973842223,6.231626352010466,1,0.4648490366322491
33.5075287112361,61.011631640073006,31.224296912034262,873.8731526514661,2.813277852243577,5.863391627728566,1,2.8163554631948604
21.558922789529678,44.41412492924582,30.794851796641893,632.908914940507,2.0188735752152116,6.564599523385969,1,2.880772230503716
18.67009894704617,50.09704322559913,45.49172348081172,861.096491957466,3.3522457000768426,6.762371145107035,0,0.0
30.60224804196296,47.733765156395634,65.27130348409133,594.169356352423,3.4270074710463536,6.2052088138181105,0,0.0
32.069374442935604,64.0843884330769,70.41397877285765,368.7688803341377,2.1218470453113754,6.570983913571535,0,0.0
34.453697621173035,66.46277704753751,78.7541055521704,173.5464011011153,3.421987116644807,5.7723737858883615,0,0.0
33.127218699501285,87.447006564213,24.439043005503144,653.0487417602242,1.7770512873899906,6.90641827116724,1,3.834143549174528
28.209091059509053,43.661575213861695,33.00093206875956,193.0512763907454,2.7066110536299446,5.644674259571679,1,2.5498601896860658
27.010889766610475,69.99339865775235,65.39779054305185,417.4284172000602,1.1876367777735441,5.8329260634570375,0,0.0
18.473297871463966,66.32492636641206,52.435922363339714,825.8018421552631,1.3624733712886181,5.9325396491153635,0,0.0
22.193159596361223,65.81165489679145,39.66078643774509,129.22930256172847,3.161314755944546,5.729129500406728,0,0.0
25.81345077945975,83.65796436914133,32.33537967483461,129.02141905679508,3.2344600982424088,6.110020498263494,1,2.649693048774808
28.684566301420652,50.276923534774326,36.82865309854688,224.40241559159736,2.3315279799243616,6.186604041847155,1,1.975702035217968
27.47328116641298,42.03866371706857,45.757337018057115,551.917307122299,1.8494335673672881,6.27788388631863,0,0.0
30.62481182458874,73.61357538170962,30.629073170361963,251.72347825991304,2.1275598294098765,5.561199321333416,1,2.9056390244457053
22.756037825079694,57.257873206799005,77.85355735260504,503.19793725500074,3.17406122286164,5.828659104966069,0,0.0
27.604194330092046,40.87949581062623,26.45530667599246,301.98261105968714,1.5274835565522948,6.711644876818031,1,3.531703998601131
19.498418137643466,52.568700364520694,79.13464606935315,506.24220490840554,1.737175578253991,6.715906981854676,0,0.0
25.032313900914517,55.466338710840596,70.51359716004035,277.6314490017302,2.9636073356319192,5.99501012763152,0,0.0
30.752734160228215,70.8419188392121,45.38909705082435,980.0123756085652,3.3381736147910397,6.191761542155858,1,0.6916354423763479
29.78781450829375,48.62928970246361,64.3889800632926,492.7179011419678,1.2323183500387607,5.775179391594421,0,0.0
34.84092653192704,60.6527173976699,60.29091462178316,743.6434341082401,3.009430753380739,6.733209835632801,0,0.0
22.72414914179185,64.12377222089162,32.797215076935856,700.546558898205,2.612670767329561,6.9350255824681595,1,2.5804177384596216
26.469218085957646,62.96186956820455,40.344205167136785,490.5593748143612,1.5769288611601222,5.937029290384759,0,0.0
23.602017034157946,88.6970383333391,50.78735376832747,238.86206166792522,2.88954299166192,6.672906890732999,0,0.0
25.49025293900597,42.27521188951481,58.27065079326361,510.71827791286483,2.8197901624983195,6.028583704345184,0,0.0
32.5681522077796,87.54840932261996,52.57369888139729,680.9716237204345,1.3550745288735286,5.503950882361687,0,0.0
29.631554278204273,69.09686069970166,48.37924766038843,459.9192705632118,2.255627643528472,6.39959158988654,1,0.24311285094173554
33.00150025290889,79.78638574849191,46.589136407294006,81.92510736274161,2.8957277071266647,6.115597980113886,1,0.511629538905899
21.45968884164207,61.519630900803776,49.89586995770108,17.983229558083956,1.4788603170195314,6.6376525397427395,0,0.0
32.84713900330445,62.69189406284902,46.06109119075822,327.8768084678385,2.156915055977925,6.62314612020662,1,0.5908363213862671
19.015958661032535,83.96632495079118,52.479804652742956,150.22392609331192,1.3018528117382786,6.91904686618375,0,0.0
33.10618776743159,84.79672481459511,73.27911794280001,906.1902459259957,1.7670873101022342,6.156728513364023,0,0.0
23.594254250832375,51.93444407156488,57.9697587832767,175.83267008492487,1.5448622522538353,6.223767855326061,0,0.0
23.34798976803913,49.96209392923091,63.35725249931241,394.2827140115661,2.2626778168121398,6.100607961069825,0,0.0
26.705505803877287,64.81175869349755,55.848988023846594,712.0775120714814,1.353038337051881,5.945408315534079,0,0.0
33.99173319129494,85.01385135638458,58.58106094484013,815.421660016061,1.957876888481282,6.456763322364958,0,0.0
18.81228319958389,56.11775467030881,54.70098970689081,477.7131531781309,1.6879072624641487,6.742055144443829,0,0.0
23.98792657620267,72.60073076695656,21.61199133174939,181.13500960839212,2.865122285517442,5.736716011817374,1,4.258201300237591
32.56172380761671,75.40758438703006,79.97590293200119,270.89522357585304,2.74917443283836,6.972758991640028,0,0.0
24.732926116402936,78.93373324470778,22.0165544127738,418.9684476411472,1.2373263241640569,6.525711045452382,1,4.19751683808393
21.38566725915014,68.19622289604817,43.708880494019226,364.594589325583,3.383709719694796,6.670166524346461,0,0.0
25.221501082634,60.12275891394848,26.306940697936007,348.6727571696565,2.861707295200222,6.998281878845056,1,3.553958895309599
24.554392525358377,88.35079943994864,25.815707026455947,131.85380175666427,2.539896739369421,6.256047244868366,1,3.6276439460316077
33.56207542493396,70.56653766514263,67.61161710046902,913.3102521709498,2.194253736961712,5.6069368848413434,0,0.0
30.95288438763265,76.42826058166355,45.55554676148462,29.756606417715048,1.4448060519135975,6.685437590408386,1,0.6666679857773069
26.586964447648107,57.24914228479392,68.06832249792589,440.0021278757512,3.4050399424669844,6.806149041417117,0,0.0
34.80229963426671,73.497459050154,36.36718824084989,980.3214925030867,1.0196459417560204,5.743595725159563,1,2.0449217638725163
25.909718031690694,52.8898831082063,35.38776750837408,659.7239388241021,2.731202835574694,5.53620613276381,0,0.0
18.99004312394468,52.25484587643181,35.07388290886773,355.41066373308325,2.268610811345746,5.703735515390024,0,0.0
22.458663470854745,75.73611009047133,56.96873758447516,146.0975844531699,3.256454725061435,5.985949621150233,0,0.0
25.413198163728314,66.06973681314676,68.899963390736,963.8726056457609,1.9517431983869398,6.886421556078199,0,0.0
20.667344610484044,74.16383052111948,47.135660604514435,13.986361873149722,2.296611047419877,5.503700790736277,0,0.0
34.108607147508735,53.47192453740458,42.754933438464946,681.3875706131435,2.8558484797834653,6.705696843590312,1,1.0867599842302582
31.03643126290214,69.93616705283652,78.41477325209897,880.1374714453273,1.1189163583063058,6.782282104317176,0,0.0
22.560882407272135,62.19668248515563,27.00524216069833,25.1604898862422,1.1361881025625538,6.716578489079472,1,3.4492136758952503
28.04367706980457,69.8480143422764,49.197960922693554,725.1748640905012,1.5291818720948218,5.623321533465547,1,0.12030586159596694
30.264635670862724,54.54398661221097,44.50926519088606,998.8377612547349,1.3660614588230717,6.518784998283632,1,0.8236102213670907
34.00174179141557,75.77254818245619,25.88759579521342,639.6424685733493,1.0161086708347322,6.930855435248823,1,3.6168606307179867
32.98780093598198,80.29646830797327,36.09202172529315,414.67894784339876,2.557474555265527,5.680544152783315,1,2.0861967412060274
26.758267844349632,52.995823692886184,21.70647275474672,874.4007193562819,2.989844918640019,5.54752269732362,1,4.244029086787992
31.1690945364813,55.0310279927821,72.61725733897742,554.1792464226282,3.3927874408389775,6.8104885475378945,0,0.0
27.556460815068945,73.05771348595465,56.470971739424066,749.44084678994,2.1022507941797954,6.467394502604812,0,0.0
27.395966130774184,74.7792587151772,68.90110987221505,587.7789918185049,1.6993016456039207,6.469653198610827,0,0.0
19.950613291749264,75.2049842198725,51.29326714417939,38.291092487949264,3.159756121946244,6.946647143390937,0,0.0
20.144340186274587,74.13492523879185,55.97058976531366,213.14498820534754,3.1109890320984808,6.654648375383799,0,0.0
27.002071455381774,59.640385847626945,62.051268668549895,78.7635739867496,2.5621080273342582,6.0961673284523865,0,0.0
22.570646264643113,59.74268372018392,74.48069764785289,106.68776238322297,1.6828725966048366,6.153761675950514,0,0.0
18.357627341827968,52.74088118221907,25.505113269550748,15.405493588071973,3.271293987264836,5.717039469963711,1,3.674233009567388
30.28826646630361,47.84168499481815,39.85690368414362,421.16497901415295,1.4460033417294476,5.956074800348043,1,1.5214644473784573
18.552272143732804,74.62886896984529,62.54157144200003,178.6516317541651,1.109116259109214,6.168105573222486,0,0.0
28.119706298768925,44.65943929861564,77.50103378008356,855.6965204939717,2.991545711818411,5.891628140167369,0,0.0
27.166294500164344,86.88961433933909,78.84844570940032,750.0375375406604,2.4091476510861467,6.873809272216337,0,0.0
34.46984973982268,81.33431518357257,58.28618054823574,573.176994815496,1.616169542796313,5.517704010427668,0,0.0
26.231623368909908,82.8752869978628,31.615908665292036,489.02134535039545,2.6772391558005317,6.380533134520552,1,2.7576137002061945
19.081224418422554,85.33344073075952,27.152534684837406,255.8686405759758,2.916791309531913,6.657412193554379,1,3.427119797274389
27.37869545270985,60.430248536162004,76.76261865682552,474.9514658749855,3.111364878355734,6.598163494714867,0,0.0
32.29863490047372,82.33503616752006,46.03566136775045,641.2292758644109,1.705315039921578,6.465599438693546,1,0.5946507948374326
34.94643783278448,47.90306501458247,31.68896199576109,782.2288601927755,1.0639686281298735,6.115503241896156,1,2.7466557006358365
25.315833952714232,41.08208973041178,76.03355094665608,81.6820662595934,2.275097050067132,6.877715849058006,0,0.0
23.445078622444623,79.2445697331925,26.271456293858712,708.46468874555,3.1401964953259838,5.993419506955702,1,3.559281555921193
33.413106048183984,43.73983239984697,63.774265811424506,742.7298767612854,1.5195533431548456,6.625201189425898,0,0.0
21.251116194294063,89.42623336629609,57.515781652600054,558.9722009248565,2.052813682796346,6.889976457697643,0,0.0
28.46229155555975,73.73982148007781,25.26407986285351,214.31919570320125,1.6410518377122219,5.692575434379298,1,3.7103880205719735
24.89714521107611,77.67248551210528,40.324927738366526,539.1845875011751,1.0334066285597743,6.920621572028651,0,0.0
18.69840020424444,52.2901928138933,28.99584137240064,502.7048818153104,3.2463102411083673,6.664049051870486,1,3.150623794139904
23.903904063196862,73.69326969598441,56.269915551989676,475.7100963867962,1.337633066772479,6.424887494561798,0,0.0
22.508884882545466,42.16099686274786,48.626781900645724,460.6399154671841,2.916917789383767,6.060098058437443,0,0.0
29.663549617039276,81.89128599618005,20.25650747962946,110.82556629151973,1.8665080794791513,6.85639813776964,1,4.461523878055581
34.12943846076261,48.48120465157862,78.54263397703448,182.89248485736476,1.694204772266663,5.56606440432087,0,0.0
22.556802185436844,74.86790334168853,40.97507899337242,97.33208845134233,3.3525722162634213,6.147743583168257,0,0.0
31.79492096557859,51.22402506163642,35.492263570223,242.47782766798443,2.642998716851606,6.634950846376139,1,2.1761604644665495
18.941116887952962,43.422658471302135,33.34657734764616,263.476782730673,2.7173066548036893,6.716710663685752,1,2.4980133978530756
27.14805717067682,64.07468392746972,29.52895377041407,245.07586149304538,2.8991322961346118,5.803417745996206,1,3.0706569344378893
19.19935108306821,48.464310513639475,79.9482245729906,210.92906818560343,1.8523333400566604,5.571406978023822,0,0.0
33.87856084922087,76.4721994163275,37.70656807289629,735.422045484789,2.409161201739433,6.704276732880402,1,1.8440147890655565
31.027971769475634,51.878292169174244,44.3308098334569,818.5653995981179,1.6755583601172142,6.132838401581773,1,0.8503785249814655
29.18514849047807,57.123627811791444,72.28135497068533,327.10921657256984,3.086353788692173,5.71528559512385,0,0.0
32.00623848761929,68.37196256322365,58.513250212572686,305.1288916844489,2.49826844824665,5.628352522162197,0,0.0
29.007836524692774,54.24841387886558,42.12166470471635,844.0323497525079,1.608517065102794,6.460959355770154,1,1.181750294292547
34.47205475196295,58.89940581049808,73.89970615543118,623.923901665791,3.2493960158044453,6.374226798403457,0,0.0
30.137285113701118,80.78108855201933,64.98345213281601,293.4383247890575,2.4521000012096295,6.780985565052246,0,0.0
33.719196362898195,48.960492478051286,33.67403045250198,713.6122925865822,2.2375762581435326,5.547350518408726,1,2.448895432124703
26.791242164180847,44.110079474096686,58.62433967599523,344.59281023316737,1.086218966079918,6.8026408497513,0,0.0
19.990095020691665,56.417889256650966,75.34390989754408,586.555614342173,3.2745050129015314,6.830864664108482,0,0.0
26.97902126419129,61.21883835069391,49.78765270702475,992.6340299878015,3.3806847900784454,6.169449516193788,0,0.0
20.156838077072585,67.13296410682838,64.01674416990002,301.59437521603326,2.40649656959451,5.6149996717281425,0,0.0
28.072389145998883,58.62118480875036,78.26622463934956,930.5260007083332,2.1062833840363933,6.920114806903472,0,0.0
26.20238202897027,79.49558501114026,61.42484845371278,320.6524142846981,1.8989126650117258,5.608044857992256,0,0.0
28.58378176315729,41.965974383423664,26.14632138596484,540.2867043748234,1.6701199563400893,6.386012965669273,1,3.578051792105274
18.170798677932137,61.5883769099279,34.67357305587736,459.98378959903994,2.4363233445105155,6.239734754009231,1,2.2989640416183956
21.31228835814119,59.11279573282023,55.705786240558936,783.1595623439362,1.3202376325364134,6.752629684492088,0,0.0
26.352617342506225,72.37892454034295,36.53334892231437,61.092699481994806,3.2979340206128502,6.253910279058939,0,0.0
34.15856054701529,88.3138125948698,77.4525023233484,627.1223040686639,1.439896845144552,6.203680422559071,0,0.0
24.521353686037692,65.51877033144311,44.321122041330426,760.6669443488229,2.863783155858793,6.8209752195683375,0,0.0
25.21432444291179,89.34384234708602,47.43382434394191,472.14485138211927,1.7672194309216287,6.946015124147254,0,0.0
30.149833513112576,55.11246974565987,62.09612560820703,105.29260653780537,1.5651776941966957,6.32390516259821,0,0.0
28.264476873864005,41.54340662712305,51.454983880512444,244.8050134848131,2.3946729483869493,6.1820858962625795,0,0.0
23.081744551671665,48.28315837382064,42.9287580133261,679.6723701008636,2.9128124528987627,6.746642714821603,0,0.0
24.983878724646274,59.756244238728364,24.598272509274725,895.4373855003151,2.8168416723507868,6.746640192084747,1,3.810259123608791
21.70089658057295,55.816695459427606,55.78673537047183,421.60860700048863,1.5843908772430186,5.979072574127998,0,0.0
34.42236480521355,44.852706549168886,72.05480184764208,560.4120350782592,1.8262558756740024,6.364335483133006,0,0.0
20.220784486475115,61.63300538453584,61.14574650560337,228.38503672686207,3.1720804575009405,5.731175472033399,0,0.0
24.32122533762913,56.90578858297813,42.88970060281713,412.21331403687145,2.80810936129102,6.453312984068983,0,0.0
18.43926252774019,46.13096102287192,27.663563877387766,336.7898077704915,2.7817347633814054,6.750983520314275,1,3.350465418391835
21.77025136287029,54.80585653059545,68.98029121425463,655.5255479715237,1.6722626908297276,5.781272627308337,0,0.0
31.268009352462634,84.32180276776953,76.50490173387229,984.6989516751111,2.980010769186089,5.984570569487127,0,0.0
21.419978948910952,55.10244327446701,43.296379447775884,813.3034519856863,1.8960444885810945,6.173401425583649,0,0.0
19.361077842992415,75.69777116210258,63.718531351043694,192.16458492618514,2.0034763003982747,6.767620096188721,0,0.0
26.065704057356896,70.60235398288778,44.64580639344534,577.6785933067669,1.7189027225018152,6.597055016861015,0,0.0
18.169476990486814,61.35905812041859,50.13601633113197,66.4117149484016,1.3034756175981048,5.975305582360033,0,0.0
19.441024625247664,51.951281840183455,70.18858283698458,246.91548684263554,2.0509839074894956,5.864550330505581,0,0.0
31.729639782570576,58.45073496729727,25.005460532669215,172.2176760603904,1.0423487548059214,6.543557065069182,1,3.749180920099618
31.11504686261331,69.60536067355214,51.820120927202304,335.5455376394629,2.139775598568149,6.2198311975601985,0,0.0
33.55735994688323,57.537660737467746,32.87721648027335,678.8139690442135,2.812516095257882,6.390331336824104,1,2.568417527958998
32.526762410482746,50.74482167871159,40.38835672974574,499.39331691682673,3.4018625819111876,6.473046188914083,1,1.4417464905381394
29.613984575076906,45.823137444581604,58.665729478536456,932.9092598292177,1.1965328614150836,6.3380301002978765,0,0.0
18.88965857411127,83.98834689547826,21.633704740210902,212.74883984850868,1.7032267604387377,6.41960804482307,1,4.254944288968365
31.308426505773177,62.01564878759528,55.62950593838976,364.20914625394016,2.2353276290292508,6.831254728768637,0,0.0
32.373683784289526,71.2604160871465,37.00653436722498,329.8525767924695,1.4259698717547908,6.802298391216217,1,1.949019844916253
31.584396478123224,64.52051805684026,60.16906164848433,235.9636259599299,1.2920713051907617,5.7235514098891445,0,0.0
26.644143600236443,83.62832591789817,28.494881114783254,993.1707691262445,2.1307952636263763,6.379745071878736,1,3.2257678327825117
21.95933125704119,67.34674262241055,64.14869622897072,387.22554544305444,2.451826322230517,6.158952995003865,0,0.0
32.370609586708355,64.03907089745567,58.73838318577869,940.5089804995985,3.0505193163659055,5.928280112597777,0,0.0
30.361767765582353,86.23004952108563,78.27450997282108,390.47347385298946,3.4945085544854466,6.446721114126698,0,0.0
34.67293996461048,75.98447980226773,74.67412179548887,204.0916787406609,2.935676949967962,6.266325301135184,0,0.0
20.64677416185086,45.57749536734286,36.99817179198214,119.20633068271114,1.5533511299158005,6.662356097994699,0,0.0
21.836297911884937,48.885223059840705,21.63899436352622,855.5631931755051,2.869945171903119,5.640146484387545,1,4.254150845471067
21.600568547985546,79.3561431469721,59.32211366670547,32.09764048507824,2.3428840607977057,5.954021124058155,0,0.0
31.473176049562724,81.79256605899772,56.17324334028035,964.3945883392814,2.1270239392585975,5.538673388241644,0,0.0
21.17742403965201,67.25954145451482,21.645726125986762,418.19121178554843,3.339321234768174,6.61893963045322,1,4.253141081101986
19.133217106996202,67.72276139333196,27.36065175215556,247.37435108435713,2.755231467299154,6.868685999512625,1,3.395902237176666
34.97553371195569,71.59664814257222,55.08210227215913,617.4461322153625,2.7042326838598947,6.381064510972956,0,0.0
18.421892594567534,61.95578871413197,74.70963584260952,132.91299183618634,1.0293899118190004,6.425468739499059,0,0.0
32.199149022700716,74.0099561741952,74.39001659080441,72.14557356635576,3.1626787284494577,5.569637682495386,0,0.0
24.211236306361098,45.42406287832078,29.08910327672449,827.7833519095669,2.9832511935257777,6.255671947354316,1,3.1366345084913263
32.30746281588286,88.06396211836932,43.07443678431497,424.67077462532677,1.7473546948261065,6.290308348927304,1,1.0388344823527547
27.428548350589466,77.50774118974608,22.592171861130442,518.254912104532,1.730283531266522,5.558461728639133,1,4.111174220830433
33.327730901268126,71.55871020045035,48.156310781775744,176.69600887506488,1.13369615012975,6.673580709624374,1,0.2765533827336384
33.745280769048655,55.81610285047404,65.18500758039234,61.42424452694228,1.1271410593216928,5.91748020614246,0,0.0
18.154669081773193,48.04777437283646,67.39836268193669,367.7761326518467,2.671486283654203,6.585170510216875,0,0.0
19.282006991877402,60.46714819144724,49.93936799579438,506.1462523800894,1.4655940322694485,6.104388020304737,0,0.0
22.256098402704545,73.07883702870292,25.752180482493102,765.4306218780279,3.3088696245963765,6.993469206172161,1,3.6371729276260343
29.378362078179528,71.68548717115554,42.881838510893985,501.05200023546337,3.1060110700623813,5.818307719310702,1,1.0677242233659021
33.1006273406956,59.13205775327857,75.92611759846187,782.507017685903,1.8722129000804593,5.5873533869359004,0,0.0
25.819013171997366,70.66431969165649,33.77675339118288,115.43277967431386,1.9501713795310887,6.9698582398007325,1,2.433486991322568
28.318542976662513,80.68741477837739,39.185266994763595,63.962772043951624,1.8181914021369516,5.865763027113347,1,1.6222099507854608
21.20449749752454,41.31423861688035,64.80963052778425,158.86096414345164,1.2309872829793982,6.452996780673744,0,0.0
31.68443617598865,62.531052396513786,64.0148473331563,772.0121268887285,1.078575394125545,6.061852329722842,0,0.0
34.44457789300898,77.92776142333955,74.73213728149594,759.3302308387015,2.1303328958497434,6.4594417852519905,0,0.0
22.56618185954816,67.30722352316886,43.287121443222524,141.36780451064146,3.357600286228736,6.394087884132213,0,0.0
26.41204117720929,72.5738043964535,50.87592343245747,30.988658250679755,3.293123302047838,6.560910821933895,0,0.0
19.463973878608353,65.8338196302671,48.04354767322866,685.2819362121652,3.0245968528034113,5.527665033965038,0,0.0
27.505323159870464,89.59372723411555,75.66513026134719,855.2817832429774,2.571487318607512,6.7542913257310015,0,0.0
26.54731851139357,42.73107682445191,66.15983532947808,754.1076955101822,3.140556016728622,6.217998796330359,0,0.0
20.45542023063632,64.55224108861887,69.8865067900309,202.79898061507816,2.28767129432891,6.278279202507164,0,0.0
25.515125623007275,44.57082745572588,27.985896129764654,583.7678972253357,1.4504003325515793,6.116537786560189,1,3.3021155805353017
23.679779085471576,47.98927810567852,67.51080157208959,757.3657206255411,2.7104258694730796,6.984073723409571,0,0.0
26.87112488018822,59.15191752091309,45.97872596344982,255.82870454703954,3.3016150879462383,6.702357061142056,0,0.0
27.956123702289588,47.777004575024364,21.400320969838827,527.7208013694529,1.049012743514367,5.967090062544712,1,4.289951854524176
18.14442483632256,88.18435829783255,23.605301164597076,314.46040397377027,1.6286101305198268,6.6746069121831315,1,3.9592048253104384
30.937101710142443,87.33948883625796,60.674476384090674,225.57541732702114,1.6635954781781785,6.155490290882897,0,0.0
30.121242961649592,56.80548231103019,42.32074646875819,969.5893267708525,1.2475988465406522,6.805020014043471,1,1.151888029686272
24.226868565510877,71.98738560188397,72.08693439340882,912.5819603869263,1.5637355534963735,5.546269742896803,0,0.0
18.89991090466991,66.6876660296893,64.05638803255198,445.66773095148704,1.959955194778547,6.033109747978717,0,0.0
30.833853176345855,80.77934902578843,21.300800700017707,136.7780610639764,3.34958856212081,6.144728733942583,1,4.3048798949973435
34.23797772812825,71.37228049084712,61.21329871016012,727.9073033206487,3.150664422816991,6.616374369590826,0,0.0
22.08257713237424,40.01262272452811,31.541148363941375,255.70113012822026,3.365015560656542,5.773450399883684,1,2.7688277454087937
23.499918433529643,78.15871928048693,45.35495412223473,168.5178058380945,1.301429441805848,5.929421641590768,0,0.0
21.124819121190853,77.34240606480591,57.48411212737776,381.5290177381846,1.0701211540481417,6.585820438579396,0,0.0
27.807914096862277,65.48613527832406,72.36307047774157,529.8498091667391,1.2747079110277626,5.615265488814731,0,0.0
20.632303709006734,85.14594866165268,47.36587330351635,97.44032982041462,3.2857390871315677,5.801686442150567,0,0.0
24.05529703884345,85.42231028452008,68.50942725146807,571.7464730485266,1.3937215963388765,6.630049843512762,0,0.0
29.84922123688247,66.19558383521986,66.97793976803797,15.34837476262152,2.4315917664313123,6.813292976399328,0,0.0
27.521971711158923,70.39941155982689,44.8723107710755,891.8690605930867,1.568955924651905,6.593242076194882,0,0.0
24.5698635935749,89.82610359623362,50.05880980597417,920.7416892788666,1.0515885622919987,6.2907074276962796,0,0.0
25.14424323072821,54.94101174057087,62.029100602988784,733.0707735118515,1.2115533553564442,5.648591951786164,0,0.0
27.555885004594902,56.23086211557387,21.868906078816384,466.5494085741776,2.774492557416033,6.7408386144704435,1,4.2196640881775425
18.099700374081742,49.13869513317482,73.44868482795476,254.89627056331122,1.4559161300333479,5.686058495756673,0,0.0
19.334667763711366,84.79334695789339,66.1889695662616,744.1120907113965,1.5728480135836986,6.0776176796671315,0,0.0
32.9813871519712,77.22441949746332,34.96495288413982,931.7972019520636,1.9431412520592144,5.5757490165179995,1,2.255257067379027
19.32394281455194,45.28214244351209,78.87079719133854,158.53370489743958,2.6431039003404333,6.564512642319124,0,0.0
30.01566113557859,89.08836755989827,30.763421155377127,465.821989297698,2.1734309823991658,6.255242446589818,1,2.885486826693431
33.6406487898539,76.54808540805581,74.8452004222641,315.2616360359282,3.361525539984424,6.861411600123155,0,0.0
22.601621273129428,82.52610548024873,39.46840749938667,356.7417890459099,2.0854554768491584,5.70811374339187,0,0.0
24.29835443001174,42.40753945866005,65.78880260984815,405.7577813229325,1.4978273004936793,6.728748925565219,0,0.0
27.671663899360176,65.24804594710838,47.382595594876705,951.7963443713384,2.34035709852252,6.266003136936293,0,0.0
32.98905248385594,74.92991433635197,64.18804324700014,258.6371678680936,2.1272240377371676,6.049138575035811,0,0.0
34.01239498342714,67.14732922859207,29.346982876361977,492.6758390935066,2.9678458463375748,6.465350328829047,1,3.0979525685457032
30.572575217891558,73.33237328496386,36.17038750318897,951.4874716617903,3.337803076348706,6.685626054992156,1,2.0744418745216544
19.472535934529798,80.89370317952363,25.991469468321537,476.05689021831733,3.0907380700912683,6.160427910116867,1,3.601279579751769
29.375620644092464,58.71685314800981,71.90863888626819,863.5995219214534,1.9725993123148555,5.849208520506627,0,0.0
24.975163271835257,82.43343378093549,37.77757926616996,58.76477432528093,1.5402903057283992,6.873683724247452,0,0.0
26.001916991348047,48.145805238264536,61.668573764999806,953.030418463236,3.2862223425348187,5.9694966162159835,0,0.0
18.83552263586801,53.54430275131874,69.21327186449169,187.5311470260509,1.96484912859292,6.997354665846262,0,0.0
21.24805636888809,42.16728099636629,74.08509418276076,979.9350347312842,2.9255165586217755,6.6509873934347885,0,0.0
31.43873132807201,58.22134056676256,26.377826918703068,175.57686525854842,3.4738183530322266,6.531728762370488,1,3.54332596219454
25.71730016181362,58.99547724120602,73.58089601075676,444.3659477949742,2.4436067037881903,5.51859959174783,0,0.0
23.12825810772953,80.26352986036255,31.835166663843168,308.6144915725445,2.199701170922214,6.172796988892637,1,2.7247250004235246
24.52832425740429,72.6565335144828,64.2141206954577,433.2314210950441,2.7496769562030385,6.253691613531066,0,0.0
32.52479172653656,61.836127907783336,63.73094116187667,250.5247399255255,1.484827451976602,6.064564594280187,0,0.0
30.732983295884267,72.60569893118742,20.510188504457254,965.3174124276419,2.220599346996625,5.724959650752111,1,4.423471724331412
22.629361752078406,42.63916752578456,33.23743449861526,305.72498407309166,1.7808268927758144,6.051175666382663,1,2.5143848252077112
19.997531283610346,49.013576800918806,49.514510879892036,653.2749120642229,1.4105696766891997,5.6124600117865135,0,0.0
22.28396976794922,71.34739276208775,45.20208239979693,137.4474895987885,2.5253413725773823,5.936378379550063,0,0.0
33.65285966793047,72.06834096126511,75.11440879307658,824.3874848498838,2.439265213645367,5.625518913434593,0,0.0
27.887010243445843,78.70673293537135,41.584452170151394,542.5079435095133,2.9030089993563495,6.628635180733728,0,0.0
27.069163548661308,60.14998795268011,76.21902289015773,979.4461245313158,3.182425310603403,6.506735939761651,0,0.0
28.138691194771845,76.1277048308078,47.56575910355187,423.40221683343515,1.550939965052223,6.909899705243606,1,0.3651361344672196
24.22248051769076,74.19901662800947,77.86117379840994,195.4478749766604,2.9492566301345002,6.069893232963133,0,0.0
31.720819345431718,88.16966891849245,64.24128860149168,346.0189994409836,1.9184629018823225,6.679301436993811,0,0.0
26.895866238104247,50.75651132123396,69.76007549792936,736.9656060934942,2.572014004483562,6.381410804102391,0,0.0
19.984714347069524,67.58397818763197,26.29261330094006,659.1065209958759,3.125600068989528,6.469155142138925,1,3.5561080048589906
20.19410712209407,70.08822210552347,55.16848599454207,778.3474076177251,1.6404627882145473,6.321191904646599,0,0.0
27.126605490544513,89.93239424671103,28.56202158976105,73.47029220420909,2.502403209914593,6.668740210691112,1,3.2156967615358427
33.92169370720427,50.059207108332586,37.857260123058445,580.3687753447865,2.2007971930004526,5.562987147871823,1,1.8214109815412332
23.24198606849538,66.16090099836461,57.413924370036085,932.1686770363046,2.9764432336267976,5.620732245871758,0,0.0
32.78219987060671,57.30926538568194,63.57354228163345,107.90191948157735,2.743103247352763,5.6438856549642855,0,0.0
30.989624971840946,66.29464842894998,22.35102692067505,94.33525891297889,2.9240795897581044,5.933036101093953,1,4.1473459618987425
22.212811529417415,51.6064301051553,51.856623864341884,716.604364519514,1.7198578240080202,6.386693184322583,0,0.0
18.617792721376123,42.380618921374406,53.91883917739318,315.1824558442019,2.76089073522274,6.468426324301699,0,0.0
19.731403507420506,68.62827269488444,24.72967982661207,658.5792103609069,2.5145146856490466,6.568905505284257,1,3.790548026008189
30.384396875406484,56.79271579304161,50.041282052045815,545.3845130503599,2.1417011401143915,5.921144835827136,0,0.0
21.394385546690994,49.097070087421685,62.83053680298959,986.0666583399056,1.9458592259203757,6.475319115847674,0,0.0
24.311605648591694,56.19677830390169,23.19363709253186,889.0564169548741,1.8290000769885773,5.676534989137101,1,4.020954436120221
26.528885822109224,42.46401007238725,65.61606657943773,678.0727815617117,1.0241859032570748,5.514968815087986,0,0.0
30.33295886365277,87.52211170450516,54.585590294248206,261.6746261031505,1.4238963782669691,6.542021181325749,0,0.0
19.924930795405132,69.05739574866303,69.99363249630746,261.90816215046954,1.1474455305585163,6.573418312720875,0,0.0
24.908228889716845,80.73843406735125,33.0837543712442,882.2438005689459,3.120893856574173,6.433214061886166,1,2.5374368443133704
26.246239455425822,61.15590987738652,69.9964210527871,585.341065275393,3.150222176037705,5.888304923645496,0,0.0
27.194060087516174,85.16573337830928,25.67365851604808,789.2817820521024,3.115483341723169,6.891202690872738,1,3.648951222592788
31.912130903718683,64.16591107761266,44.22978178668028,449.8642065368301,3.0447994108844565,6.813513374695373,1,0.8655327319979583
20.918529315734688,68.69726611003347,31.96908749147891,103.07363665152658,1.5533261338199422,6.2733108409287635,1,2.7046368762781636
31.73313468105258,64.58969900313284,72.56124993745244,332.68645823962606,2.229465436276685,6.983709626567937,0,0.0
29.778933270843087,76.66391479338259,62.29518897810643,161.14919428836316,3.269609429920992,5.947929334833245,0,0.0
27.44980384138231,68.33280388010311,21.521706629643692,781.8328164255023,2.8994544851176607,6.2367014270055465,1,4.271744005553446
29.891973796843722,53.579946179019885,20.57140133683737,700.5119896570901,1.0045507148859023,6.891882657779674,1,4.414289799474394
25.004301562178156,47.27697656613231,37.47495526890018,88.41292238804066,2.148566441009484,6.193183198905274,0,0.0
20.352758961458118,70.3062194441489,28.596986856833922,621.385398761877,1.0266754981491366,6.206512341617781,1,3.2104519714749116
29.318009084511246,64.45899807735181,57.818268653611746,874.1355069947955,1.701652617451687,5.61908890200116,0,0.0
26.919429213655576,44.798784834805645,59.827816032953585,697.3642953999666,2.0894061030672124,5.81701959923483,0,0.0
28.869371609227183,59.78087328966342,76.51705421968205,511.1119129844214,3.2322482316256975,5.736797839020546,0,0.0
23.74597927748433,65.73882110002268,77.12239547275045,311.86328493888726,2.635960710368316,6.34789880559057,0,0.0
33.41673181477721,81.3446616912795,59.533802324680735,887.0967495858956,1.906211413724769,5.977737356525043,0,0.0
27.985287765784808,43.80505279166812,20.340506771162524,422.80488214101985,2.2266372561323022,5.615545688794104,1,4.448923984325622
19.451842232944855,57.42476741230014,41.539874994176856,855.3935802337854,3.0434737214924352,6.26495858850245,0,0.0
25.646667841975287,81.13280613551927,50.78849079483597,782.999838218197,1.749138997784283,6.503825742443711,0,0.0
30.858052930641783,72.42119658857894,49.95078539050795,816.2269652808596,2.5375869386716663,6.604790105983676,1,0.007382191423807072
31.50028754944863,54.497916090189335,56.2004377701336,989.7975201616463,1.655617209719626,6.756276861102084,0,0.0
26.4081498969839,82.26675610113212,77.63308896828562,748.7585158729645,2.199908593059156,6.222934592229894,0,0.0
33.21070870413212,64.66467902813461,73.11156151730923,34.04093571864841,1.0616462589051583,6.085917786223033,0,0.0
22.550363432303058,64.91759456552302,26.534482007029297,205.4339349807449,3.13068829872923,6.526182679416393,1,3.519827698945605
24.98017785305053,88.82936696001921,35.958823483603595,35.19515032516451,1.1208720787804498,5.520047129007238,0,0.0
33.27614747967249,87.35582516181893,69.98656504517817,189.9135699416906,1.5609012495960795,6.450289879589937,0,0.0
33.23636418001684,57.9266341684922,69.45841452915242,61.43951068611331,1.8337796973970262,6.108522886173377,0,0.0
29.657117070019574,47.028956433154114,36.522243447300255,501.61704118625295,2.5629027919179537,6.1793129295058495,1,2.0216634829049616
32.60266930107774,56.2833366139047,63.83528184116717,28.206213133077807,2.800083663937639,5.944404300124511,0,0.0
19.509145538255954,41.5241630155694,60.32224272307144,472.57909961525945,1.2011276057136082,5.690913276379154,0,0.0
32.7049145955322,41.03839433551956,48.41143789819769,898.8409071200119,1.108663714711976,6.102136996261312,1,0.23828431527034652
23.450538411353854,59.77610681257096,32.08729716074176,748.5760125748094,2.9974747165733717,5.962303495238498,1,2.6869054258887357
21.031635711279677,87.0509911348617,73.31859085364518,943.955923651756,2.7804163347603157,6.940177559329737,0,0.0
22.06928721781479,83.56786706161039,60.671071058410085,226.64677375652042,3.0788758856366414,6.91530914760404,0,0.0
25.10546463623608,65.57214169588116,30.139575492702484,531.0858164052937,2.691345662958791,6.465875897618827,1,2.9790636760946274
22.270264078275943,68.26131905854153,62.28814069045165,318.5794531658388,2.8775306758916317,6.855551965597229,0,0.0
23.449648962280484,40.296674837302824,64.4860231746188,493.81979569203406,1.9475959576178619,6.626912166651239,0,0.0
20.294634263217915,50.775057791688276,73.21281710726244,557.0758295842885,2.475460800987425,6.018837233690164,0,0.0
23.035005014502975,41.238706346719184,33.3703553145161,36.18613047586516,3.0134808571753564,6.405851000911457,1,2.4944467028225854
27.72882484721402,77.72697663476939,79.3252463248044,233.25613521498312,1.430293836016293,5.830485360399229,0,0.0
25.511513037548088,47.282289801324886,29.203605351615273,704.7727792439974,2.057057402065479,6.5308123764157235,1,3.119459197257709
23.89421894101049,83.45235512384085,56.04133351157498,772.9280245402996,2.851224421199653,5.567211357851234,0,0.0
30.68968619057094,72.1662156837894,59.43059031640871,569.4513674875033,2.3315914294129634,6.747012623048574,0,0.0
33.189669513686404,51.470933825785664,45.13717371595163,270.8290279486767,2.7041436323154286,6.374844736463443,1,0.7294239426072551
30.86541678934075,47.88601585416249,48.50226252622319,405.08411672274,1.7321729896895348,5.587657520084078,1,0.22466062106652132
23.644011936000545,71.38123504615265,73.45460580332823,96.03681188138458,1.0808561282942115,6.8076417479912035,0,0.0
30.65551685323841,85.04184901411617,58.71645377992771,953.1796167925917,1.0728644493859405,6.816552116357599,0,0.0
20.58366310205887,75.91801094571909,49.820057494081176,868.6774712102881,3.356952941325869,6.779223756967477,0,0.0
20.215405797551945,57.42733258016888,27.70097374601148,65.60234690746336,3.3613501099876038,6.661452965228085,1,3.344853938098278
23.875659629614702,69.36917976343236,20.44025751338808,166.49066565833047,1.5282058498865485,6.516888122895395,1,4.433961372991788
31.73094027374897,55.53808476862107,27.498117089110007,581.0944411887535,1.36866414492736,6.095363682817874,1,3.375282436633499
22.18792020311913,89.95747833893294,77.37107404859032,232.4300741292159,1.0453495847325522,5.7045087509296835,0,0.0
19.07530795127755,77.44195942309256,65.84520697947984,934.4006980141282,1.5781421407881462,5.933162912549833,0,0.0
20.239062098508036,70.71908198783768,78.02697965061486,755.5905808710745,1.835878602886434,6.020615707527151,0,0.0
32.59866446500286,61.16295713829146,22.14252258249031,273.2915129110828,1.6031065840947027,6.037114701047187,1,4.178621612626453
28.774315840703892,70.90761451297786,60.813224231518355,6.101411190476136,2.9934603507655035,6.348234422690982,0,0.0
22.304419777289603,57.080803123366735,22.65761158420508,799.4473912029747,2.8735762481885887,5.812574212218658,1,4.101358262369238
27.440029030579083,41.44324197290154,66.92338813212939,424.08970960106564,1.202535361714685,5.784491693603125,0,0.0
26.968853581230956,59.75442611783164,42.85701036411166,642.3777118577771,2.7433040202552315,6.575444052902111,0,0.0
29.142411633491243,86.52404097899336,25.74592160638969,286.9748254212975,2.3014627997197916,5.511250825645774,1,3.6381117590415464
21.964188425167478,71.31505473869329,54.08279850725092,142.87325935817097,1.3304152659371493,5.724279153119541,0,0.0
32.69485078230476,44.197785153545084,36.80721179608329,675.3115917857457,2.848838576232456,6.152437123386957,1,1.9789182305875068
23.25926555536022,84.24968066975129,59.57443651230911,450.3245881466591,1.2151139129355064,5.723624749179842,0,0.0
29.800238117596027,53.443742467075744,59.49048557082742,235.16970106998093,1.4428766645034252,6.939718826978414,0,0.0
18.274118988327654,52.18847465413637,62.30044844724517,137.6279995662032,1.3730662038829078,6.505155927202514,0,0.0
24.335171208200503,54.85454843901604,79.54790472666554,580.4795944416335,3.34758351041621,6.14915426731679,0,0.0
23.97906690529974,68.86011180629788,43.20186259684432,725.5499402075743,2.745390008011622,5.668383021800194,0,0.0
27.239235285911246,67.23440467169883,47.918928469106056,283.88696212311527,2.0282148229119,6.0777794352319425,0,0.0
19.236516450212342,64.57068773114409,68.27670206152045,735.142535347124,3.055510377122005,6.475902503016941,0,0.0
31.43223335334384,75.87684317563135,54.70220138131312,183.12219873277192,1.5398985238056608,6.953221305037101,0,0.0
21.702273630048666,55.82688656674795,22.235432641267977,338.41569109510925,3.327733197612747,6.209031045461201,1,4.164685103809803
29.509642852994173,79.10322607862156,70.5847112155914,744.8822867999555,2.742493302197756,6.538618369138609,0,0.0
31.654606095149582,48.76608391892996,23.08992091628246,660.1435196470793,2.398951602520331,5.793038495990085,1,4.036511862557631
27.551908256105722,79.13103945385046,30.24920818950706,270.52362690391254,2.9866211217583203,6.435450056103495,1,2.962618771573941
30.595014514273753,73.19050526251414,26.12479801845123,122.13500154693313,2.611952453562896,5.858582349860526,1,3.5812802972323152
29.251625307655093,74.16041547737933,24.67562797286721,42.47342494724193,3.217773187526206,5.797201078173618,1,3.7986558040699183
24.04400655158413,64.077669856363,21.54109251828261,837.9151799192856,3.0728816501860554,6.2638308425051,1,4.268836122257608
31.75059516357061,73.35007663404323,23.301662838342043,75.14194956786002,1.494576262601947,5.8174964461503995,1,4.0047505742486935
23.009923288053976,43.98985232797287,46.5463513507286,114.84515220638781,1.599159501360921,6.581991290836342,0,0.0
27.71061960177579,82.57755585246836,35.17113619895683,237.71063027533367,1.1627435344391088,6.906004886449507,0,0.0
30.67176156540617,42.7773616743823,27.592213005129125,445.6697042398479,1.5504972929320062,6.090403153592103,1,3.3611680492306313
24.44225046681263,47.43707549357487,59.52233256359156,789.787080236496,1.8587221623453367,5.98369210514009,0,0.0
23.147049329496227,68.83948542486182,33.56671463805551,247.48032594110603,1.0720683879312327,5.763827340404064,1,2.464992804291674
25.808882172937984,76.97057277283457,21.13694932068857,543.5082483597519,1.7874063655265349,6.085594641381243,1,4.329457601896714
31.905379403935612,43.81257821731268,45.10518702603966,90.37252205004309,2.9288646040682513,6.339451135798085,1,0.7342219460940512
33.8086699734763,86.038240706116,38.6259795186983,464.5110051365248,3.1008189950340377,6.059454119489609,1,1.7061030721952548
27.266418018618133,88.68038244003493,39.11626588078957,177.63899337730825,1.0221832249685583,6.434614327748327,0,0.0
29.244925490502084,70.29750865038555,46.71620169089368,211.19155889056506,1.0178675956730818,6.4936351224298186,1,0.49256974636594747
33.35565157806154,64.06217276884183,60.13483563405666,366.8284341089294,1.3657677706275029,5.646744343022118,0,0.0
19.67529647402002,77.06974861398749,56.98874720227964,761.3476987008573,3.181442651834474,6.546674059014418,0,0.0
21.945335823724804,56.41786761636027,76.23569658733254,743.9864299002347,2.1731951278308843,6.850476296367508,0,0.0
30.0513001062769,64.66322170525532,51.06299997815128,414.97297648532003,3.457255190419952,5.539378222914262,0,0.0
32.0036558525091,85.80755134072007,48.35419458350433,118.6711541924086,3.2183286644170033,6.327028315898289,1,0.2468708124743504
32.56949348161982,87.78277126207668,32.804866113013816,280.6916200239463,3.2253202836825996,6.405811560630399,1,2.5792700830479274
25.056822006533853,86.35345580255925,65.32287733088941,505.3557765301382,1.3211910798219253,6.5647230026055485,0,0.0
19.518778338961738,53.12240334819201,28.446546572857084,869.4117786951231,2.188073373031771,6.0786529956986755,1,3.2330180140714373
25.442285114093536,51.62345201083817,49.467973389229044,968.2546148133304,3.4839764932950468,6.728065475285281,0,0.0
21.922488033519915,54.88322529646571,45.27933190324667,637.4709350239135,1.372610575651048,6.309844699354277,0,0.0
22.95033973494261,62.06555561942301,59.49805270426419,350.6864904974013,2.4355836340454866,6.11340490234585,0,0.0
31.128548466237596,55.70837063959818,75.05728819739953,693.4534536943787,1.860699979882712,6.578885043604851,0,0.0
19.283960462440078,58.710639786952896,76.79573548989335,336.23013582059855,1.9696453500508881,6.89106329740793,0,0.0
32.068880697171934,71.03184760603799,30.067956029789507,625.4734534166064,3.226981260101253,6.718002465666202,1,2.989806595531574
25.270374459010874,78.1262838546988,35.709033096030694,243.76657169567662,2.4697564229807076,6.895997166982591,0,0.0
28.133086828710116,76.77790991339586,68.69811919788239,266.98870123137795,2.896940973472013,5.898902143045314,0,0.0
19.524087931006544,80.7211783539576,51.09678574695157,75.22558904112309,2.6830859937381026,5.677769456330062,0,0.0
23.735104332073753,41.60922016077011,47.182074101343915,420.14115221317496,2.3225392264249236,6.301524325238279,0,0.0
19.52491562325238,42.3866894839378,62.63752714284235,618.1745200956677,2.9792779969259398,5.566645637263013,0,0.0
34.34624328897886,79.46914803443147,56.11549715641831,788.7949438106211,3.42683226477596,6.511884653381884,0,0.0
31.72344803854626,66.6539411162316,78.24284326528007,810.3485448376937,3.4170488848894656,5.860002284898331,0,0.0
25.813756824059823,68.90703368810601,55.038479137296015,992.4444495071638,2.973630002483426,6.181525132612182,0,0.0
21.801243321502408,42.629343010718856,47.958429580835194,87.7557258369619,2.2183243893730724,6.483342760808977,0,0.0
33.868736789247485,52.76569005856354,52.56904172469054,493.13676844582875,1.4078973979780032,6.224642955057199,0,0.0
23.85814212735852,71.9177152442739,68.5123890018184,521.3745754024134,1.111176272429736,5.854093090849819,0,0.0
20.73673533868537,82.95909450553381,56.76050340711325,804.5334263778923,1.5786124209148602,6.820555779994135,0,0.0
27.573794603717232,85.84916985907013,58.82288548320306,266.35851558884707,1.8506449989938587,6.6468029815600715,0,0.0
34.04416004586187,65.02097479175409,78.28633280219552,69.37231993946702,1.3246240397951317,6.401608740354178,0,0.0
18.065114938505484,67.27371163690988,57.10372906552744,313.75881026841967,1.5619133240311305,6.547810395412599,0,0.0
22.048122335317977,81.65248155344955,42.81711490007239,983.9278290642609,1.2088636614022101,6.122988846441909,0,0.0
33.95360988697693,66.88123003736773,61.4795616207678,899.4411978245863,2.309192430157447,6.063838144627535,0,0.0
20.908461436571756,65.84292627686587,59.56756381863868,395.2469609466516,1.3157954779338676,5.740167363592747,0,0.0
19.925138677876937,85.25420188804767,20.830858130382914,876.2719987450606,2.8569215748073864,6.705387231174607,1,4.375371280442563
27.693182668596677,79.496636052794,48.03975780714999,32.75448411665871,1.8316244453602066,6.071566367771821,0,0.0
32.65134499601211,85.45362631806472,64.57421617294395,314.2040774642005,2.680156785528078,6.538485961751616,0,0.0
26.110866900796744,50.91235273905769,49.94248746326774,726.8118479875445,3.2062985877009615,5.949912986981382,0,0.0
34.90759236363692,66.21877433276784,66.77726815612337,221.45225101683897,1.215041356342526,6.6939838901899575,0,0.0
29.545918892145878,82.12360642966789,47.05302178565687,198.39095148730667,3.472501968531776,5.657865116999359,1,0.44204673215146995
19.25927342257761,45.55739137335544,78.99929585823415,861.8075459643734,2.6131083559168387,6.437521299002636,0,0.0
34.87814623859358,79.7331077146981,37.57349535223332,615.9539610767438,1.1334148385916398,6.711392067162205,1,1.8639756971650014
24.93420202526324,49.148669170743474,25.52735648876441,989.0227183120359,1.7850055798154174,6.490375368979777,1,3.670896526685338
22.885843075373202,80.40593774926606,45.80070806924584,134.6696762791485,3.215612872353641,6.54417371001265,0,0.0
27.483946120824054,70.60004687784341,52.50254149243514,356.1284072331467,2.4905840109322446,6.288983433126616,0,0.0
23.173229060954693,49.66179957424336,40.945623900947695,311.2133718036845,1.7180559181122879,6.3385479956631485,0,0.0
19.46977762104259,63.667708966640056,34.536869607077534,880.1322377189097,3.3512364609962852,5.598840158304452,1,2.3194695589383696
18.024281832346006,74.09525832303858,60.32352148312934,255.29652004301062,2.968131426019555,5.876204720508368,0,0.0
25.64291699964446,71.69264504417711,42.62750599137512,353.4609976741701,2.8388462403748695,6.582893120055526,0,0.0
32.226678177852065,61.36235981158522,57.88211174603821,142.8338756754275,3.221067800016757,6.918132133086497,0,0.0
27.729358155711303,84.96832644604635,66.74428691592655,775.4009826491871,2.9244498617715395,6.31267143638941,0,0.0
34.98652408203849,65.96317072439221,65.66015766560142,237.70328395885286,1.7168458829971571,6.588386998386593,0,0.0
22.8763929760024,65.29336492643442,42.51855863814148,68.32027223221948,2.4597151888140196,6.525369805921493,0,0.0
22.767736100920942,43.112529497072714,54.073893737010486,435.10873269089666,3.105715419404908,6.9990764815992925,0,0.0
20.71574082397705,86.10601948988185,46.97949346656455,391.4581239615347,1.4521202668070874,6.69250665852778,0,0.0
20.7890810005107,48.855828433918646,72.24831516257962,177.60920430537553,1.4075581987530081,6.441471000677758,0,0.0
22.848172132170813,66.41723467182771,72.72550878799996,133.59755989601553,1.3974406189271997,5.67273897357019,0,0.0
31.478280769649963,80.1783800700155,40.62449497328221,896.5572133832608,1.485638186656302,6.043993008994921,1,1.4063257540076683
33.397865440819615,50.77266384778217,25.504246872723844,67.84448655123055,1.2580770390330442,5.876048433311334,1,3.6743629690914235
34.57648188503058,66.36866449854206,30.05494899944117,99.31095669631995,3.0940725499104156,6.780513449872699,1,2.9917576500838243
21.948924119639695,52.034245461167046,42.02010452785302,245.04728113840602,3.04579555099371,6.169259520894399,0,0.0
32.982058275439556,77.98474988999558,53.85499728577944,952.8391896565022,1.3784224796477376,6.3029495004295155,0,0.0
23.58033651771473,68.21705839365754,59.40722065786576,85.38424951985513,2.7638429417758648,6.947234949534082,0,0.0
19.918289256787034,82.79879301975717,39.882262777160015,816.0148267428822,2.567438898024874,6.7550257024757006,0,0.0
32.790423733842815,84.72790014386914,60.049947177439144,892.0521533188271,1.6904856640309034,6.684730390360159,0,0.0
28.813795788941515,72.4366741222699,76.26439902042536,377.86774145088543,1.5684210842332988,5.713329481642596,0,0.0
20.80042523337805,76.26956230794723,59.12084763013703,293.8943998318424,1.6264646381885535,5.534152633505079,0,0.0
25.307131377721042,67.46100499434318,29.513913766661076,677.3777282574081,2.826576520267169,5.688322533788145,1,3.0729129350008386
22.88338081291015,59.221436653369146,54.780134778657654,702.6346006102228,1.7982926658511271,6.610424995921538,0,0.0
30.52550766807335,72.40589615104173,52.513731006018965,779.9771628241555,1.6948981940436836,6.116076696640118,0,0.0
25.708075920612558,85.41443117436644,72.24200665390524,830.5667813289257,1.0562027496716222,5.676204379568715,0,0.0
34.81775906680855,60.8340190215719,41.01818331277846,268.39545601234005,3.270591234441304,6.608529255330647,1,1.3472725030832307
18.930664698413118,55.72050131868977,45.3767366034008,686.961601886649,2.8817603611974096,5.791876049250716,0,0.0
24.035259524316196,59.42184692762871,55.91954332918962,134.9057242846755,2.1819591895168013,6.383564964476822,0,0.0
26.192302840869615,61.76988151057998,51.46551870452153,510.73133154415365,3.3573173008764305,6.612314231178706,0,0.0
26.553270430721437,43.67805144888581,63.14099554431046,612.8869165125944,1.7338305294385554,6.412090937268251,0,0.0
23.370908980555825,64.92209202174972,22.423339454749748,161.73193667654795,2.6867626079578706,6.990454811259289,1,4.136499081787537
30.397084234658656,64.71571240250299,53.81096115241759,76.5065397195408,1.7628759441968107,6.151244080845364,0,0.0
32.87070024931257,69.42219138202616,27.300313580232515,194.74628627619296,1.7864310637973704,5.967707631414944,1,3.4049529629651225
33.95822813362367,58.14100152356657,38.91253955118328,420.5887478523671,3.1117729167881745,5.801795020149878,1,1.663119067322508
31.686587405591943,70.65537979777949,59.69761169194342,887.8409778153748,2.967554883639577,6.255669446763426,0,0.0
32.45986335421219,83.91081551371015,29.444852035530662,531.9144245347271,1.735268576643372,6.778719910377054,1,3.0832721946704007
27.359270110539924,87.77354952475821,38.53051013027773,748.4928917339906,1.2034737891664844,6.920372784893376,0,0.0
32.040099849255846,69.18061080705249,62.18038897011872,174.14452829144656,1.8939603489779961,6.958082309408832,0,0.0
23.15956645551519,42.12954769851565,59.048314551610034,105.97819805522546,2.900143838713288,6.2970675077144715,0,0.0
24.774138955856646,88.46179986335545,25.46238015258428,239.6173576322398,1.2513609029625163,6.407890518319283,1,3.680642977112358
23.387521234915255,75.29310304481281,54.63610960953943,313.88041279035906,2.680252161808131,6.372309647023254,0,0.0
25.94558470261473,56.798182427682605,28.835267715118366,548.1020188221994,3.224408149784762,6.198958593027946,1,3.174709842732245
22.854853476056817,47.35788504818617,35.13628272286956,881.2433203644407,1.4480678890126177,5.7283597214751065,0,0.0
34.3473945183256,47.170930611813745,47.55267671814672,426.09261677736544,3.1555108107155094,5.59818803014837,1,0.3670984922779919
23.31835867609636,48.38722030698014,26.560809397891347,518.7981878449701,1.1284097061422276,6.154956843546435,1,3.515878590316298
19.666757147885978,42.27862608069101,79.618818075114,4.613535984920647,2.6672006452264085,5.779251542916502,0,0.0
26.955891822857026,85.10770943264558,29.922173663240066,33.31206289128663,2.977597300939682,6.829977617622489,1,3.01167395051399
18.970684333568,67.03841164136682,66.87875770571625,83.76919992754762,2.111915294148331,6.642549917298941,0,0.0
19.87923382724587,74.99797063569187,69.7903307013935,698.9940854790286,1.5093217370337837,6.427610055966388,0,0.0
21.729619616336187,81.40542546341538,79.66783819376008,486.1913687719174,3.311823747258764,5.571117962641268,0,0.0
25.893954247996408,79.57705031666,45.719193071136104,192.96119853185812,1.049922171507922,6.433368121260037,0,0.0
25.365265849253475,84.13028118644208,72.44567120836041,592.5994386898192,2.387678073073831,6.431603798081582,0,0.0
31.594761654047453,88.3627311262476,77.45236634101106,544.6121518190361,1.9321235217625805,6.158816886593203,0,0.0
30.571069116029925,61.953530737096976,30.37364869368003,88.79930180999574,2.152642988702614,6.486629486323052,1,2.9439526959479956
25.24741099784192,87.51677333341954,48.766165343571956,640.4127727171463,2.3414126406972393,6.786871796497328,0,0.0
23.67297152878571,76.16449741714081,23.600649131365262,767.1548726305102,2.336871555666272,6.636980280847112,1,3.9599026302952103
23.379969329045476,43.533409515403925,57.243440721452096,286.5544077090969,1.50905915939108,6.2101513043789165,0,0.0
31.157916483998154,74.08915606061727,54.88436941139398,687.4888619943076,2.6992558072501085,5.893426747509162,0,0.0
18.885230905761585,74.33583298024243,32.24757707979183,199.71951700878398,1.0478707279803654,6.216755944696322,1,2.6628634380312253
18.217968041680297,85.29302818962636,67.87416553364756,756.7288137117448,1.052960235532142,6.918956254018489,0,0.0
31.524254662753016,58.6466066235046,22.236123365812393,911.7741691227202,2.196218353195775,6.729979838509493,1,4.164581495128141
26.111488391813836,69.2455750135909,68.37363944765343,441.86712380164704,2.3547572006756896,5.540559534627245,0,0.0
20.22497935541079,40.609377550587126,21.598717469832042,244.62207821161786,1.687223704250651,6.674444876516163,1,4.2601923795251935
22.004620888106523,56.6037621090668,59.409728728181015,399.17670219769985,2.379188834067084,5.755836456867663,0,0.0
33.85256720265551,43.11218630793905,24.726170834894077,250.0774726557169,2.290273082463975,6.356666999556657,1,3.791074374765888
32.61155058562326,66.09364863824484,35.07353115873938,1.23937576637545,1.8730513869316119,6.709776306669941,1,2.238970326189093
30.066345853807533,80.87238252534766,63.31480095871015,650.4566118044452,2.6294365913627917,6.341932634437299,0,0.0
26.19782891573455,50.322134606453446,36.824287977523205,42.52664196219691,3.394843041366923,6.105791089031867,0,0.0
26.845501645253556,66.37205227788893,50.67043092306409,210.39074021723104,2.2270067360628385,5.981901455169767,0,0.0
34.5791570998273,50.20043182553835,74.91489617120686,722.4495561298211,2.9651268981874503,5.957650360883703,0,0.0
34.41809754603288,46.03442339231202,22.978061242194702,665.7250139157834,1.6189914089324742,6.756141256664539,1,4.053290813670794
21.65957377835918,65.54983959671712,68.66478762414042,73.32891204616566,2.904876483768703,6.737576346999411,0,0.0
31.788777627190406,43.95743104748638,23.916319914109373,660.0547410790771,2.6222648862549858,6.735064972460379,1,3.912552012883594
21.353125324839286,69.36773155689947,27.6076906602006,930.5748895757825,2.5992444498207594,5.924093518574582,1,3.35884640096991
21.630137124027172,41.566873033836316,27.15914623335265,74.50246901818313,3.232588351105569,6.69837665682366,1,3.426128064997102
29.493581580797805,45.33574859341878,79.64613699264356,415.68822767663625,1.5833756373806294,5.5549522623689,0,0.0
24.885018675988324,67.4998742743679,30.811179159892003,729.4338901141414,1.9211252927273552,5.809684393022032,1,2.8783231260161997
33.836254920810845,69.5703706449457,73.8057107753761,667.7230031779134,1.2076686425274643,6.271754483907486,0,0.0
19.51316549323215,41.4493465046879,79.45592977679325,226.51054246949832,2.8152999419230302,6.110119243897843,0,0.0
26.69593589376138,68.66883940007793,43.02708622473788,163.06727749670637,3.109668213249029,5.667832385265687,0,0.0
33.61486601753306,81.92512626618185,57.86291261172113,784.247004040932,2.0145837590795077,5.5625806897875885,0,0.0
33.36993222815158,76.1158088646977,66.74547522581676,956.2446552387967,1.8920670461706486,6.416756704275865,0,0.0
20.6609966280676,46.55925519603993,43.558704910172494,767.5834675428291,2.646629639641319,5.97022192571715,0,0.0
24.23284090163976,69.62373237818075,29.70884842986844,963.2044821977502,1.1889761519733424,5.523942595392502,1,3.043672735519734
28.525063800793838,73.61262500371068,46.02576462755367,604.9954241370427,1.7346047403407843,6.146341945386071,1,0.5961353058669495
20.709713041113837,41.86156008761459,66.31325870017668,929.098860691917,1.9155319963379593,5.960150674210121,0,0.0
34.45637692477756,82.76738343418114,66.84576576490419,690.4356945448868,2.29647571007688,6.364911024883154,0,0.0
33.55073858837022,85.3133698644915,33.8323275302548,908.8847502010866,2.1914230486725237,6.894720940186066,1,2.42515087046178
20.838153043585976,82.52261366811294,30.49793839344479,161.58896796959078,1.5217010569365672,5.961799504129957,1,2.9253092409832813
20.05964284143675,81.23157339945567,75.23364212602098,815.5652157439489,2.3519696846583313,6.995704777426571,0,0.0
19.45194420774051,77.24825992304466,22.639941833498632,196.74580095345252,3.314671727216924,5.629067270977773,1,4.104008724975205
33.46054228862273,71.67160156409801,64.08430854590522,27.429101945957267,1.0677197257428248,5.632417245100642,0,0.0
21.291604766522834,73.93135024941259,22.78528312680524,517.586134042963,2.7007664310116812,6.56943990400676,1,4.082207530979214
25.07684378525403,80.31976466674915,70.27400305165926,318.2517805618443,2.561772568155772,6.622947715304834,0,0.0
25.630473216084052,73.12492291806524,74.32488880016612,43.53136178801786,3.311067386779156,6.134306793009277,0,0.0
28.183187751630648,56.386347834103546,37.84514745374594,980.3043787281593,2.613362351017704,5.929071394926654,1,1.8232278819381094
19.219500843706225,58.7980551080677,24.436138611001855,666.4660954899928,2.5621067812026084,6.691003108589941,1,3.8345792083497217
21.85489649580877,84.8528734186146,48.841072180845714,901.8121732155987,2.9245141502456002,6.934358417064603,0,0.0
33.835336577621746,40.856104289858095,37.907782204728605,999.0825858719483,1.6695148720491506,6.984852839951866,1,1.8138326692907092
33.442971823565685,74.9410290622141,45.028168568622746,391.96673667109206,2.489330656080593,6.451681120279156,1,0.7457747147065881
31.28194100589677,87.73887762126077,59.89912720932081,254.7370287341152,2.298552773404615,6.610172097925669,0,0.0
18.32982117550966,75.31140849789868,32.589562156923016,183.88439268682876,2.0961812666374335,6.7333698925738865,1,2.6115656764615474
23.559115064433737,89.6955994115891,41.41709417084518,515.1871077913426,1.198717918423652,6.698304726639322,0,0.0
28.675298500829435,74.37724527641655,66.95374941756042,606.0807775021575,1.7315721450321033,6.990088454224838,0,0.0
22.678233600149085,41.71815146084305,58.6257169971693,472.4227360325248,1.6999542849754237,6.715647778366085,0,0.0
33.46297381591421,81.35049408234619,39.576529469074316,387.25201484568237,2.8106273929100025,6.493858643934604,1,1.5635205796388525
28.77612085115151,54.23149559696596,59.85809601559571,168.27256345912832,3.301640338026087,6.064323909500487,0,0.0
19.222414194379574,62.30286128322204,65.918775373518,441.85962381062393,1.5769680571921216,6.396979909774517,0,0.0
33.45309501020695,55.6045957953541,55.549134857167246,85.24313707906495,1.1865598472283148,6.820539175736103,0,0.0
34.28203318899578,53.42770531048397,34.369809950060514,865.0477588875918,3.4998923859219255,5.958220094363362,1,2.344528507490923
19.321111112659334,61.57028518348927,20.014717430719585,46.902652097959404,2.7280133253351373,5.545978832459023,1,4.497792385392062
27.050123992642355,58.93757242203369,68.17094641929688,380.6460617315547,3.2161771174756435,5.990773311721771,0,0.0
23.157192797640896,71.66692909212946,69.35801331896987,100.1378690429685,1.3596985396594907,6.940345088456073,0,0.0
24.67826430018384,80.65756004937553,61.85627008366172,774.9804994670783,3.001920102793422,6.691101356847429,0,0.0
21.05407070524081,54.85443265936204,24.594855882056827,312.73697882792686,3.0333093649702505,5.780709821058497,1,3.8107716176914757
27.827225734211012,50.686057641100874,55.11333725048277,113.10561265255481,1.3787223149765229,5.518001463860437,0,0.0
34.285649005231136,73.3447635435171,69.26124027629643,531.4912988645139,1.4035104502352393,6.503679122329249,0,0.0
26.552234204617356,73.51600329153908,43.38009920648994,916.2770072295401,1.7386280403045027,6.368513085759784,0,0.0
19.40954788370618,85.0565619643086,31.880044053215247,908.6448711192033,1.5419686190893493,5.624472971388193,1,2.717993392017713
28.54002266911594,40.79728432266554,55.25763783448824,249.6510411327899,3.438524770141485,6.948994639653451,0,0.0
23.78379090567137,82.6520331058255,69.57839763805268,719.6596759602335,1.9073595840910862,6.426689806107732,0,0.0
32.55072822305206,66.05010864741784,22.932197522423934,30.284192840991263,2.9032660294180173,6.477281471410348,1,4.06017037163641
25.389528521379994,71.06510445860494,55.81707302964414,131.8517965034246,3.0126270087066813,6.7803966923342465,0,0.0
21.278273352018175,44.56857202807074,58.590427720360516,499.47237031377955,1.9648522178866865,6.005594902964479,0,0.0
21.248795585749463,61.63074664360228,56.142022360896775,228.75643448835214,2.7064638857058387,6.337379477301338,0,0.0
31.068991072259728,51.36512036192619,59.002021054222915,798.2618539601381,1.2695003522393178,6.364282490590266,0,0.0
22.514989171225118,52.71125150412546,57.88251845624927,931.0721720526612,1.9924051287048399,6.951033335991275,0,0.0
31.04296770070679,65.20475573380136,27.824233098820944,4.333316482782235,3.4182766502372495,5.697229749301818,1,3.3263650351768583
21.50008428303219,80.62279752015561,34.09620661693492,232.91582960097978,1.4213266347840092,6.638369608053621,1,2.3855690074597615
23.46866826792226,77.18904650724281,57.13964031734061,439.5533460762273,1.9642782617515784,6.362726812808124,0,0.0
25.91327853147489,69.5499979542977,21.061589668206246,563.0792883523885,2.9763037747300816,6.768068547948409,1,4.340761549769063
34.03432944478866,66.97090963767334,58.08467112339466,915.9027775921011,2.6635581372761505,6.747927594295913,0,0.0
33.83943422081502,61.3653021617245,59.92319742710192,891.8834905152935,2.5787965039359966,5.518045452464556,0,0.0
21.516821882178892,88.63549867806933,34.35048559169951,637.1700994679659,3.133143648356056,5.884682010633998,1,2.3474271612450734
24.089723701132236,68.00962771171166,55.887969785188375,257.38801408388457,1.0727346075592439,5.771226014352656,0,0.0
20.53978960371413,52.69831991561111,52.04540364342587,783.2878098783614,2.9279109204549805,6.192565971714785,0,0.0
26.66974634832945,51.50453960200198,35.64149288918683,202.65177128723178,3.206372598039546,6.8579311929307565,0,0.0
25.829903361809333,70.56765153875709,47.77844071248528,965.1723240968167,1.040436193740492,5.5075090850143935,0,0.0
33.31292276166245,66.14137636554644,74.57747176473089,5.839915733998002,2.397407377768264,6.232287963635484,0,0.0
33.81009142244824,40.38489014773564,45.596166827592974,569.7705039079016,1.8714712130265765,6.82719015282154,1,0.6605749758610538
24.520645647123963,81.50326860978896,57.7906506127701,88.39724692162775,1.1269067720338568,6.8893186540402755,0,0.0
26.35954503132282,75.20611771162173,22.12104926244165,407.59953018202134,2.0443702982953584,6.485947904956435,1,4.181842610633752
33.236016235484264,73.09146448390518,24.66800679932593,634.9335403104171,2.610075352929715,6.744628446467983,1,3.7997989801011105
31.714032731666045,43.43903288488295,24.878484398199106,689.5984955919163,3.297534078973481,5.986102291277407,1,3.768227340270134
18.062157292859037,58.102792508624574,66.69444581758673,785.5694696739351,2.551326216240178,5.928939204830478,0,0.0
23.441012591120902,86.76911303663931,41.01541368820716,593.32770276477,3.1418577038899675,5.573679470674258,0,0.0
25.17016211291414,83.12946206706819,33.6567013019488,251.3193512859945,1.3039287666864126,6.25480393460018,1,2.45149480470768
21.90517682261494,54.27714689347667,64.83947410710337,889.2532429348715,1.5263029188078354,6.183748018779266,0,0.0
21.39271747023096,47.852944204956934,30.197603753370466,811.1074130136876,3.4257321605364197,6.057873236030111,1,2.97035943699443
18.642336612126556,62.454397858428855,34.78955150421684,160.05231770685003,3.2185017256411097,5.670001148758204,1,2.281567274367474
28.93728532618593,57.791518933383045,45.85588659620125,826.5111842078489,1.5880673825500637,5.84614473823637,1,0.6216170105698122
22.462674938213816,74.11131883529956,39.886284140876796,972.6445159104817,2.552434704493949,5.805513423735807,0,0.0
18.889902033332323,88.32174050421598,55.123532662198656,637.2191168079177,1.9065818963213312,6.915952603356267,0,0.0
21.926648278977083,58.15007249912807,40.270437144490856,281.80522311389376,2.1714962718220883,6.949690505993672,0,0.0
31.632537198214152,43.1112086326121,43.57709815153352,606.5938312734143,3.1521953727307253,5.5051324072885155,1,0.963435277269972
32.47531608799129,84.88070041711927,71.77319649496916,342.535069148299,2.8392815253325825,5.755821851362736,0,0.0
26.212126168286147,41.89748651199354,73.07188637768014,675.9464706423063,1.5961064043002384,6.833171200356178,0,0.0
25.073201396947667,87.63829485766665,69.66267144880445,544.7999594558735,1.789982686742206,5.557510126997716,0,0.0
34.62351278953029,73.228971400452,71.88985596227795,929.4906120897513,1.7242761495474945,6.915177268885398,0,0.0
21.40959921299719,87.08446042209746,54.18372016034702,617.9085432008028,2.9516569458518607,6.0700969815718056,0,0.0
21.661107808528342,49.982984332448915,58.77399288508304,213.98168372716907,2.225221052842078,6.308028643855518,0,0.0
22.961742009618796,42.03498976269038,53.43038999329643,725.1098733418847,3.376810767560965,6.64572943174144,0,0.0
20.936874410778486,64.4104989138246,67.1352850431752,300.8783178608819,3.0417179430726273,5.865857636483739,0,0.0
24.449215169471174,62.53117072850626,53.060029145686656,272.39095294880434,1.5279860771364533,5.651011011745733,0,0.0
33.48418185882581,56.57461366274414,26.664617873046833,391.77662557450344,2.9648569883863742,6.714922299658209,1,3.500307319042975
28.460913290685763,87.88282371943487,68.5748072274116,11.996679062675653,2.265198368034817,6.97693961925353,0,0.0
25.00309132640848,81.12918660807162,65.63511024065218,969.1406601612803,1.6342753154517624,6.488167028400045,0,0.0
33.88498350771065,73.07910106877966,69.21803571695753,532.3311113586983,1.908329357044725,6.737836465677303,0,0.0
18.823891952088978,48.14291458189139,31.42576780338571,773.4938938729603,3.4303152918583404,6.911968588798077,1,2.7861348294921435
21.574695024331643,76.71617041092624,36.29702316289802,257.8522223778783,2.209903606460312,5.8428696722093925,0,0.0
27.6201062867299,76.35062273498619,37.7451018358118,746.6181316336256,2.7990146240266576,6.025608931160741,0,0.0
28.464394594284045,61.253408680800376,50.48483217114042,567.1705022781354,2.19271323790693,5.828539110337181,0,0.0
18.672477611564425,86.23929548570068,28.032625049807585,424.1441737795024,1.9288931846152981,5.592675657969033,1,3.295106242528862
24.851658884421248,48.34889411145052,43.12290519649204,970.669226196462,2.991050045648396,6.598413695973365,0,0.0
29.035617402124835,53.366878120583216,30.929489664741777,493.84371414640583,3.1208108794376574,5.718486405444763,1,2.8605765502887333
29.867199288857826,43.16121696253168,35.88576278196419,657.4585818896769,1.179722914164676,5.639064095357585,1,2.1171355827053717
28.848378342776577,79.77254790887937,62.383258073505644,15.342191489879697,1.6974439728291657,6.03645230593635,0,0.0
23.449574814135715,71.08796930476987,71.28866937903686,301.4552064986483,2.2696776190772017,5.5908341713112595,0,0.0
19.58984210116446,55.74701528406248,21.37435199583103,888.6915661600664,1.7912443686110828,5.769337475959843,1,4.293847200625345
25.260911589128682,48.19068317971577,53.953817801300026,758.9590611160188,2.9589575124018834,5.604911811309696,0,0.0
20.188825435256945,42.00738850143702,22.163585723736027,536.7540361756497,1.2868334018721717,6.81591671021194,1,4.175462141439596
34.10960219485134,48.33727843129683,25.11495470069302,900.1597071132854,2.9944957157164334,6.66960158492769,1,3.732756794896047
26.07790472238468,62.66423231688291,62.30504207684655,486.22051320755577,2.5447160429871842,6.789272211552861,0,0.0
23.393405964066748,52.35884845053031,64.136486390127,566.5070641877757,1.7234192963437076,6.802496613194446,0,0.0
31.027169209021302,52.949108871598334,68.83884039036792,382.1528471975456,1.8611367211029477,6.9167635836080485,0,0.0
26.465126073898485,83.77881833338571,48.454490706218294,620.0400367228842,1.4572478877330035,5.779981848374423,0,0.0
23.27057840821165,65.75688367305503,71.58844892097129,319.0015309208738,1.6314335007453444,6.850013596088667,0,0.0
31.803451620643628,76.46259865642074,30.010297498497458,385.4921775423572,2.793172172456241,6.287558353258553,1,2.9984553752253813
32.74158656701907,41.785547451407155,34.98298481810016,966.3262632072687,1.9397103513529825,5.749346537522565,1,2.2525522772849764
29.44113882690751,58.258167783901435,28.07012885611828,111.30867979959014,2.7187103467176224,6.483660065165409,1,3.289480671582258
18.798395180930346,63.958467369772094,67.8522356349126,105.25534524604096,2.28526885275437,5.990500783306281,0,0.0
27.627488962831045,49.32084276050924,33.720507103197136,43.316019455015734,1.3632443741098144,5.569704216128415,1,2.4419239345204296
30.976013503953787,46.00957707227693,29.330674565497738,320.0445197602676,2.2476766194992304,5.617971978179127,1,3.1003988151753394
20.320551205420898,83.51518892499212,57.38664125528337,398.2292424679242,2.891174614606582,6.135573975921643,0,0.0
21.887402773538255,86.97158135498984,24.624921581640464,94.51564406954627,1.744188761810811,6.739725322051014,1,3.8062617627539304
33.00241678615832,43.94033490227037,22.694016633210353,549.1309953668297,2.62020416171732,5.9665416535659075,1,4.0958975050184465
18.342069271502258,57.450935627122156,26.403058913147532,583.3015290548691,1.4975816363542709,6.64918879486183,1,3.53954116302787
30.796361343041593,87.91428140722368,20.014453039230055,751.0266936133281,1.3392473947918775,5.583615944272774,1,4.4978320441154915
26.05414597274519,44.15808665662325,61.81940925330755,975.9681166158015,1.9005653265598919,6.090598751927148,0,0.0
25.595126700273315,72.1820686439363,53.73411930286872,619.3522472923996,1.9730089842491756,5.6911603802621675,0,0.0
18.12064105241308,88.61106854835027,32.592506542263436,111.65080668094541,2.9025240759177557,6.79532250302404,1,2.6111240186604845
31.929769926430378,88.91118342906873,33.98029687865575,88.52424324578278,2.150196878169563,6.9519073102587114,1,2.4029554682016374
24.11702331082163,63.56116654518716,68.65811590820238,777.5468636503712,1.2030872383270492,5.988423567208605,0,0.0
27.19301573210923,48.137455389119026,50.10920695161802,650.3341285359268,2.5849987458884884,6.98329399117538,0,0.0
29.51411166770621,50.104215748871944,61.91170142490438,161.91439470656178,2.173133149665118,6.628461340347123,0,0.0
29.94470279944457,84.48006975621973,47.16532707649493,253.35997268353404,1.8291080014132903,5.501850849140721,1,0.4252009385257601
34.25166100004323,85.58415021648679,34.26308156124754,750.2403872925183,3.0055470215274656,6.227907663676892,1,2.360537765812869
27.032779205022354,70.39398219367774,78.2241680409744,566.1557818056465,1.3859619755689612,6.7511509555861355,0,0.0
24.79523236656527,78.30881997349556,53.938853802523845,585.000062502539,3.2830308599449083,6.30081307182781,0,0.0
34.212961650359034,76.99656257352041,27.858914226074745,210.00867128790958,1.8351537257927777,6.324941163167019,1,3.321162866088788
28.91587399543386,73.09107989945535,44.365402531034405,629.0579816577116,2.152353612106569,6.171549434459676,1,0.8451896203448391
23.068556056701446,81.36384774359695,39.76024471681404,770.6285954072553,3.323082488900479,6.092558304243722,0,0.0
20.14989217186071,74.27033115201606,32.84524811531128,885.2522254638469,2.903099579344269,5.541095136757251,1,2.573212782703308
32.323426524908086,66.70011528737496,76.00639935441558,736.7173248180492,1.185756084512049,6.432599591758974,0,0.0
24.157087247500577,51.84781812940784,72.85519972758516,576.3756510090161,2.445742146888427,6.650089504678788,0,0.0
29.22798526319533,77.19440720593096,31.948826991206985,673.2593072467769,1.7759071791829875,6.685266764656289,1,2.707675951318952
26.003879129220266,63.67189339191373,41.12887334333101,485.1114625138777,2.2712206246018,6.436954209767224,0,0.0
21.381806256515652,54.73958420037547,65.7389235002493,226.8982431176225,2.8574226040854036,6.011915874463504,0,0.0
28.228672346547906,80.09731378708877,32.51036288841294,882.2069727719354,2.240432284796625,5.533914502722846,1,2.6234455667380585
19.031612172161598,74.83568001765141,55.49389175625467,532.6226331674253,1.1775546923626128,6.843669320885693,0,0.0
25.026821817810266,86.866978156235,61.987636527488995,594.318311147235,2.324951296524209,6.143569327566108,0,0.0
27.29245397428241,48.27208200094388,59.23833954264598,990.1089137531826,1.0603241664003593,6.401763172996114,0,0.0
25.412798560015844,72.45946423182465,62.384518416530035,985.0156782726405,1.8710233933998532,5.791834112771533,0,0.0
30.727426979266845,52.211973404408795,62.40197534172578,586.3109849999373,2.1950763073085793,5.7129335768888385,0,0.0
32.07472422727031,85.17914926508209,77.8883551909357,33.957262017466185,2.611683908441569,5.630226569211877,0,0.0
31.111132258564027,44.97497071283078,40.78993337121918,396.1475380448434,2.2655169690542007,6.698147807827582,1,1.3815099943171234
18.659820112800634,72.80809032224386,72.71542546255037,937.2932800508892,1.379867026367922,6.469691069908713,0,0.0
21.300189097581526,79.5542860764015,21.308423750906407,288.3065923760092,3.3305439099026044,6.4317388884237765,1,4.303736437364039
27.122327657484163,57.74589201823536,37.292177799396995,999.2686851963159,2.625749181877855,6.87909662153097,0,0.0
33.89197468754462,87.70690396919046,22.919346919947895,84.31752685655248,1.7924194628122687,5.7380683588292785,1,4.062097962007815
32.19426517588599,82.53653422930186,59.072237597350416,568.1141810051872,3.4148492378276036,5.755404027717409,0,0.0
32.32308664198063,54.73091498424517,26.047422243897174,515.4493601746942,3.2064440227724744,5.78420372430151,1,3.592886663415424
23.154539293914475,40.37705463579994,70.74241181912278,255.35291336770004,1.3587252216954098,6.135054145397934,0,0.0
25.300614250337944,54.832858805903044,58.79550102741559,948.6071306450999,2.6385727377664088,6.811332602517903,0,0.0
26.002001104370937,54.065523523537124,21.72892406321634,619.1712099973103,2.400173630216371,6.822211189090362,1,4.240661390517549
20.67531691694848,84.49823037504545,62.88664192607738,230.22828344467615,1.4820223072154857,6.385881604805361,0,0.0
18.528158214155756,88.35605891273738,71.72209683541766,384.0481978383362,1.5836878512225723,6.487214346795183,0,0.0
34.09734929082879,43.521999298513016,59.667260459728965,721.2294268820626,2.4094344338774247,6.846643515422219,0,0.0
22.092113956279615,63.56474142666583,21.83145295610193,297.69671269631357,1.8032207108349425,6.436328433195546,1,4.22528205658471
22.079131363301734,67.4165999264898,71.4751729076244,879.6062020611811,3.087078577737888,5.844699516752983,0,0.0
19.41744391406891,44.645583066485166,63.9478347760421,165.6738979576241,1.2443480882656854,6.557371102497309,0,0.0
33.78463178304423,58.87488545687613,42.707078749039056,264.5050898648487,3.285076933005281,6.654836161170848,1,1.0939381876441416
27.85553095397612,55.85412086964753,39.71781549893016,144.8986133661,3.1013813726707244,6.453016934822241,0,0.0
29.339626571131014,66.80281771635437,48.789210884446405,104.17883875949829,2.846558707784367,5.910354195163486,1,0.1816183673330393
33.49680708347189,73.0595449865969,72.02610505627226,300.31542346392683,1.656418127337909,6.09987677439031,0,0.0
23.87554287131342,75.17425552482834,35.12356111217345,999.1787463354405,2.7873946401052976,6.205888611470111,0,0.0
28.56562428934743,46.83775118066938,26.05782867447207,94.32941326166811,2.096924449046581,5.71794762723157,1,3.5913256988291895
18.659590730391088,80.64738509723108,71.878182377663,213.00219184728832,2.5843947430729157,6.1783348816899775,0,0.0
21.1751329799292,73.92710148953795,21.577390932843375,271.6167990780021,1.7813860430083863,5.741796134993802,1,4.263391360073493
32.131178686529026,84.45374583733599,74.65982133464388,619.1296844722038,3.089644634520072,6.249177616109284,0,0.0
31.03506205775171,62.466802971771706,38.34471165808404,745.3456964078525,1.1014402482971952,5.57621613782918,1,1.7482932512873943
23.960925754771498,84.69448813610958,50.49336210129606,751.9336748540458,2.728649366739792,6.922797237941804,0,0.0
24.40578067216161,83.28870611780377,27.937731485133682,8.635981938831193,3.0715781009582863,5.869517296404785,1,3.3093402772299476
27.070425370410852,61.920466617963484,74.13529816260112,651.8504587994653,2.616070287909748,6.200521464786413,0,0.0
18.004097079647288,59.05716576464893,64.99017340306429,630.736879367103,1.479979455323281,5.5491282647985365,0,0.0
22.10115371264647,86.64060074851284,75.44933519648205,517.6546818898772,1.7124519494506576,5.789082283299547,0,0.0
21.539940746339646,75.75823672692188,60.993743067089746,379.2085614037591,2.287263236256876,6.5398674877503655,0,0.0
22.25821009474598,86.41226732190378,31.081626604539565,797.4441974612298,1.823622673180608,5.667700904708341,1,2.8377560093190652
31.700399323068503,79.84873894479065,38.49602017917496,343.88079543335226,1.0122910542679957,6.442223741446167,1,1.7255969731237555
22.754455561289532,70.46487196457072,49.2109145062084,230.01227210660124,1.1016952811113692,5.50310333715151,0,0.0
21.25586247485252,45.792638850188226,56.435492321612415,310.09517456761296,2.9194210775250213,6.197513988693495,0,0.0
26.572478833481536,54.57403362895492,75.58756624017641,439.6479171231659,1.2092679542034106,6.582015461084931,0,0.0
32.71596561833644,88.44212035491958,43.03708794734834,214.05738800273954,3.3200546390955794,6.889439294370597,1,1.044436807897749
22.102944965237498,55.97110493571022,62.18432131442876,607.5712462054865,2.1068411147408272,6.239254264138621,0,0.0
19.335116127477576,44.662743489268536,77.6605309346493,884.2092025118957,2.895466595910918,6.760798704607939,0,0.0
24.0588805094443,75.37766779596599,29.142443804927183,595.4601241620751,1.3137614901715178,6.703887032082485,1,3.1286334292609226
30.710081017604622,76.70021272718421,71.76257532677289,446.6683074773813,3.3162685501925955,5.943656165601265,0,0.0
27.361739259811507,54.27288601435754,45.24236422359192,796.868766224904,1.0845220746053867,6.812100435867518,0,0.0
31.885487282763904,54.88359896731519,63.945306555760205,748.0386228745288,1.1053429018238905,6.460424469713884,0,0.0
34.31306650935698,63.44464927543919,37.61230032422502,367.05812153069616,1.1364644505325585,5.65627697212954,1,1.8581549513662472
31.475262104777492,41.089447488112775,40.03905309596009,604.1534706653619,1.2585204024087064,6.908669194893821,1,1.494142035605986
28.264652340343808,79.46615051805819,21.627993492083966,729.8428603179912,2.2170791097147777,5.7650151123007864,1,4.2558009761874045
26.38680699689047,55.85443936370628,78.28424919001758,245.463258019441,2.970691105287421,6.20554142094444,0,0.0
18.681174467920535,82.68815510009888,68.80715451384707,366.27387908418984,1.7123695786408277,6.199548078317649,0,0.0
34.73347363983871,80.13152108000169,25.63507747557323,105.77607054997051,2.8644420542339892,6.437854934711355,1,3.6547383786640153
24.51917908377572,73.07010165593915,79.97052773982647,987.6802783068333,2.935152436921308,6.497435148517716,0,0.0
20.587879636586734,56.24374335496444,56.301475832176486,85.87765042313578,3.2706933246293923,5.849361744458105,0,0.0
29.334050541739764,65.8158280830585,71.22371827786299,168.6061251235774,1.37337980036942,6.028663732776452,0,0.0
22.832900914622808,62.24146287989795,23.999645796672137,479.83194966413976,1.3388362725858574,5.7168853069461285,1,3.9000531304991792
27.958230605827808,56.94409431243371,43.36707070951542,865.2718335445393,1.3052376388352949,5.689023601074333,0,0.0
27.97505443335805,82.4068144651589,60.1790673382166,355.88202294795946,1.8982765226353089,6.7376010328656335,0,0.0
25.577406955348778,64.17535372888327,26.38602312198209,768.5961475313459,2.2235316604799493,6.626082010490627,1,3.5420965317026862
32.214016464265725,81.63615488985732,49.33417031924004,676.0340733162361,2.154023387539042,6.164025229943267,1,0.09987445211399439
22.504440046442532,45.260923707091216,46.56067247264849,638.6640771596789,1.6426218284994865,5.643863925764391,0,0.0
25.62675405750148,47.051239430016786,32.96241346841478,845.0172509668402,2.554949063658749,6.17488261505493,1,2.555637979737783
27.140766186046516,88.86601525564885,38.016190151108134,14.170289628625653,1.8456840767513603,5.941683540617203,0,0.0
29.281620253044093,69.38842313030449,78.02710126969895,929.1530385603917,1.9152074701987998,6.6668788306412665,0,0.0
31.327521458595022,65.48848367495245,37.318909160596164,829.2261803362932,1.2638251570064818,5.644959001665126,1,1.9021636259105754
24.71172380893035,66.15780315720559,32.80556803810466,937.8672196518272,2.480578337727689,6.177052830617586,1,2.579164794284301
28.982798049642135,50.76343870164299,52.1725502641,793.5878838566871,2.638200938070728,6.387080565444861,0,0.0
20.560386202164825,75.93519747509865,60.25748204421787,878.5914074542725,2.894875551153981,6.978587879819583,0,0.0
33.85501770922214,44.23903118648772,63.50558666417389,203.07804819947916,3.2600230328179425,5.634412196788109,0,0.0
24.51199970915706,68.66618565515117,65.25483106981497,319.22906687705057,2.915011139142541,5.670940708250449,0,0.0
30.401864173599453,68.53843982929507,22.209949490885187,315.22101347073095,1.5893591653751713,6.9820737403247515,1,4.1685075763672215
18.345798391997022,85.70942120667556,43.62562402277379,109.16674587805674,1.5891378986609244,6.108437731694354,0,0.0
21.48818142938172,66.30914050524302,66.43748478698541,729.5792552845908,3.2877179889047423,6.615571460797217,0,0.0
26.280403253500825,46.85313479870898,74.29112610800777,136.17089268707284,2.975333923537932,6.675213073736421,0,0.0
32.93029195144989,68.63766296240813,56.132007399966994,52.50916607906064,2.9556160757772623,5.97183911381937,0,0.0
26.963337549161512,44.56638221826662,23.13841121058114,775.4468700550639,2.79928415027634,5.821450310411801,1,4.029238318412829
33.80779819899594,50.189691764996084,43.79874835130787,904.6631697319293,1.6680049781344533,5.914136800079085,1,0.9301877473038193
26.224547241907537,41.55542920937081,24.453626952107278,764.1233479651332,3.1185258560176137,6.646590137557222,1,3.831955957183908
26.337634644511148,65.66467912297492,64.91227176107508,825.3522128319763,1.357211695200315,6.760719176537947,0,0.0
20.035695404509042,44.22663076467862,23.810328156899914,595.6216778307712,1.8750440232447587,6.549257405756945,1,3.928450776465013
31.645156150587738,63.46971892656645,31.143864004110636,887.7463379147531,1.8661863498410738,6.161841354563327,1,2.8284203993834045
22.198412011940064,86.6472517662072,45.017505437886456,496.70348235785514,2.400330354270087,5.893845185137783,0,0.0
33.293412319329356,75.9880706509666,47.75890202689232,988.322618487465,2.158608889988944,6.1378735637411905,1,0.33616469596615167
33.48401174561673,43.87058371126465,44.38890201890074,103.4150427694489,2.1495203327496766,6.871789929443869,1,0.8416646971648895
34.036271901860545,51.21049061044216,47.80379879636,809.1807067013839,2.3839310781989793,6.79479331263549,1,0.32943018054600015
26.84391831475253,73.68312099467171,62.79434912121199,641.3894160112753,2.038546137280322,5.985064311129035,0,0.0
29.510594341321955,84.73509305120919,42.15612937733249,580.6460682211952,1.624958078294339,5.991911224105564,1,1.1765805934001263
31.23476996104828,41.64592933819769,52.86502754903715,725.8105308611214,2.660301794418343,6.669961074668397,0,0.0
20.227248517057916,80.6225565860297,38.20215545172393,840.2915307988487,2.976583447096006,6.139861078876781,0,0.0
28.21627231495745,68.09069401691544,41.217649705428954,862.88406684051,2.1974896971114735,6.359084212741991,1,1.3173525441856568
18.5830643221563,67.30456626481963,56.82793754252485,175.38096294398497,2.623707966786268,6.133476610545353,0,0.0
26.45862341760834,87.8906591376679,49.4296790982212,197.03592975296925,2.3384082045575902,5.863508229754544,0,0.0
20.632325587543868,77.38223062983866,63.38217769155687,16.166509513597106,1.147491096342756,5.783280653283591,0,0.0
21.10968974135544,82.5059434028056,53.63231528310499,131.84245779227277,2.0577116539103404,5.709312579150595,0,0.0
24.205808633774225,57.69977847723334,68.21444512303236,263.8824928499246,1.0246312488043432,5.517134170666617,0,0.0
25.351431834180552,67.7182020414205,46.60449277968299,721.0358225502829,2.654698195411895,5.920924685055755,0,0.0
28.593931217047185,70.77028387138853,49.46201719200809,475.76750900251005,2.2704036747115035,5.7571128854664515,1,0.0806974211987864
19.265283113454768,56.07919701812325,60.19828093405637,757.9035355840174,1.3170788379492424,5.886925640043261,0,0.0
26.56275994103656,68.51240624736998,33.274636664722934,486.5358478198907,2.3554788301970957,5.613706014249755,1,2.5088045002915598
21.10462721430272,51.832768973985694,43.15577221587565,555.5974529099683,3.2460650075699733,6.0123390444896,0,0.0
27.75757797553961,47.16878355341198,57.490474640702466,111.06658659358249,1.8512269119440454,6.279937884561464,0,0.0
28.83587840844012,58.698512963866634,21.732576155944184,776.5582846760325,3.455921915582416,6.916857122411679,1,4.240113576608373
27.464057361398517,76.96448143732185,46.218286018036494,758.1265321995548,3.3984497668554186,6.020607945423329,0,0.0
30.55102367813123,85.80935740369438,55.93099617836701,307.5615916806196,2.963274606141221,5.546534468757549,0,0.0
23.705357152095324,62.885702574911626,78.04253191869188,328.57807780040196,3.0344999445473886,6.0435465750032105,0,0.0
31.006812057763227,72.14118441377158,72.62099369706027,219.6814505731355,2.026363400499606,6.7258364311850505,0,0.0
25.35704038903929,45.15185654875502,36.84451717655949,813.8396760361527,2.0063527382427253,6.01022089988761,0,0.0
26.231136471484145,85.22318792761644,50.432606241735485,747.0068019617804,3.385993395667482,5.937596005884615,0,0.0
29.017736163438215,68.43021067849672,23.384862359605478,609.1477381842527,1.9154906238841052,6.878492711668269,1,3.992270646059178
18.312092527986806,79.01691238125785,34.445264889068426,238.82210312969744,1.242182222682608,5.945843917291946,1,2.333210266639736
29.11790176414422,79.72206004606969,66.4913520840854,171.85333261374424,1.3817527204781626,6.955392525880684,0,0.0
28.515947534225962,52.824026318405295,27.398840736520675,50.268851174613104,2.7759974129823055,6.748953610646248,1,3.3901738895218987
23.26740098480576,66.45872265909247,35.4614314900374,45.61148177851948,1.9574523377241109,6.5263748784600635,0,0.0
19.45850284329132,88.02398757804887,76.64255010414848,187.136139808327,1.4983570992804818,6.39748941011933,0,0.0
19.5459026485217,44.48172724104139,69.43134802954748,100.53253232322213,3.0344653217076596,5.837170869618608,0,0.0
33.694803698748885,74.15249490147818,66.90966275893473,556.107672922443,2.2216837266832306,6.59559765516271,0,0.0
29.717748460839232,88.1132039017586,71.87344941812941,358.09012779447704,2.4191030119244608,6.020707194881928,0,0.0
20.160744434102586,55.02885540270111,64.97634119494123,444.9457821681463,1.384873386625266,6.228463240252493,0,0.0
24.06429387825141,83.07239607021741,27.235172967094098,594.0671835871898,1.4818855035398482,5.656103173086941,1,3.4147240549358853
28.07221089632714,86.68287727041358,50.99367958911388,659.1017453535136,1.3146400924345145,5.944231164911089,0,0.0
32.204718986541025,77.35431046974125,46.65463524813932,648.201719882578,2.286356998086078,6.293679201866759,1,0.5018047127791018
18.742235788121146,51.566415615347914,38.66909469622281,260.85658682083243,2.939142529318136,6.202061970373527,0,0.0
22.02276323499015,56.700035941329695,70.04242458317633,809.6270202961027,2.8307131097036855,6.015269732652384,0,0.0
33.12573283502146,41.79046472088654,47.84835214245402,917.7096699192299,1.6530770513055297,6.207894932735794,1,0.3227471786318972
18.15581435312488,81.57266171226776,23.61785608145298,315.93834722319525,3.1288754697640937,6.617389201156454,1,3.9573215877820527
21.423784747496086,82.480559325554,36.497935023216094,17.06541656606797,1.2641521203510335,6.188988346277013,0,0.0
34.30341099154042,71.63551549830964,33.71726348176671,899.154186648505,1.285124925207778,6.259234707586649,1,2.442410477734994
28.42783139087691,57.62639256319257,73.24873308867701,923.548732953476,3.1232607065104583,6.5517191218156645,0,0.0
22.44841323283761,43.84055138199603,58.84628603833999,50.946440413033535,1.6110489029397423,6.762422204744569,0,0.0
19.13884860472941,77.65288049574548,53.62257595292451,4.956591859212267,2.770289611600237,6.290295666786028,0,0.0
18.47925278760278,76.32630968049614,50.398954500722304,816.4047829927422,1.02269897980419,6.922263422623752,0,0.0
22.160666353827764,85.63012608694504,59.00678165248793,301.46335448310657,1.2340027215478826,6.030171165236993,0,0.0
32.98525893301148,76.52660105026811,65.29253280662749,914.5821672959885,2.5232217718057077,5.878832472081959,0,0.0
25.07053212305766,81.43474711220009,53.263082349890595,216.74357326954663,1.4560398871947613,6.539634802283119,0,0.0
30.24566727582188,77.29773089519998,76.29712490915664,861.154616126587,1.0705342157819056,5.763624604958693,0,0.0
33.61084560145928,71.53435941561582,78.61005023902308,68.64426972503668,2.1673668917083075,6.849951778744769,0,0.0
24.93668784724788,61.348319709550466,79.72053899652937,260.63684731397365,1.8263012481962968,6.079861274293474,0,0.0
21.25171530763575,85.10586543211389,60.16346660531868,973.128879145641,3.00564232020786,6.547222982159852,0,0.0
26.79100482456763,72.5484285953735,75.9572280053527,231.19665433128233,3.0470724777582605,6.355275283734907,0,0.0
33.43742268001753,59.91776609829545,44.268781718477285,133.01298407504115,2.536057803022997,5.581586288333665,1,0.8596827422284071
31.67436504034091,44.17346475909786,71.57554347484312,857.0546524729953,1.7325843658661313,6.563618061019446,0,0.0
19.119107337173613,54.535242795219105,74.55045792438085,117.80079176147906,2.1540666281561265,6.685007095305645,0,0.0
29.773737601318892,67.18633674150824,74.24842833993654,97.45610857950349,2.7556400677615236,6.973708646194309,0,0.0
27.722257881802214,53.781768500809726,69.85077697450289,323.42513418953575,1.1732713828882542,6.12419149965408,0,0.0
33.42687399788923,51.0617673958951,44.39594969847502,635.3285065969595,1.8312427208203128,6.254397351931226,1,0.8406075452287467
20.08218408645505,66.36967570439236,29.53444891884406,710.7463737786957,3.0559242522729297,6.812301004954735,1,3.069832662173391
27.078613924479164,48.49101729478673,40.03738138066675,881.2387838273958,2.0150713556175446,5.903795969525875,0,0.0
32.95086578970217,80.02050316625517,66.03731415788558,540.911525959106,2.5616700282886646,5.783713949089806,0,0.0
24.97040437460963,64.2184075671329,33.973130679798516,393.4177867609754,1.240835922838176,5.699365409628957,1,2.4040303980302227
26.19391360145874,68.69313869813251,48.69632388955834,358.8337618344651,2.9426149379601303,6.967378319775586,0,0.0
19.19783152033829,47.36916337986743,53.923971079080324,846.9027284774739,1.2511637248431047,5.905538853313856,0,0.0
22.728441887631483,56.22881678146837,56.23151374627252,723.8153094826655,3.153813136256893,6.636091749742754,0,0.0
23.516613035872105,60.50448416305765,76.14353290272791,905.4290137251393,1.2665026122242202,6.174500731718257,0,0.0
34.067081628663075,80.41064152582516,59.689581224859054,964.0354557316141,3.2272319079241916,5.860863062056891,0,0.0
22.805345129199704,78.50797615430763,67.17792896463814,300.05083608380744,1.9094246855678711,6.870000699410459,0,0.0
25.834768499584083,51.14887373938407,54.912700873498004,529.6741187008395,2.561326829435772,6.195711252614668,0,0.0
29.412175200592756,70.80895408035039,70.01481913171779,631.820807364833,3.1163763790961445,6.3489330907286465,0,0.0
20.757117330933916,52.17281788859988,35.81981678418577,163.84894677645755,1.0256035524764164,5.8337402252860375,0,0.0
26.269520581411868,89.41235778451227,32.592660300127356,53.34703392498474,1.6642329035157615,5.98622846899732,1,2.6111009549808966
30.55516367109043,87.60619390654352,75.57920292547819,867.7639141153135,3.2708458032313144,6.6215313308555555,0,0.0
32.73653862146012,68.16323602603103,61.608852581442704,535.5235107553732,1.97044015146203,6.014567158995979,0,0.0
28.646407669261254,74.94512859470714,60.29153462349327,570.7742163600392,2.7659398144940615,6.258937825023519,0,0.0
29.373909760388116,80.07151911043225,48.03771431770699,554.9143454279548,1.350030140383756,5.671533215770603,1,0.29434285234395113
20.14681903393767,76.04992100224518,42.60183555761063,754.9607048326905,2.695929003528157,6.775099692480165,0,0.0
34.078200453187904,74.99143455412104,53.34147166871833,145.50194468204324,1.1829024888151083,6.606372447110919,0,0.0
20.2537593172362,87.9277003974764,27.233980965300027,614.0484407715327,2.7933128494116675,6.64111728098705,1,3.414902855204996
31.16943993209057,69.82280531536416,47.282753664986465,469.47951157763015,1.8095123859669466,5.767277797093077,1,0.4075869502520302
22.50187747023142,71.81513359095278,47.32206226792886,896.9581595077243,2.164619139883166,6.242734229145998,0,0.0
33.871083442921275,82.46343752190906,52.30019077665591,519.6209378963254,1.4156504524176394,5.541311917986217,0,0.0
30.239312169281153,73.49454339292035,58.08113686203214,942.9349740741656,2.5696225443355263,5.972633616697309,0,0.0
30.814833120632272,76.64663110087614,77.43910195912173,353.25299417990664,1.8439190719524339,6.022029281150389,0,0.0
21.724005942018017,51.70843430983212,59.130147625505415,966.8947063899906,1.9584375151233913,6.8705352603051235,0,0.0
25.531679602797734,58.56334620575355,73.0235091172047,875.1579480917677,2.6304823123853405,6.989174198397073,0,0.0
28.50282430801787,47.36506728559465,53.378231688149825,584.2632897353546,1.4471541530563767,6.426618852324759,0,0.0
31.089551509512216,65.28827211674027,57.61567295764939,353.70993331902457,3.130022233930609,6.275153126579987,0,0.0
19.767309390510622,62.786370034012315,24.190217186574177,375.9233574525599,2.8482160139405517,6.160133401407409,1,3.871467422013873
34.36021037972698,89.85814071397284,27.995823373064933,772.7520864582916,2.444325007845406,5.5274443560773765,1,3.30062649404026
33.13375139942745,70.56043264077712,54.78022611185237,580.6313511690445,1.3208326677061217,6.700174819364292,0,0.0
22.595926038424935,79.32224115972116,43.742772197481756,401.5875854693209,2.717774236000615,6.50773876617045,0,0.0
31.986924131549642,56.70073353788271,67.92863119193011,636.0549614121643,1.0452484302238152,6.47392862529011,0,0.0
26.811506691676996,81.57726656713982,52.59067249245056,733.2333979009443,3.0109895038348595,6.713565083547751,0,0.0
25.850710186554316,70.75424832438418,72.93746233708026,22.900512558465923,1.7594942420152297,6.892081302393658,0,0.0
23.345379798793893,74.84961657992193,78.33990070773748,89.8628011175101,1.2930288763258657,6.0842950283549895,0,0.0
27.876465972737073,54.72153889747272,28.858111107289098,94.48544040707918,1.411222385140492,6.139604345223217,1,3.171283333906635
30.40811500096116,67.43191958477885,43.68966509933759,231.93380526333473,3.4078359962710016,6.962708485245751,1,0.9465502350993616
24.98585938436689,71.70184867068043,59.89886151428185,426.99043922731397,2.934576044627077,6.496637276554773,0,0.0
28.69672628114097,69.45473379082905,38.329325324020985,803.6498992925544,1.5946799333410004,6.777026606058417,1,1.7506012013968522
29.888319659640164,85.75968557122832,36.02194026328971,351.09903499955743,3.4086656086573615,5.832354307905663,1,2.0967089605065437
30.089070889259858,84.91363322462767,68.8243136377302,17.477788380604764,1.3502941766563588,5.975612786493932,0,0.0
18.883423668230066,88.54920289384353,78.82270814352458,483.36185295172896,2.833818029753603,6.087407840792894,0,0.0
32.61571269664614,73.37140030034948,66.42819987484887,996.628595424622,2.641849067130867,5.975399669151601,0,0.0
25.790306351005814,88.59570650628423,51.42059736824682,349.0209956549191,3.0536919309639416,6.826370521135798,0,0.0
22.461073388835644,81.62390000159544,46.55067391671888,961.2545187673148,1.9542468016830146,6.267265293788798,0,0.0
22.109996627154587,53.541607016997965,52.378863231821896,101.34513113642262,2.004588645776941,6.930470659304208,0,0.0
26.211239918347157,61.371783477564854,47.77038213126415,173.09965790530478,2.5614175461069744,5.981983666322691,0,0.0
33.076136170972305,51.919622109450486,50.17328340714008,724.1220701457083,1.995514392413054,5.555866945395149,0,0.0
24.431908888604998,40.20985804152826,32.20718303175366,501.21244897070625,1.1033772317555295,5.707092129525041,1,2.6689225452369514
30.745337695320238,49.40243765734543,74.22451695855966,765.121803465886,2.8242700795293514,5.825605648922237,0,0.0
19.645918426782718,40.20302931434378,65.27210009139608,863.5583450288899,2.6023651576378177,6.459954551175526,0,0.0
26.09296393656805,75.99192306752451,60.858645361593204,251.08487606103458,2.0592820318899525,5.771631845041635,0,0.0
34.85866438667651,61.27671488605998,76.99549825846839,682.8291704397419,1.7570739022002986,6.072247785932709,0,0.0
31.097442647469727,55.62873635389291,37.063659914770284,607.6012366337561,1.8018145958184208,6.693080236203272,1,1.9404510127844574
21.578984303490422,78.0860445547594,24.869564653616855,861.5350291921311,2.8525715592794914,5.687138522692079,1,3.7695653019574715
26.524505052864484,81.62433873098226,69.5683196213199,430.10390060988266,2.822902197448857,5.620720207451867,0,0.0
21.97162098202563,88.764976932494,79.90501781895529,51.870430710659996,3.047296050853125,6.3099553445670935,0,0.0
24.962535763462657,72.10067923376207,54.705946281211965,574.186127272512,2.9054510705902725,6.547103528970769,0,0.0
31.2614284034944,63.07644792700259,23.528563274760913,958.8783191184577,2.894860505265163,6.866429782441111,1,3.970715508785863
31.110821859936863,55.26321508037179,66.82808240929647,14.631179505223413,1.629433085138579,6.49296500944483,0,0.0
21.87770642434055,51.11591046071131,24.424942930750493,240.25798842245462,1.2540313864969095,6.919268316667402,1,3.8362585603874257
33.677796408632624,50.64629752413006,52.400839175556875,316.06778996412,2.9043806650900432,5.86678906442301,0,0.0
28.073659107002058,60.45946873598994,36.65194845263163,765.8388878909756,1.2465450491393821,6.012731902502759,1,2.0022077321052554
24.458712946354247,89.5893177643965,74.90160683554373,323.27692246816184,3.4552785132374497,6.75896451766349,0,0.0
26.53290487327463,40.042684871870165,47.0798727955691,239.08386319631393,3.187723168625017,6.716580730658926,0,0.0
28.286211308441644,49.86029486155004,73.9078009087132,648.5580144670411,2.333654004802968,6.497335538755285,0,0.0
27.51813904137835,49.41964912017869,37.944865115274055,46.4052889609996,1.8804589127554037,6.259036458817286,0,0.0
26.268885604115027,75.85597427661462,43.24175502928107,170.59685995874696,2.3171075898685727,5.526567089300723,0,0.0
26.5838576695198,57.624236379903095,76.82715129482483,408.0302286694437,2.835754582758427,5.920665936105698,0,0.0
20.999002477274065,62.863040229591036,32.07886705589812,355.5999623400311,2.890824946401536,5.737506258309326,1,2.6881699416152816
31.816459373179548,47.43120652349525,54.710069099068704,347.1658191833632,1.184164996624794,5.576762225123196,0,0.0
27.20992543899726,60.24985194384739,43.310619713606684,108.55501311966177,3.012135237237043,6.664119578866414,0,0.0
20.22835764897995,45.1599905952918,66.45001310412364,360.8400194497966,2.603742704262889,5.6969681541306425,0,0.0
31.024670726907225,66.65216439442915,27.757782270281446,797.9927719914027,1.101449034763007,6.036119339173297,1,3.336332659457783
33.85154763241496,44.896918269142795,46.23289814028011,413.8442017973952,1.7829030145344755,6.966185316196642,1,0.565065278957983
34.104217287028355,79.5254190586578,61.93595761071579,586.171184815685,2.2766034217357896,6.113730138060979,0,0.0
24.273301450989937,68.33008587702447,44.42097410036959,163.57940931731753,1.4711287305136875,5.712259583830889,0,0.0
20.30378685053282,76.19839368867585,23.511904356522603,69.7113634685761,1.388101322186387,6.534643564676521,1,3.973214346521609
26.81279365276211,60.92581933263419,62.30673568012063,879.9560419315607,1.0357029114933218,6.714912561983563,0,0.0
19.914356898936752,59.074564662111364,50.19189966109899,331.3725961459588,3.278876583628146,5.91872604560825,0,0.0
33.877786114714496,44.91044445244318,20.67852120080603,350.3372330681327,1.1402698875754682,6.714026512500728,1,4.398221819879095
21.120853665037483,66.19278035214113,56.75935371370238,877.6878494788584,1.9150285536600724,5.907281618099276,0,0.0
22.297019619169788,65.7251082428546,75.19286135172719,707.7713489087439,1.514429093178725,6.539667757218956,0,0.0
24.912820957044495,63.40510222248027,26.66155689270134,756.2627109876129,2.8525827555184033,5.687205429315198,1,3.500766466094799
24.51379596550514,77.02591823412246,55.44027410055014,682.0034841676627,2.7679616437038357,6.141734423152947,0,0.0
31.509269170764114,81.62522000161772,63.72013290575782,105.79224479153638,3.015556029904953,6.280740917748334,0,0.0
25.75738594936636,77.53948374742541,24.24642020841833,957.9958210562277,2.542020753112462,6.5879253660237085,1,3.8630369687372506
20.903060420056725,47.19328714034219,21.356927489851177,909.1362871279276,2.4791329008333376,6.475046784816328,1,4.296460876522323
22.54256822326326,71.1029754641054,47.85175199869684,236.22012683145442,2.0177767886797113,6.780014200019735,0,0.0
26.654927548187874,44.01615528447667,67.47120123406182,803.9941911438412,2.5908967502721705,5.77643660186738,0,0.0
20.506716596244292,74.73111437202382,29.6431646059597,409.39643149731995,1.2880139624168825,6.491869823412394,1,3.053525309106045
28.398146485982238,59.09195482805633,70.19823633289538,683.766967864483,2.7112821230054616,5.691625153479528,0,0.0
27.617704211369478,46.62494781331433,59.39463532541577,165.60299981323402,1.2597443946577198,6.217119881736893,0,0.0
30.14993937849838,83.1025428488064,39.93039726730914,538.5542506564208,3.1543497563316656,6.286836295608334,1,1.510440409903629
33.94097846144925,70.70041695194686,50.949547909546965,126.61629955990605,2.264207014567638,5.540895135079806,0,0.0
33.50832753871965,57.73624839737637,77.93449878360431,536.1671653581159,2.325892261339101,5.605535044019408,0,0.0
34.08328550717013,41.53635898252497,32.98621823794033,243.59395605721278,2.46214400551309,6.758907716453734,1,2.552067264308951
22.160165149402914,66.86551295018053,49.97212386464241,452.46652876881467,2.940131247447143,5.930182537130163,0,0.0
20.236610212869028,86.16129392431162,57.46919336645724,667.9693671744308,2.1961765521804186,6.0192177246156,0,0.0
23.138703908439624,69.8189916351183,28.280876328539975,877.0745816606188,2.068970184118305,6.460609340362688,1,3.2578685507190035
33.21644793702735,88.58253023097465,22.611325317398578,165.28900308527804,1.7208336419322556,5.831071939750592,1,4.108301202390213
34.5249090685993,46.822555913522926,20.807597175888276,893.2691154176982,1.3200983767939782,5.789293874978222,1,4.378860423616758
32.608524168198095,68.41525522974185,39.48157139600097,390.0376479272901,1.4758563526900828,6.132311544206478,1,1.577764290599854
19.87030125916824,79.90625240032148,24.436837669091922,843.7965686058809,1.0013196092145809,5.588495040168065,1,3.8344743496362117
34.10627596701649,66.27703655628581,68.22619715246688,512.5479184177631,3.1735541194641685,6.875455375608387,0,0.0
25.197086464963363,44.55331779937363,79.83917162970477,862.2085717629399,2.9123959872472045,6.910163337173543,0,0.0
18.158274942960013,69.14430007736088,23.67822930406784,662.8240675201996,1.546706072047391,6.172300246708021,1,3.9482656043898237
25.52069359271929,70.58689529212359,45.96357655600637,508.7161406167683,1.0059752264887634,5.8138591030221916,0,0.0
18.78317588448295,76.43546242376763,21.543927378954486,312.5386330003288,2.230290762155098,6.205861891966603,1,4.268410893156827
27.245924659738996,78.0605757582737,28.039453445435793,968.9090876186553,2.031432998287676,5.649899784893212,1,3.294081983184631
23.755418466429873,78.53863441053036,39.37535365464044,800.8976576664178,2.9400165533551466,6.096695974726107,0,0.0
26.04839387109883,73.17221968194829,43.62189278345899,381.18718517226137,2.0072387667437948,5.610498323029286,0,0.0
28.42389613263299,50.79055932093291,76.38697678571842,166.72359305904604,3.160282018809396,6.559248555220142,0,0.0
32.76961862890295,60.21178779197397,43.750208525413754,779.5354185932938,1.239595572663132,5.913570325166092,1,0.9374687211879369
29.252326800022786,78.80649863071993,49.776659543444126,989.94428781092,1.91464521563137,6.280989224860423,1,0.03350106848338114
25.37883076412907,87.67134917004066,34.735002096431984,278.97495379247204,3.3348522466718267,5.520309025450967,1,2.2897496855352024
31.930273512396205,43.9473482418311,20.00750832539453,915.8630723349958,1.029324055817197,6.286954693602997,1,4.49887375119082
33.39489633874325,66.77683388985974,73.96006740398812,125.37070558792018,1.9769735600173115,5.5049019066431155,0,0.0
20.035919429347352,55.626113566215324,24.90288542217829,952.2062542518541,1.6492581501663273,6.887788262809051,1,3.7645671866732564
27.042860618397455,51.26969471584149,77.85493046217374,745.3389124430634,2.3296518061076954,6.25173684039925,0,0.0
22.83670331562155,65.29053417598575,27.850646246015614,346.5962292637035,1.69691700069657,5.650099743726892,1,3.3224030630976578
18.800040363908106,70.30446702782683,56.29270884502642,304.63182229623385,3.174770113653681,6.011582179277808,0,0.0
29.36529381693775,40.488611570974065,79.96463527139821,643.4353539393512,3.3428456321331854,5.56910070014645,0,0.0
32.66710321680684,79.01032861005955,28.30787576418055,593.5071402587,3.1228357426848516,6.296343149214382,1,3.2538186353729173
20.7693451261157,80.99410656297238,45.43658509638945,918.9367014936864,1.9964196130698733,5.683514823778663,0,0.0
31.811032179606308,88.27554122839665,66.82542013828859,766.2431342092142,3.474834413840497,6.209661281669249,0,0.0
32.50772747012801,49.032186661234746,21.931408990998097,540.3648725739268,2.837590791560479,5.958261825645183,1,4.210288651350285
33.54378752533022,69.72762811804739,61.386965068402674,927.5658418396545,1.8890223415715477,6.642375103735201,0,0.0
22.509846514462893,61.33126867381972,24.82240027344797,592.7306313332188,1.2342320529969877,6.223382924080701,1,3.7766399589828046
33.36720210822811,56.741392577767535,34.19120853639358,849.6848356606773,2.667616040954322,6.772277936281849,1,2.371318719540963
23.451266830519348,68.28167257187523,29.604569749601627,840.9426520978564,2.8214186105795878,6.912022568288634,1,3.059314537559756
27.389746228743547,79.1191546611775,74.44018589881617,919.1948589495362,1.3061478322211526,6.954287302385367,0,0.0
18.858627004148797,41.15263917226051,30.827403006900852,67.60203127910458,2.3743408794906444,5.89029452874347,1,2.875889548964872
18.745978502268642,88.47000562830934,22.426045730909433,583.8196679467777,3.4677199601345507,6.651353035005093,1,4.1360931403635846
30.24634461644745,80.49407928528554,55.257540706865726,468.39259117104916,1.8156052562478422,6.1571662304419,0,0.0
25.55615962562245,77.55768518227893,40.77085552458212,490.54238346467247,1.7547375560821594,6.139259734511,0,0.0
22.3569703812767,78.01936910902518,44.34237323848198,459.91060362020283,3.258255415232411,6.802345621363875,0,0.0
21.237029432423473,59.45303548093263,27.143764691752818,837.4666894223409,1.293540111662639,5.718503354852847,1,3.4284352962370774
29.389209344606705,77.58102754224069,64.89406948599168,318.43289741693883,3.3338187584380843,6.216715461934088,0,0.0
18.006826248430777,59.33851043014788,56.09321897861108,462.7510816297784,2.948717650683723,6.389324859570731,0,0.0
31.700149876346522,84.93534147873964,41.8530226848968,200.68254290108567,1.9771010223322996,5.59918514061613,1,1.22204659726548
19.34724330420879,48.86111916532349,30.29449662578816,251.7166159247347,1.2088690508803792,6.7967713812921815,1,2.955825506131776
21.25532345343803,54.617371210757575,55.60710435023362,660.420083343875,1.0479363531344612,5.9715086625905816,0,0.0
24.56601872008452,67.56687713495381,66.71583677044265,116.93593825066195,1.9395779910944522,6.48522947107906,0,0.0
26.242598575173762,55.960551794363624,38.74383703203169,187.82181099467732,2.763383961192111,6.892120002393249,0,0.0
24.03491696883701,61.21186226476367,21.551623012315826,528.034559571314,2.218823033672255,6.5796320789505955,1,4.267256548152626
23.452106804732995,64.62113446992973,32.86063908517904,43.77302796301352,2.846629732026475,6.829015802139169,1,2.570904137223144
34.38657220524421,82.81766744067544,60.943869133569756,126.92699942039154,2.6764271218152738,5.6043170233159305,0,0.0
28.9068545811377,66.15961268043463,79.34578264741536,863.3529389667488,2.432267973420916,6.239102011121105,0,0.0
18.398360241245598,58.122992430728026,20.802574364526592,846.1467657949958,3.418747701812136,6.3472481885275265,1,4.379613845321011
25.312990443553325,52.38680820175579,38.369213727926045,347.7761050469822,2.820961085883675,6.533558320951243,0,0.0
32.875147895647494,60.43379893960986,23.721252226930332,347.99131531118445,3.2865336229536055,5.675287380938603,1,3.94181216596045
23.124755168981356,65.78680522071849,38.98095726578193,936.5154492640037,1.605401410800071,6.4851839200814085,0,0.0
19.6074578611646,77.30574286016181,44.35486058764528,25.841139072023232,2.784099066943003,5.718990326304149,0,0.0
30.892541117028603,46.052438808616934,75.25172551677531,580.2955130852708,2.4945071585378984,5.60141921081899,0,0.0
28.302235142913382,51.08045941195755,24.833647964298724,597.3905790407273,3.310740242097133,6.203978811857069,1,3.7749528053551913
27.695312633050566,58.982700793433665,66.6280431839462,787.8870671816612,2.276132544060933,6.400562929032596,0,0.0
18.910801513325936,58.019920255975734,43.7320637637778,951.7505158226007,1.6991034475728792,6.937176441607393,0,0.0
20.388483166523795,59.58740438026059,68.67577098001567,355.82758704334395,1.9620974009463545,6.5479381410769495,0,0.0
28.583339735622936,79.67606323201622,50.804131119537274,437.83347345600123,1.547074513565653,6.3870861422280365,0,0.0
21.53300530480021,56.207720148108656,22.356922330604604,671.2984805201773,1.5499324984704668,5.821847351344634,1,4.146461650409309
26.569191355723213,65.09490902013323,76.77235308289033,967.2716223441766,2.1760539650666524,5.728066550221998,0,0.0
27.262988662499687,71.19535164289482,24.96404380607131,890.7923537367075,3.2314220882324283,6.410909837154567,1,3.7553934290893034
22.81962223460597,51.608927509180255,55.861010152025365,667.0530032700445,1.47967335715314,5.8344235590318,0,0.0
34.12322764420538,75.93476935737695,72.66006577601095,856.7235716710221,1.719675030310289,6.559907638310526,0,0.0
32.321889816204774,67.35556598691404,24.786187865011634,85.20443089143626,3.1324703201288466,5.671715637792211,1,3.782071820248255
30.280349629757573,62.339058151568906,53.23360330496077,377.1269428518527,1.8481406939012883,6.009453735122802,0,0.0
19.325895728959953,80.4892013369157,69.45739253146714,13.092495698847184,3.4060335049742854,6.659630145162733,0,0.0
19.80421032825333,52.1747629592591,79.17948251874775,177.47223826095038,1.6723006911588532,6.746555619834168,0,0.0
26.377282879704246,84.15879853071615,63.45964404884128,630.492571202402,2.1053585542464446,6.017861160322761,0,0.0
20.732126936246758,68.05243676833518,36.70006252779762,885.5616237336668,1.2390248479818522,5.810079895277151,0,0.0
34.63051288000106,70.4587439689829,61.97421979072457,632.7803099917954,3.480439488246504,6.937299791746364,0,0.0
20.69484397846596,83.75294820844714,62.346006158458366,664.1381070085666,3.2253551121890487,6.6416139912178735,0,0.0
26.28695320288756,80.8791343924668,61.99796072627704,103.82160525620188,3.0439056321903117,6.710588931726629,0,0.0
24.19005796630559,70.07810344109501,71.25562622558634,664.8604909133799,1.3933561764023517,5.834127474822914,0,0.0
28.869569164719664,77.6593851924087,25.242803751169454,454.34671736919097,3.423395144619784,6.136657972053744,1,3.7135794373245816
20.19361895112022,61.66597451164484,26.505190724926003,651.4402315818234,3.322878214199811,5.602313096860972,1,3.5242213912610993
25.315379276720645,67.36888767498732,58.43702745353348,326.17310952982734,2.089178604993798,5.664099232329742,0,0.0
22.669985557721443,43.103506835425556,77.23286576589126,581.4859416631701,2.704092574253517,5.831438565638166,0,0.0
33.091775919418694,44.49289590000234,47.950318335154755,424.0692968309894,3.4811460692301175,5.954851946331718,1,0.30745224972678675
18.689957106289818,81.4712702093166,77.63376209754051,558.6370554350608,2.024363048748955,6.99577720439796,0,0.0
33.5333673981098,42.983582784124835,76.28511557096924,147.0895183298,1.2826142226352073,6.133132847764068,0,0.0
32.16090035540101,48.46995628163036,74.17458429405917,395.82485361728504,3.169447587047492,6.54681367440094,0,0.0
23.058702179493864,79.79163294752207,74.59105849184512,374.27865725685405,2.191212796106242,6.856670765098927,0,0.0
31.41794112951078,40.057297531412814,73.89912759967916,736.3945206528083,3.4674236376481713,5.869085247697015,0,0.0
18.53063052575871,54.12021644229321,69.19336301235093,706.4095139680655,2.377232151012019,5.717083292625693,0,0.0
34.43671435498769,69.2019328913311,61.69873751631982,908.858684731333,1.073694008973006,5.864887296242365,0,0.0
26.952114024026418,69.77249657346482,21.464490715556494,632.0555922831975,2.2293174090109504,6.823632530510573,1,4.280326392666526
23.15577744311257,78.85764541147367,27.93521552936315,314.54712979347335,2.795155323322401,6.498529051345061,1,3.3097176705955276
24.16391461410951,65.29631272460853,28.053923271888028,783.2246632353314,1.065075070507699,6.177002684860719,1,3.2919115092167957
19.128891008828454,65.47009347654851,21.412417056775393,496.9976435336264,2.033621785906072,6.730424120249863,1,4.288137441483691
34.81894173871467,76.26552877703503,27.0021061054182,193.49321062907853,1.3889005011289406,5.855089664348212,1,3.44968408418727
18.66796306756177,64.93122316331417,75.18478601402637,747.4114683271265,2.6077420525533963,5.858763061809404,0,0.0
29.133421093513604,70.42455432818085,59.82825721464716,132.531395719229,3.3933646219451035,6.3508301380334355,0,0.0
25.52651077100979,84.88870341275255,38.72438109772534,178.1533312461292,2.5614622613882325,6.685094135878629,0,0.0
34.13157570920816,60.072550380618594,67.6016007342008,758.7559284351473,2.737194265964723,5.88933777537272,0,0.0
22.181995585215518,59.256253545961115,49.30216921729105,770.1446940712881,1.9914072510640237,5.815051507766324,0,0.0
27.045476006946192,40.17744959323856,28.527622214952594,790.7812688042153,2.407852172379791,6.210962049008665,1,3.220856667757111
26.2000555459068,70.6713130760616,73.07012487358955,293.32512441711566,2.3596442742146495,5.701307035017499,0,0.0
29.948729548851723,41.4885953703566,40.31971677418835,866.5874573715189,2.89901586316986,6.621717621367662,1,1.4520424838717474
19.15617394319115,65.20742448641582,61.93155383179365,722.6681359620728,3.142279117550738,6.365996383486661,0,0.0
21.294415210397034,80.21168945161133,37.435649629976446,833.9674095513406,2.6572148607077493,6.268811813633421,0,0.0
21.647601941578447,67.49605352598316,50.004275040428,708.60548474689,3.449522004810115,6.808395120280139,0,0.0
30.548562832308725,53.4818082608338,68.97516269182492,579.5964587463405,3.070720981311249,6.598842736943188,0,0.0
21.21535783755458,79.30842107246856,29.40664078546206,109.39477157401933,1.3116168722923127,5.723904687935618,1,3.089003882180691
27.7493599861466,53.48585020412694,78.63508371435671,710.9362119519492,2.268688495965428,6.130647727663236,0,0.0
21.659144948516214,76.65158904729493,24.212955371643574,690.4607754581841,3.2580901967344253,5.9819058325085805,1,3.8680566942534638
32.647624151427635,70.51292275951155,52.04053458443025,312.4911332868604,3.3598371718280347,6.703104157022407,0,0.0
34.01715272632386,48.49981483740006,74.96153116111688,735.8197690464261,1.9505148460809951,6.578555176256883,0,0.0
26.814380574018088,85.25669374220928,76.74163309295153,550.4545534313276,2.8142601537913112,6.208015131707997,0,0.0
23.98925103155603,50.03218414785979,33.92653777278656,559.4062385434149,2.026363709105946,6.735469763402962,1,2.411019334082016
21.978982175297485,89.47935370703348,28.639098872888518,367.60467878571257,1.3091493054485797,6.11510070702421,1,3.2041351690667224
18.846277025891744,40.36552443274704,63.46418001907346,116.78504134013656,3.2115282623060457,6.705328045448277,0,0.0
22.564501295357424,53.17416885714515,22.518414096574226,216.92845786598903,3.3298828067807693,5.548112342398044,1,4.122237885513866
29.122008259070405,49.993014863709945,49.114338141818855,768.8316533360581,2.2618763281645164,5.701928464810153,1,0.1328492787271717
27.071487832256587,40.699670508523134,67.78131360759092,271.4415504968939,1.0457685770503593,6.63396161177989,0,0.0
34.04870173077576,76.61839500736578,53.61528347101003,2.253054335611515,3.0400906267406493,5.671583864219753,0,0.0
24.73671346235891,74.67129010497982,31.2807959464403,997.0174211315501,2.192400915576977,6.525641560849631,1,2.807880608033955
29.79567681958271,79.61754821774653,49.222657968197794,210.6822338503709,1.1875708938539213,6.585360697191309,1,0.11660130477033093
26.318486707077064,52.834927323228264,75.27648298693357,655.3831488703938,1.4734787071787372,6.493293035781882,0,0.0
26.713795670711598,62.216758354148496,57.032778682656605,926.9220045749937,1.380298350576071,6.7273481878083015,0,0.0
22.552163348269996,72.95567608107737,63.28943765414119,599.7127346339371,2.715697165799286,6.267425605182046,0,0.0
25.734163206313994,61.98842519440718,40.17583277975089,799.0306150844574,1.7485237321686953,6.845555594085221,0,0.0
26.00334494921602,74.86628851589579,31.309026510057063,976.3717121488149,1.319226293278608,6.354244341505712,1,2.8036460234914404
30.012922869731877,71.6986704220221,35.33853379397622,860.3634259297858,3.294122065589609,6.261809453095107,1,2.1992199309035674
33.99087998616393,45.732390151108824,51.9906556256177,557.9040886783617,3.3913276475395078,6.264080964842563,0,0.0
23.598461717202575,79.05215605384839,36.81320921664222,363.7029304820761,1.3464396819174307,6.868123326226925,0,0.0
18.717407965882074,76.0338179546259,52.517887245566065,482.46444916395956,1.5755896332746866,5.8655440536801455,0,0.0
26.437017133510874,72.79171938087026,62.46751564257062,841.8261681905443,2.48030179901604,6.542553163556804,0,0.0
27.255842646535868,47.75468031355012,64.06375257021809,853.3546101506403,1.3762696237461851,5.86392368224748,0,0.0
20.863489369242558,53.39982243976819,29.881096379665607,845.8549223583636,1.3964792322590296,5.638262467821661,1,3.017835543050159
30.927898306693134,59.65885157938002,65.0258509300318,597.224402750011,1.8414401043434752,6.93061581644986,0,0.0
34.743794843505356,53.99648108282217,60.36128837554154,476.95591775761295,3.372925832170013,5.6945880693337445,0,0.0
34.07817018914383,51.390514533806574,20.7203080021224,311.3380560956618,3.4061054908906714,6.5292898773210615,1,4.39195379968164
21.35080266000209,80.26788350808879,23.53233050538505,3.360855181929301,3.104470624563425,6.13683808882579,1,3.970150424192242
32.881175078312936,71.91161231801011,58.77497011162282,764.4852708609559,2.739282294822626,6.7556520499453745,0,0.0
29.976391818998643,68.27360657751251,43.02223397382258,276.99828001405467,2.8016834146418814,6.659803274555587,1,1.046664903926613
25.715391584717498,51.29763554266269,28.766239974539953,329.6778953853374,2.1739321077185023,5.715652636817099,1,3.185064003819007
27.19038690352039,85.90382811343207,22.663793550177996,843.4812248470439,2.325386570388872,6.201725116181839,1,4.100430967473301
32.44320297470179,49.55915195486581,29.56390044034585,52.251157122620626,2.5861316500149703,5.5412984225882145,1,3.0654149339481225
26.162293973852343,79.74754664123385,77.450837859297,927.6203314574386,2.8282165937364727,6.144285271096096,0,0.0
24.344525274787156,88.33363333526465,63.653938494258185,1.3619224385064133,1.2421154312763782,6.550323733389661,0,0.0
26.38520738144176,76.35463646121181,51.66232525605763,939.1691148254062,1.5622175241988878,5.848234320973176,0,0.0
27.845206668595836,89.64293875923148,76.4924300032755,454.75849108341635,3.407357978256697,6.715050109896467,0,0.0
21.21432011423193,72.55255584889733,57.146626260896234,102.12262515181958,1.8378556636514474,5.579747239290709,0,0.0
33.31543141453884,50.87301718019475,63.538711296840034,674.1613672411873,1.6711855270205072,5.55184954324028,0,0.0
29.461178130103434,50.190974685825566,36.95910911035232,895.8564257212219,2.054778280310808,5.54117882209204,1,1.9561336334471515
28.76557159473731,56.22821421277382,55.33891061535175,438.07281684762,1.727301876083155,5.920040307340275,0,0.0
19.69143584507085,40.356501011050305,28.608634657870414,691.3579040306663,1.2279504813796378,6.200658712976494,1,3.208704801319438
28.27095694893406,74.08492350414173,44.26898871186653,979.3627201892939,1.5199028297605082,5.661170518404767,1,0.859651693220021
20.05633125805437,53.43338923139138,21.994419499196606,240.70082371300506,2.600399493955833,6.995115392336359,1,4.200837075120509
19.337860478321783,80.75916161463763,32.99768525496083,820.4494569226881,1.5579563926318318,6.999341622250208,1,2.550347211755876
26.964285225920687,57.95863252796501,24.492117765360483,295.2371093471766,2.6191679917370885,6.279703549218444,1,3.826182335195927
24.847354078790413,63.99782467316564,43.266729170433884,426.33759999015996,1.2502022372586752,6.352014302094256,0,0.0
28.009774592655795,88.28444582801846,70.58210987830941,281.76586849726084,1.1046908739811894,6.890212569513954,0,0.0
19.516776856973056,52.108606152363855,42.676046380703184,446.0117484341224,3.15391920664798,6.654689168954424,0,0.0
25.326712068403392,76.06270487148697,69.89837755967861,5.089032428282514,2.9000654888542323,5.7519215176130345,0,0.0
20.971374155767684,77.75588946527085,59.38989875473324,303.43884733027147,2.665069207115933,6.688733372532612,0,0.0
34.78070146070998,51.049907876181756,50.57176679784966,445.2940639376958,1.0772480823421626,5.846410499639589,0,0.0
27.539553611397963,65.04984183060978,34.21350159567983,632.240183706096,1.5983848378843482,6.14537174009706,1,2.3679747606480253
29.686426635994742,57.510096265648414,75.32936557064914,637.3613911759088,3.0307858178806515,6.298762368339183,0,0.0
23.532110771604334,78.59531217000446,23.252048530521996,583.7856184704929,1.3616691626463613,6.575498948527843,1,4.012192720421701
19.61056155124885,71.12416595145187,61.334781061928915,293.0318295922969,3.032133599734409,5.725225446583367,0,0.0
34.589804667320124,63.79915274302735,57.27439356856213,947.4043159357454,2.4605838742729507,5.61425478218215,0,0.0
22.866403601514115,78.96816325238592,46.462491335391604,391.96982374109933,2.850920919492448,6.799184994791029,0,0.0
25.20473914795076,51.757778500420855,34.419257317556315,216.8939412390578,2.611267696127933,6.740188736930572,1,2.3371114023665527
29.047686668943776,77.68109402921795,45.841756210716014,554.5129396679873,2.042473950209386,6.284898012875542,1,0.623736568392598
18.41985406066389,83.26871560464122,72.36636353320523,748.9286698809135,1.729943372242311,6.493545705763234,0,0.0
31.774405218793877,83.93107984037863,70.20596661529726,12.233572822266225,2.681822946477118,6.578951979338273,0,0.0
27.121829230486547,79.1836796509802,76.48287499862175,276.3440073955474,3.017282204512236,6.214797035598857,0,0.0
22.729692180169977,60.40070834991344,38.46759239751488,824.9778526000299,1.1118315904046543,5.885845728371514,0,0.0
19.047335749971978,89.09040113589134,43.226249502132376,507.0210933855982,1.9497723343095765,6.222088610806817,0,0.0
20.762473063065503,58.979682191121995,21.1235691595918,408.48830457991403,1.8768244604496576,6.92619698646441,1,4.33146462606123
33.21557560050843,71.93126995512128,76.57699968320048,930.9012795823119,2.398677101146131,6.756748770343804,0,0.0
29.66241180691015,48.053708903473435,39.76340550903613,89.53509712283869,1.2848126409694993,6.198321248877734,1,1.53548917364458
22.248329267827128,89.02244493181963,44.249829291979594,615.5702007778491,3.3335485253481982,5.838368550059115,0,0.0
19.115213004065502,75.19929609323316,74.46827668684367,342.188716243777,2.3712756710845566,6.834421641855109,0,0.0
29.740460310572818,77.66887726231842,51.59590581000879,70.82339829292572,3.3093820107094474,6.457361635876346,0,0.0
27.730931341452006,43.28883517055723,53.97047250532868,213.74450861082016,3.0423523086541264,6.10710993464574,0,0.0
24.876831915789996,78.17089071103359,30.573970289055012,627.9332130172843,1.4790971557879533,5.667486311543484,1,2.913904456641748
24.181394636231083,78.73617146103007,49.91960124911927,28.276933854557427,1.330847530732393,6.627645456031404,0,0.0
21.685842690794843,73.5886363181115,75.09251605452646,592.248815389351,3.1531256000023204,5.9754585587987785,0,0.0
29.3833913611378,54.59548068951718,53.52308528647556,956.8504212173043,2.3402505564605476,6.409458871425965,0,0.0
34.5013564724958,64.48450210804407,35.306981878385486,795.0960623702694,1.049356869744746,6.354425848082185,1,2.203952718242177
20.98715917922604,45.521718565435826,21.87085184808577,345.59707933384567,3.335566871098399,6.549434615851595,1,4.219372222787134
28.150982540263556,63.57935332295763,40.17810640724408,138.2076463616083,2.182570998482661,6.3064316614483324,1,1.4732840389133879
25.211145947681594,52.19119263002024,54.35545484386748,465.0644339129786,1.7523407543809892,6.4456173299477735,0,0.0
25.593708269659302,57.4548493247041,22.556797302249805,392.9504361784054,2.291494677926618,5.622313628118778,1,4.116480404662529
22.320503762172844,48.130020420184934,56.587554637469374,971.732960023852,3.057295976085388,6.497918009002772,0,0.0
32.027292886244126,51.50271838734485,51.40482962708677,989.868054508422,1.275731837589476,5.79128634279805,0,0.0
26.2493452705031,43.82843209100581,67.00612814999425,410.58465632379114,1.8973322580938312,6.08797108657406,0,0.0
27.23789948737049,85.99506832184608,21.733290336317708,148.78398352993682,1.797166683113896,6.268801783963681,1,4.240006449552344
23.180935517554538,66.52053439877017,66.85084068912425,910.6095496429052,3.099123800070369,6.530315764799456,0,0.0
21.090743916338145,59.83709856313698,51.25262274548641,793.5422756669933,2.9461681899430303,6.6136410145895885,0,0.0
19.460476599447947,66.7514606384392,42.23175996678269,511.2742066556976,2.0002600864423306,6.557384011138699,0,0.0
30.14002539572357,71.41466142407764,77.92297858152943,365.35464301514133,2.6612207741613996,5.6426581885241,0,0.0
21.335982788693546,86.09393966846746,29.607172834163183,448.16582759972744,1.9861137057369547,6.080355956786535,1,3.0589240748755224
29.73128102120956,48.934647614315665,52.479507145466386,901.8811753051103,2.4282845957905845,5.920997608326051,0,0.0
24.636399582798216,54.77762493176088,39.258888415548704,184.64344776353846,3.478038236562798,6.097632286547872,0,0.0
25.068171616824074,88.78946681720574,51.649182727720145,806.7835211234709,2.338936168088937,6.470309776668909,0,0.0
25.97601743357712,58.55964933242622,53.136527154824726,18.190632827155383,3.471436832076267,5.789381089388385,0,0.0
24.251044638168235,41.12808253786638,25.366894905490746,920.571993142085,2.867997765661859,6.253149052710728,1,3.694965764176388
19.710539612784032,47.38217463185794,59.668108815100986,500.29727964620577,1.3018057256578492,6.82730735657587,0,0.0
23.26374077004838,41.3169350874276,58.06888975514071,226.74782634117219,2.989915421500867,6.596690286341346,0,0.0
29.283484131796953,89.49615712103642,66.16803647806785,2.856502817182416,1.403214103674538,6.588047666784175,0,0.0
29.318334824970805,53.94354244956115,25.43950961955026,559.5464687447742,2.3308215209665315,6.773074567137858,1,3.6840735570674608
22.865813223079904,86.17713784681129,37.83551281422127,244.48787055983811,2.5331130861640476,6.0988674889111145,0,0.0
25.821744651480696,89.79431378798579,59.006635983686074,631.2643360108433,3.2305761380484004,6.639224250107598,0,0.0
21.288602876202937,69.99206105715571,28.20384955493651,281.16928145204724,1.5260605256427868,5.588056629442017,1,3.2694225667595234
21.57632538600721,41.65981575327809,60.65589264730654,88.0240291902269,3.1898551809096567,5.584640446568772,0,0.0
18.391800502912325,44.07958151934635,23.54160264922538,505.05162984355934,3.336234439895753,5.997697985436193,1,3.968759602616193
33.24469134843166,64.07945275539389,40.095893177577665,564.4857362881444,1.2237183781489207,5.795270449178777,1,1.4856160233633502
21.582013306273407,60.3086006455743,70.80266733995114,452.59002553955077,3.213212795030056,6.2778078754672535,0,0.0
21.868075907919877,70.30886528908837,66.4574774228696,458.0355543297814,1.6479501215193675,5.77480369180365,0,0.0
22.75322435496724,61.9423904855682,58.68564291362527,589.6501279000154,1.202502373455344,6.9633608143557595,0,0.0
20.165937218822293,86.70384246357422,72.22750499750606,526.3535094101535,3.3964358897958107,6.776657696618981,0,0.0
28.86746901408317,66.73698577067555,62.55617265033203,132.56753886265815,1.980508718123977,6.9738005485734735,0,0.0
19.277430204018973,74.6863030731221,51.162506312648176,197.08564648503236,2.5574587628424243,6.711644538031969,0,0.0
20.281441247547953,84.82426363212483,78.7830500231472,141.79104142905007,2.382182799488288,6.926664544800775,0,0.0
28.960864352031578,47.34359379166037,61.69136478735917,693.2955822197458,1.532954811649581,6.052157841756532,0,0.0
23.774230548184526,51.48673270592643,56.08203060878019,528.598412166966,2.673914320417663,6.2468576168065475,0,0.0
30.035113053920213,45.365933023700755,44.53223365721388,429.85512353092827,1.1152874725181623,5.859690761826229,1,0.820164951417918
27.476220659392414,46.98191996149561,74.14474991474302,798.3389952728494,1.5077373157799834,6.453709095569151,0,0.0
22.352359942045723,65.62919834671166,37.74254573629957,325.79465976080513,3.361659377334861,6.6823454527358095,0,0.0
29.064075158318577,56.0589629483732,20.55317565265416,568.106663090961,3.3837688114769167,6.248113255252867,1,4.417023652101876
19.97665256497897,61.15864197633775,31.804431345941598,74.40760149019843,2.2066379795336335,5.944559257922961,1,2.72933529810876
27.11897651236052,89.1244915897031,26.57104951654155,744.4040838251119,1.4226793472844466,6.261508290873889,1,3.5143425725187676
25.43151778576559,47.83521738979741,39.13962645038433,695.1924448155899,2.0540501525873833,5.594342829784596,0,0.0
22.553850907896493,67.04060353990377,69.5527206475073,802.3796292968821,3.192677083229748,6.581679177730736,0,0.0
28.268084961571503,44.94355775268255,59.091781121900446,884.4759580165537,1.1756851360901035,6.177410457178032,0,0.0
32.8126710697848,55.92481566319393,30.138835354022753,758.0282672954186,1.3196714429087841,6.847351327825442,1,2.979174696896587
34.9813798959723,66.37629618372993,67.32930326554032,844.4898901272938,3.2391321146401517,6.884875463899208,0,0.0
28.331967068638214,87.3315872982669,50.25319196596416,345.65459896172456,2.0384585017318626,5.688257215546953,0,0.0
24.87999986359589,59.56141106417415,50.762877447097814,343.3373620149397,1.2086465128559407,6.994166480977175,0,0.0
21.828520703675427,43.24533481073349,41.72673085885239,944.3008198998162,1.348022692934954,6.954733771787261,0,0.0
22.3706335197169,59.40807239801585,71.8769818893214,914.5745363262048,3.206120444901984,6.440697119882426,0,0.0
26.15073462854602,47.28705879369889,39.099638231347555,548.4973411052225,2.225258429061279,6.738171508759626,0,0.0
24.24372092177206,51.49948066457226,25.648385640181317,366.5587852726458,1.4074857696531111,5.527655469302783,1,3.6527421539728024
33.53484688462405,70.90453115824953,38.163739638316706,866.0015302588004,3.2351493873202886,6.955578309536135,1,1.775439054252494
24.261022950147062,43.37119331018408,62.92121277607314,323.41113242736617,3.1131972229468934,6.184470889733577,0,0.0
24.348558049472402,63.23618781250187,59.454913208199734,153.6350828944444,1.05755837697076,6.864550333624678,0,0.0
24.52008671137761,70.47307930053822,31.281029213214673,639.49267500548,2.4524752693736795,6.0776872835780695,1,2.807845618017799
32.22254357625019,61.09291961837484,26.707057946296523,42.62180973296692,1.6108416259517693,6.682264701610483,1,3.4939413080555215
29.06340145439733,40.95631753118652,59.65194550410478,379.101906166488,2.3328395299514106,6.12691878623259,0,0.0
28.440870455421177,89.27596784514327,60.58261013929474,807.663815694622,1.6981708305133267,6.044059921908085,0,0.0
23.680431380525658,58.35578836702676,41.96897823263424,295.21619569283473,1.7896907022299278,6.920163704132042,0,0.0
31.90437100615147,78.92885934666334,70.56808301174479,931.3154790735333,2.504631331081451,6.548667300845053,0,0.0
18.65218564304692,56.282324609372665,78.69231222799502,955.8246666166374,2.3471479444193184,6.760121635598447,0,0.0
32.803551929747925,63.750837849670944,32.33871340696372,815.8163007651189,1.9879809944520181,6.315037206245083,1,2.6491929889554418
26.716748296496803,59.423182130549826,54.6241229423617,987.6433189920627,1.2689199295725389,6.87752311773729,0,0.0
24.77025399267802,57.126961475480385,20.32077974023635,530.7641115114377,3.4235597464490395,6.609940685335265,1,4.451883038964548
26.451843772200657,41.09256886038894,62.783263761577246,569.1995521389715,1.4365138761751282,5.608251476131637,0,0.0
29.34606401907513,58.00104689272517,44.85692681379906,836.1668152704784,2.5827931123909744,6.650306146178144,1,0.7714609779301405
18.217012250804256,84.4744995199765,31.59615361418989,492.80525578809045,1.2068619067601611,5.528065700746306,1,2.7605769578715162
32.816381559790216,74.51966692968418,65.13331530586257,406.72000683306953,2.7207820813640464,6.743603383089717,0,0.0
25.59457193029368,47.27114295477199,68.63892785336483,614.753591174539,1.237099458459757,5.997799078297234,0,0.0
23.83043083490133,69.55775023113696,26.66999007055624,657.659510848882,1.5737708537649544,6.397427115867626,1,3.499501489416564
20.350174615778972,84.61154299744358,22.45974571028204,750.8958216961663,2.617462998445095,6.624065527526412,1,4.131038143457694
25.470911364093517,75.00170204824278,40.044706500147036,668.2006972600853,1.7073379798608836,6.455447442140575,0,0.0
26.437487111834443,47.434219617834835,57.55942794566214,745.7217952633285,2.3321270378698085,6.5085553468399215,0,0.0
24.861993806389123,83.39162483672484,67.60517163131799,674.5596708887523,1.3112634833435233,6.838998615199765,0,0.0
29.53722159505725,55.07720066444327,52.76374979782746,480.44523850017885,1.5060013481655075,6.0609579745357305,0,0.0
25.15524098890684,62.70380721561709,54.844926578418836,134.93458433647032,2.834439770636541,6.320717724728551,0,0.0
34.34409882339175,66.30713798445731,67.99149330517346,785.4432289352584,1.087847150705582,5.762393056364061,0,0.0
28.18771780300106,82.52533021890977,51.73060245312556,30.779151387683058,1.279500524642629,6.201314623257169,0,0.0
31.72712490608245,86.58037475738305,56.66926941357803,992.5000917613396,1.537390046526599,5.725054556236675,0,0.0
19.85905035286114,86.4826438895278,50.973040398593554,828.4584899396799,1.0504763977607026,6.450378319152273,0,0.0
24.753951980080398,40.39770906392703,72.82749400206224,670.910607981305,1.2384467462654634,5.986377085845685,0,0.0
23.726410924601595,86.09442427927286,34.13099711510533,966.6067718544533,1.7034786940905746,6.788521720810891,1,2.3803504327342004
27.68120059832206,42.719348300078614,35.83961507243056,612.4702814562092,1.2322936289578559,6.015366445033009,0,0.0
32.63892984104424,53.28868284087177,27.677687696109544,56.43288074434805,3.165298575074666,5.930250838318315,1,3.3483468455835683
19.331749701954113,65.74939273639164,69.1680050896653,559.38217401452,1.1651844762778873,6.236906194682072,0,0.0
19.233771566760083,63.996284450219704,44.70663743374144,277.2041856569428,3.1524592479455986,5.762993060178427,0,0.0
32.455401038679184,70.23548969436959,40.87363645287463,369.4775279844368,3.0571502151506653,5.805709191865215,1,1.3689545320688057
21.618451462652075,63.97231143685029,78.88092302522938,459.5851558500289,1.251903986408468,6.674719113118304,0,0.0
29.368805325646832,86.71878398202104,75.60820198638713,774.6007463887835,1.0629782856797787,6.245838104045338,0,0.0
27.228928250133688,52.02744241072935,78.31926092748569,502.9292143709562,1.1249800372382848,5.809512916156974,0,0.0
32.1591911130829,53.70123470192429,28.53793980552157,474.68029082507877,2.4759451614343924,5.547284210859234,1,3.219309029171764
20.12651146721886,86.03689678465281,73.47510878888997,301.97213774184604,2.6758840612214367,6.199716186444026,0,0.0
20.206310417284392,43.836975687262814,39.72257596324709,539.872241852703,2.551633478115578,6.61394519560505,0,0.0
27.46591212473123,70.47804109524048,20.759406212711752,248.39085443531562,2.353692129979745,6.026785096286498,1,4.386089068093237
34.088437107092304,74.08679760328053,43.47790015898413,260.993815408228,1.4367102265737226,5.871946404502118,1,0.9783149761523808
25.05496189230282,65.27708617148697,50.551781188283584,757.2587751445204,3.1023847365881787,6.094569340733011,0,0.0
23.558015704329815,74.71159394115686,26.49322541404432,342.54726450909,1.8188873409006214,6.93869431717831,1,3.526016187893352
28.31371849436406,48.63773230059835,52.260657012455376,51.39967293911185,3.4654454902822134,6.134743141027171,0,0.0
33.817626209265526,82.631611638577,69.16781505060389,343.6772858949808,1.9621444947354763,5.889457131288394,0,0.0
32.2277731583586,47.00128447349428,42.659057050351635,638.5722078666189,1.6575121099359136,6.3538638099912585,1,1.1011414424472548
34.92322138246474,60.04062221578749,41.15868839205813,813.9855866773223,3.235627034454344,6.716115612648903,1,1.3261967411912803
18.38366591444041,43.76288006541029,40.328625213840645,961.9366813923614,2.418535407977583,5.5334984470350825,0,0.0
19.918588460116958,67.26055394087001,75.38566675302152,746.2204214749759,2.8046261004368493,6.337152529343642,0,0.0
28.360951977232574,73.48729037128196,22.925485927411945,428.8516094168369,2.020996958318112,6.754468616834422,1,4.061177110888208
31.949799468675444,87.06108175476453,46.70456851957732,299.11927920495765,3.217288764858975,5.823435634493819,1,0.4943147220634017
22.849153819215033,76.96680979480004,35.87596724898301,129.62999017088939,3.2943130324608183,6.8825244692522,0,0.0
22.06658849658172,67.05514582270756,73.62842152324966,627.6864344461144,2.091922327792287,6.366543431526085,0,0.0
31.378588589480415,86.63085085851668,25.763135815028235,509.88331410900634,1.6018095884219012,6.275089656133223,1,3.6355296277457647
18.958491515504935,63.92184190204382,44.68656600082465,677.7015164441412,2.6191784610837203,6.945492276191087,0,0.0
24.279505008903946,68.06028265494348,44.40896912186514,237.1331564550696,3.386460834551289,5.694477572801199,0,0.0
26.598756784069607,69.80492638350479,73.30366505282136,323.64416810994555,2.5561161489323534,6.610211749258076,0,0.0
27.525927463955497,60.49898629432835,32.929606702458166,292.095349498639,3.385556096019341,6.727856936084899,1,2.560558994631275
30.38645766547721,81.9241345282912,58.69372461809667,797.6518421744105,1.8595199124315365,6.232834775947808,0,0.0
24.03237729832119,49.25879694225296,28.064367613267343,171.22981486334677,3.2876976769996875,5.50971351568008,1,3.2903448580098984
28.415633859468322,67.7421095185804,77.23854284483257,608.4721170244956,1.281417081041485,6.286504759208979,0,0.0
27.951382187446256,76.1116628093597,55.58089755633715,51.35501575910673,1.8970860473442055,5.73026789324107,0,0.0
27.3094737111137,85.19880859382886,57.57540381924022,549.5275759017196,2.2361780862263605,6.343855782535864,0,0.0
28.88821598341761,84.19591982171391,46.02640409962833,63.91397575305591,2.6327758456307295,6.607927927858207,1,0.5960393850557505
22.410635908157296,65.4370144715071,40.53696275997933,175.87659078798734,1.7353481123718162,6.2966071447433265,0,0.0
19.439028810938694,72.15807255816708,32.76058576969258,113.0253020535622,3.310598251084322,6.446203015730663,1,2.5859121345461125
20.027618424675637,59.71188680646505,56.23926522993553,346.7253538834265,3.2587405229853994,5.655918310495139,0,0.0
21.81790050511632,63.408888144010014,77.27370472089427,343.73141770772907,2.9983415324139058,5.645568590273681,0,0.0
26.50336490388735,85.31328962865248,41.587457245544186,826.4192807282564,1.2859063124793304,6.776411135658394,0,0.0
32.28752675928234,86.5351996596237,72.98941331972325,225.6874513805287,1.1957273778457118,5.5739947911901755,0,0.0
29.921986815502528,84.77070290335098,28.92657877083498,86.38674177397698,2.2453286377983543,5.926449945689517,1,3.161013184374753
31.413690271434803,46.91854309068191,76.16756125290804,603.5117908141298,2.913359389239792,6.906544868561584,0,0.0
23.966585606743553,82.5042010665318,41.029177033884594,687.4506996000068,1.308089732278153,6.188300670249903,0,0.0
24.879113608025353,87.41818655107402,42.783632695600744,294.8236160214538,2.6035936673400464,6.5118078700754936,0,0.0
24.69259206184042,58.06248472868023,47.770535422059694,602.8141163613772,2.3196384777557673,5.832535552382421,0,0.0
21.261844134876526,65.93231447108346,63.09465619685901,776.056568006644,2.8149735493359307,5.905769320421859,0,0.0
19.040683188440724,78.9547627906498,63.17920602134211,347.5529390761123,2.08843806541567,6.263500821180826,0,0.0
28.045573578062857,68.10390687828243,48.77531508317992,525.3538399331118,2.7332414930500226,6.457150072424263,1,0.18370273752301217
34.816683618149966,89.67417608531247,51.38917395883615,146.63327367232003,1.3990216787101597,6.940691681633774,0,0.0
20.836104984154467,62.78566825784142,21.80062926644847,23.646801070180356,1.536485683079072,6.361629955788544,1,4.229905610032729
18.793641938287653,75.69713556036888,38.257802093499535,981.3679748108297,3.2583351595350107,5.643953646919198,0,0.0
31.25203859100686,79.62955700982721,40.76102445383657,299.7308505363699,1.823437688243641,6.050378983725357,1,1.3858463319245147
22.293962113640312,64.70502078792197,53.523636123545565,278.90205072182164,3.463764537091377,5.866251380691654,0,0.0
32.10394469099978,82.8491902855688,53.49798604227827,973.2451331730877,1.115511494125233,5.8816018308630245,0,0.0
29.966923339586764,67.30772956035982,62.59398786367239,728.2335237631166,2.2396895373822674,6.258081174110304,0,0.0
34.07645012986367,60.582539840081566,63.021637773084855,585.2978879404832,1.8124679111158817,5.97499963475719,0,0.0
24.951763007863423,45.39118369259735,34.11264345272498,699.3233950933568,3.4899125926273062,5.933963324713036,1,2.383103482091253
29.25348727066078,59.67067881752121,66.21122906628949,709.9265666954027,3.47508689091155,6.952028441419669,0,0.0
25.902531273825602,76.69682273666422,21.176214082776923,763.3358802929824,1.5881082296323303,6.375937939217363,1,4.3235678875834616
28.72000785424524,86.06432058400537,62.96971307640323,67.18923141991995,1.6681421992053398,5.892668243895456,0,0.0
25.643181402131535,52.58397019301552,26.123666211165386,412.83141978288796,2.8741805467926174,5.913804138505163,1,3.581450068325192
21.20674818920927,57.76177586652513,63.77889250527314,295.1303178330165,3.224186078485727,6.716542169958881,0,0.0
26.634256072057475,47.69804970522131,51.62708543410426,70.56963851700549,2.659242469637296,6.82971373783315,0,0.0
26.985931424436522,74.53614471144844,46.235270040985526,412.59899684642875,3.161772387653408,6.518546807830767,0,0.0
31.780265420422737,88.00942150049627,61.43998338568574,616.1734854131468,1.1582311384893202,6.147170236772236,0,0.0
30.50385199849088,72.04761099240878,22.182250024833962,178.4976799744188,2.6013212034914837,6.646861016033114,1,4.1726624962749055
29.284457607004548,70.85382650031131,33.4082195405347,305.0267438878538,2.7504272229267404,6.906072837051907,1,2.4887670689197945
19.927580624393734,67.6744965250217,56.98640854805924,639.1708219171541,1.475797657661781,5.749300851049462,0,0.0
30.250476941283154,44.42278703427682,70.83292439784907,579.3246575572134,2.9449255233115137,6.792558472474781,0,0.0
26.50518765802675,76.47519132146918,42.86645821670702,868.7854631732239,3.36066292425339,6.773233927514447,0,0.0
33.19969211380471,70.10247717746753,35.525688358013426,791.2309696503834,3.2449162306951647,6.049752943535001,1,2.171146746297986
33.637805880219226,73.07383844281435,51.12418614733966,965.6110522860295,1.6124185447833475,5.937679164080158,0,0.0
18.937662040230354,84.94055465137109,57.338915143210485,597.1933101133772,1.8099815949304654,6.347965219117731,0,0.0
31.950906526026138,79.19803935305089,45.20618188434479,698.4673664116264,2.2490284223656154,5.908440668361697,1,0.7190727173482819
18.6408556371854,79.0457626077263,72.6026409595853,860.5062588144029,1.3959029607014242,5.718065957949994,0,0.0
24.241883636815384,86.35918844396738,51.40632253160081,839.9924448252681,3.384882907790689,6.929618358375437,0,0.0
27.219099585558347,89.49674757314997,22.1494152542351,718.7216420262343,1.403991574277069,6.237048685140139,1,4.177587711864734
20.517713576661166,69.06413659805298,33.383237282371425,500.2562093739751,2.9035573949758398,6.208384125640342,1,2.4925144076442862
30.687334813674305,45.444080801558286,47.038821855068875,273.2068882307288,1.8535703779273216,5.689154717236116,1,0.44417672173966877
18.142029970926355,62.95649538877182,61.863531141016004,877.2157539354059,2.434301994241492,6.256229297850282,0,0.0
20.866183823378627,79.38005732308221,33.18513462755533,776.655442237305,1.117934560985904,6.614249523091852,1,2.5222298058667008
27.873546107509085,41.38626623809246,78.57544638304526,837.9069519584792,1.5125296438433096,5.872069455253986,0,0.0
30.14458855463397,42.84437191780745,39.11349549128501,140.7893181472042,2.1109780958030306,6.053332985771776,1,1.6329756763072487
33.582932745796576,43.35788911914106,51.9488124116353,314.8128781892746,2.6929780431012573,5.768372932875894,0,0.0
29.993443082888604,76.55178791641555,21.13798308386247,424.88503789965114,2.9439048155271994,6.032613569624181,1,4.329302537420629
29.42024759433272,65.0583314281586,73.09344328584827,838.3519723005606,1.0753512944082557,6.7919223250008365,0,0.0
24.70379948796129,58.44489717602968,67.330079211511,892.8866727146554,1.3812255401969742,5.855590106168352,0,0.0
18.021835233955624,45.2808522630868,31.72748025773556,284.8927142552863,2.8244793467231344,5.544312397025475,1,2.740877961339666
20.042707398505573,76.61201251029445,75.99420147439056,686.4291672657647,3.032638564530041,6.304334783818462,0,0.0
27.087427260852664,56.05099052754498,38.95038582784428,77.8142061525634,1.5914288182144654,6.369238382020965,0,0.0
29.477208059355135,53.266203503233356,61.53117730280702,409.57327196876116,1.5741326175152015,5.993366086314145,0,0.0
25.096620826239864,72.61596007767756,69.138579080996,486.6691077518851,1.2200735986829148,6.4623531137195505,0,0.0
30.421543195982636,67.95054462984208,64.45486767423085,765.6328148991158,1.3757349389925169,5.556853040708213,0,0.0
26.871659020647037,58.12053209066508,75.05496704179046,891.9722368371205,1.0200397297056154,6.010860636738872,0,0.0
19.26099532510331,72.0743735402794,71.85648562044251,337.2832358244562,2.474578099444736,5.71685780562113,0,0.0
21.26427626645513,53.56107601920591,79.67669084549661,527.7388899419013,3.25972836022358,5.844709133532119,0,0.0
32.279969795147025,79.74151308021634,30.956684754568734,647.4482223675242,1.373940248845447,6.073801562086686,1,2.85649728681469
30.32351669261547,51.465947515382695,38.285708073602,328.6872289468147,2.878609158602609,6.240115874257203,1,1.7571437889596997
33.21095377921242,47.94188476910078,58.1735520458978,985.5382131740445,2.4341467158062415,5.639799211902432,0,0.0
19.998473235055922,79.12197047494374,63.98283115349502,875.7743795700246,3.349804731532931,5.651978772944785,0,0.0
34.83378308845626,75.39460153489665,52.07630327334255,296.40282886661663,2.995306306175645,6.511067286691501,0,0.0
21.559914137148873,49.13194878508992,24.435701893196896,507.94623099904834,3.1318225568978213,6.106198604076555,1,3.8346447160204655
18.200257896872913,45.8122876344969,70.49571360802292,230.84061324724436,2.597855380931417,5.764782929732055,0,0.0
34.95618996391042,81.9199544243346,77.65246136127632,514.5039189033348,3.028340298839675,5.8523756199303065,0,0.0
22.778256052566924,78.8299241098344,44.33101062958369,683.3323448232849,1.8771737586996522,6.58008437212464,0,0.0
29.35633069271352,56.36286868498321,33.48874890193076,85.5210927929878,1.5225439870930493,5.57763827954652,1,2.4766876647103855
21.003599340997187,72.90987041066833,21.15882529772525,870.1172048072717,3.2812999280824107,6.263114676055881,1,4.326176205341212
27.86388504738541,46.20800932739054,34.23794216561512,593.7458684465835,2.8358396951810514,6.040481860776786,1,2.3643086751577322
33.36859476972751,65.3523829523839,61.99512649030533,989.6028985770017,1.2267572423452255,6.716720717610026,0,0.0
23.443079846283457,40.936514603020996,74.69536326036382,25.59150724950321,3.1672738193786345,6.68516052914325,0,0.0
29.394317592754106,59.580094046077775,25.61078398590595,831.4983510982321,1.8722598499461816,6.53380244791052,1,3.6583824021141074
21.19436100957308,43.74214107357025,53.1955512297158,791.9630482545475,1.745694476354442,6.07717560752616,0,0.0
28.62152177821833,63.75735900784413,61.73187491070994,132.85251204003234,2.55828391821597,6.4468544045394705,0,0.0
23.719655980897674,61.08408234264472,36.582849266376115,335.30563508340674,2.421496590266159,6.459773119595196,0,0.0
21.590540395995177,62.2192513319028,54.19382235021812,884.7962030441727,2.345641802913721,5.998299807399761,0,0.0
23.324094861961797,42.2665651023997,62.91490556034637,518.4542950722542,1.6371929585050673,6.81996232152054,0,0.0
21.04029816463259,58.08081706409162,70.2631545881226,401.281487467239,3.3994343781405494,6.977286297221714,0,0.0
33.332573833244005,77.82419245499582,47.14999104919885,905.4964322508417,3.375302309573833,5.9716599571685265,1,0.42750134262017203
24.75217706739119,58.44571866768101,64.87143313513764,93.34452447706143,1.0104054748062496,6.701840951605468,0,0.0
22.169748184564245,75.75859763047903,38.10697830439098,473.1227829022564,1.8445690729192712,6.251362399738757,0,0.0
25.62293329727086,58.47393618168666,32.782804806329516,652.3740979753522,1.1138716601551168,6.195478595295319,1,2.5825792790505724
23.449114835710425,61.16197207450932,31.238824765440043,608.5414390150125,3.125621915774769,6.0798443572633,1,2.8141762851839935
30.655127314826544,68.19460564146331,41.53236390954358,264.2764544088915,3.216295595741542,5.938037973483452,1,1.2701454135684636
34.5107385020534,87.53409684035412,22.152780907330943,563.3129045343364,2.29574570921561,6.87926179329023,1,4.177082863900359
25.446572163859997,45.44302233233276,36.97951025991498,708.5617642859817,3.0991950861517887,6.611222562878346,0,0.0
32.637567799528085,41.64568843305869,59.13336946659369,584.8854073266983,2.7584007896344795,6.1610543951662,0,0.0
27.61967225051353,70.39785919050226,58.8751428296082,684.4622259773223,2.2489348573210606,6.627346924004497,0,0.0
20.67300630660197,87.45485444642131,24.413228389489475,256.07873938879044,1.9095284974725684,6.577899533902851,1,3.8380157415765783
29.740586615382806,89.48615662773574,37.244937024837206,832.8489502717827,1.6655625633163995,5.901006252718669,1,1.913259446274419
26.72838645113894,64.20821236960009,54.1734598806753,449.68953698496983,1.64857284355763,5.764198451367969,0,0.0
29.06031089528576,63.40408105425492,39.11312825018617,987.2238441045688,2.4051609605939785,6.754448787048135,1,1.6330307624720741
33.1246860137183,72.24818853725981,45.079281451332406,23.285320666937558,1.4170220662258641,6.717109319527656,1,0.7381077823001391
25.487387701152784,67.78173786024848,62.76864542694584,380.3153712476434,1.4369796904323897,6.995294008100066,0,0.0
33.32001959469505,71.70440288070591,20.556009767397804,180.47505230511086,1.025983350817579,5.529044944892217,1,4.416598534890329
30.76137324278813,83.69997127689471,36.583612645305834,555.6095269940535,2.5333201488978094,6.310571030196042,1,2.012458103204125
26.30628373992574,77.31530847438046,28.542334627101,243.2050943736127,3.4858604641501305,6.551984126359413,1,3.21864980593485
28.254776306185384,64.84386958433979,27.656550965869506,737.4779465674818,3.2230484385698093,6.37381009328847,1,3.351517355119574
23.534879252823195,63.09322295000848,77.54241298683482,881.8658623375187,2.764224511067753,6.565663040206836,0,0.0
34.72115409555916,71.9800874256558,42.593619893745064,210.8843535821109,2.9638132444164325,5.705891822061646,1,1.1109570159382403
29.344969771856732,62.78531422101487,51.62531509457839,160.6776183017984,2.042131790659365,5.502274042255115,0,0.0
18.74539649244271,62.888967563281994,64.02931322417795,875.3571857284785,1.7451988872901723,5.639548081272408,0,0.0
23.552572397716148,40.81529508932524,22.846848491603012,361.27191508850564,1.921570704711709,6.070089719601672,1,4.072972726259548
28.59634537390398,48.70320687036542,34.4613583134619,434.58363495902995,1.203555204325121,5.9933999318151505,1,2.330796252980715
18.957665722587077,64.42568199978766,69.92886724062275,220.96950244353565,2.584487995074081,6.811004688040973,0,0.0
18.40603125242543,81.13267295251845,71.71943679067286,425.31486805114713,1.4371625555316847,5.625289411642147,0,0.0
25.650412071972646,53.936350336356206,42.37705523844812,231.30007307799693,2.9071955279000963,6.16405922042692,0,0.0
23.65573305477539,66.13217165655745,42.4916959791061,665.9274406341809,1.4749411556595318,6.936733657310566,0,0.0
25.45107633656382,57.24810423796161,65.41381262653292,498.8764124800872,1.5703100631683413,6.254355621867992,0,0.0
22.465786267960087,45.24019947697945,37.70421360499215,788.060445962909,3.39326409844042,5.698600131364168,0,0.0
20.800201698030676,87.91492415356504,27.025644868399887,312.7281160672944,1.2634897800593188,5.936900758502252,1,3.446153269740017
29.715437068665743,82.73369351251509,35.45212701443501,505.5950154590377,2.2471063481150746,6.440187226349158,1,2.1821809478347487
26.74770897655261,43.92462122334532,43.24068389814649,259.52332297713446,1.1567162685039931,5.517984217844098,0,0.0
21.402621591239235,75.98936312341422,23.132282575705897,934.4739302466315,1.225977480205516,6.952150489628907,1,4.030157613644115
23.43302024641997,57.37899521787501,48.72081525201049,521.9356677911031,2.5837509053460677,6.35046524408471,0,0.0
28.06073443027654,89.74249035308964,64.4004507663667,173.46249631794308,2.5768181576464637,6.556208771285693,0,0.0
19.227898920632125,55.11992599144888,50.8247086688277,272.76565921002907,1.4828007033103978,6.248441662478523,0,0.0
20.50670115752505,51.93692226813,24.31372043087042,82.90196412406014,3.1812162881459813,6.936886300361193,1,3.852941935369437
19.245175269825634,68.39452741527026,46.40897788075751,27.8159955977334,2.7554674892074433,6.383831577312481,0,0.0
31.80939465614002,81.7563081671602,62.534276482569965,525.9218260706709,1.7515264571779114,6.4929755386058,0,0.0
30.790956964604156,49.6259435909899,23.485799239411396,337.12292252560525,1.6209663950223203,6.791256345157729,1,3.9771301140882906
30.80631984194737,75.47013848596657,23.59083138361331,963.7734552603065,2.885713132827072,6.79233498558837,1,3.9613752924580035
30.177530839092476,43.070329157056086,42.23608419085896,171.3313963614842,2.8340598103315093,5.542257023232671,1,1.1645873713711559
29.379552202387778,85.94673715552486,31.697837847422544,793.9126527369453,1.3720797788285943,5.924951316015207,1,2.7453243228866184
26.108862561428975,44.05374580736494,76.08684747850523,315.9714421929027,1.8729696216756708,5.869477198619743,0,0.0
28.918728779620956,85.71156881720813,54.88061622438459,223.5373860587052,1.5416931166461016,5.509967344782114,0,0.0
18.65214643139557,64.54036247263514,37.23952396435377,969.6368190013073,1.7353604902146829,6.815173826038446,0,0.0
28.564895185165337,62.40455563979599,62.28660374689705,802.5765987457658,1.7189099062371807,5.975710104576406,0,0.0
31.223920994126914,88.66535397501883,42.49574308155973,630.6208914453316,3.4400592499082423,6.020429104189821,1,1.1256385377660403
26.506092126534632,89.51920888491095,27.926938662740604,697.1210372237521,2.875528432776421,5.649433592234402,1,3.3109592005889095
24.07772658326303,72.50890629805059,34.23393379061483,991.3814748505898,2.950130122339688,6.9845819337240105,1,2.3649099314077757
22.716254491616645,46.35596459285242,58.56483706756254,593.2074088248868,1.693557913164053,6.739376702501655,0,0.0
28.927634852755403,65.30850428276013,23.1125663598195,101.90045080696008,1.0013177126159212,6.357793469678061,1,4.033115046027075
29.777620376708448,66.45815504778312,36.36134240288382,64.86612670138136,1.1453925123049737,6.6578955335366565,1,2.0457986395674266
32.80644919766323,65.72232140676549,32.498688658530476,666.6067774738734,2.3824994166419895,6.66566965108532,1,2.6251967012204287
23.819679401836844,68.47459192600049,32.06810664059192,657.6011439251482,1.713702847245966,6.485096953822092,1,2.6897840039112118
31.086129225554956,40.93623568971953,60.96574471855826,748.1737929780886,1.482386501620471,5.761016778428141,0,0.0
27.543049011218745,75.56136407352511,69.54901500526188,108.77873023261375,1.1241023040407967,6.580472287552395,0,0.0
33.00822034152735,75.6197150976494,62.951996483855524,944.9022747551718,3.1897043485743444,6.354426125432937,0,0.0
26.972805841025554,45.773488758894395,58.74366894803073,551.1584139106448,2.5003183676449394,6.586107861221935,0,0.0
26.799707082765444,68.51197212229003,74.98710630907183,649.5555210212154,1.2684330361206433,6.315179820828684,0,0.0
27.823910384495456,68.41805912178873,23.50354282545781,34.852383378130234,2.916010040241484,6.93450559310313,1,3.9744685761813283
30.738361037421384,74.12252100952,30.048985158574446,960.9742145155739,2.8895639776919975,6.44053814574162,1,2.992652226213833
34.39973814008384,44.269884606754054,44.864411340231925,562.5918487439486,1.7235091025381397,6.360520663703224,1,0.7703382989652112
19.250577021668015,71.32516536330482,42.34709861023207,563.3631129946286,1.4710672288918611,6.764182322477745,0,0.0
18.90838824064729,54.037597537317055,45.08309617778134,943.5553162303798,3.0349546903484406,6.068854832835367,0,0.0
33.93835573592476,65.3501495248086,32.38729430256236,929.3501781836674,1.823911831627839,5.9736904977814165,1,2.6419058546156458
27.007885633809504,78.66617763520384,28.970198934813702,220.29859181724166,3.1185702027023923,6.25475325016737,1,3.1544701597779445
28.45335124763791,75.28229681815066,50.551594847475684,931.0988219059293,1.1091290326194605,6.376701267119555,0,0.0
26.20120122711039,45.94515088389967,75.68315144412762,736.6212893800614,2.248222372278875,5.830723187619869,0,0.0
19.592176694327065,69.55923935580367,43.518167740995025,18.900727331417457,1.4489882034990498,6.523422270162644,0,0.0
31.05751943311733,88.45582654703693,22.601192847171685,239.84314873833833,2.6801120330703396,6.703562045719522,1,4.109821072924247
30.702818966505976,47.83847186675011,62.37004057337147,412.98014547144635,3.4930344036726173,6.365979745462347,0,0.0
23.298956465377806,82.64535438627075,37.46629433163049,582.8224555057548,2.031277580067336,6.284445343096079,0,0.0
23.206067168882807,75.12740402768884,34.705700438293526,701.3297304886889,1.2507763672298933,5.941963343566572,1,2.294144934255971
32.243303475393816,78.70016564548798,39.45548004187772,210.21039395689934,1.7941827986821708,6.8643745357242505,1,1.5816779937183418
19.23007338160255,54.09791635713228,63.428931434472574,836.700514273689,3.2287662489127054,6.6317495987423545,0,0.0
32.97878752206162,54.39444646899212,69.12916321221824,845.7153238891547,2.914402560259803,6.220430301829159,0,0.0
22.363248728230545,85.3009727888244,55.283364040337815,634.9988192605773,1.5805291547306435,6.488660370722789,0,0.0
28.080740711843397,57.99160160462793,39.34872522317309,921.0939105156983,3.383996798413314,6.005319050212538,1,1.5976912165240365
33.91190104303022,43.150769534640524,38.62869398703669,812.9824268971879,2.5554698367327626,5.589726137706835,1,1.7056959019444964
29.52808252612299,70.0298351789725,27.458500994327782,221.6236592935409,1.4201235007938093,5.805891420728296,1,3.3812248508508325
25.04530681193962,46.240883452092135,75.99806289411168,798.6768663103605,2.4308053561155982,5.619232195076346,0,0.0
29.72208155139206,79.8298120703954,58.28836393812917,953.2020787531051,2.128192169159985,6.262263522398106,0,0.0
23.847653817378294,72.08732212505288,21.618477191351843,137.60644701843094,3.04924418693391,6.433095446465201,1,4.257228421297223
22.713393077936164,83.73632526106041,59.74202571120084,978.6978847910291,1.86040007402978,6.070669438394695,0,0.0
34.943615724889554,79.24186248913176,46.82920545161048,24.99279677009025,3.187445799592366,6.295231345042883,1,0.4756191822584284
30.763433930056394,45.60568241690981,78.35347778281516,522.1672447737723,3.029925966095778,5.628152340974453,0,0.0
28.9602396154909,59.05353382172112,69.14412948838441,773.8931389784842,2.6865086278999994,6.654937634327318,0,0.0
24.03992393472842,78.72801249572936,30.27894522996789,790.4381025462543,1.6465180558654335,5.5491730711609435,1,2.9581582155048167
18.835734095635818,60.86707366331629,63.20666713249199,734.6725691462678,3.425823940699445,6.451638375348708,0,0.0
18.527966892597647,88.61827423899891,49.133960230115804,529.3513727531619,2.371666950755384,6.150019812530071,0,0.0
27.42108134262958,76.78702249467247,31.22270982019569,650.9643220703955,3.268784945907573,5.775705619671779,1,2.8165935269706464
30.954556257663867,40.77499583451605,61.92439443979694,699.9321856531137,1.5393247481254904,6.284583806085765,0,0.0
27.135446237545537,83.99928457804182,52.84325472165472,494.53922421389564,3.4584457552138965,6.671422343451292,0,0.0
32.29334622296495,45.04023924342788,21.82243272629423,595.6849751346376,3.0401480723619128,6.120283622006015,1,4.226635091055865
18.568251062584768,47.026186209004294,58.795277031729555,846.3680534575732,3.373067208567787,6.051563538406202,0,0.0
24.234785299240983,76.72462003055254,58.099225391746444,312.8790211458272,1.5309143306874684,5.713690579533314,0,0.0
22.030196649961027,83.24842797152401,28.64510966308776,523.2063269686323,2.07664519645637,6.391863978442764,1,3.203233550536836
25.603640458671073,66.8174813949778,40.93926361980157,8.47972102550787,1.2440848045840192,6.742020570982887,0,0.0
19.23039868430008,54.45248664728896,55.15393824506239,687.4363997767931,1.3424240163978025,6.342012325419862,0,0.0
34.220237906708235,57.56577726265878,28.326980846403792,195.38546461484174,1.7098966589675038,5.747631343303993,1,3.2509528730394313
21.795341818179136,57.1444664798028,71.16340267008539,481.0012537137689,3.379064151183141,6.491841745342224,0,0.0
33.67923218322094,56.33390519047561,21.649162777262227,210.2052162804593,2.667979202799943,5.545212647062553,1,4.252625583410666
25.24018363562359,52.14548359108249,26.170244898161297,23.533714578492294,1.7865807676672212,6.757080922492897,1,3.5744632652758055
34.7539102653387,70.44335473146165,26.966415191293045,483.2205516980166,3.3864332970949373,6.882242775295188,1,3.4550377213060433
27.418992518823583,85.02026592825337,51.68642755850331,424.833606610707,2.8493285165427458,6.395554734788762,0,0.0
33.824158690988725,55.35412065416706,57.20684073011752,425.14951352438067,3.2674475331107784,6.822670001193557,0,0.0
18.09093280780179,49.3347148730706,44.224447790089194,208.8061599288703,3.3180519845977456,5.6267583686464535,0,0.0
30.7200597050753,81.92888331857125,37.32000966008997,947.2045897481793,2.876924374780204,5.84251674120316,1,1.901998550986504
33.35186110274276,77.08916654448517,68.55904253753344,3.5071518106944977,1.6078335744789651,5.975890955487169,0,0.0
20.37524963864222,86.54185157799552,24.097159023585206,891.5454499973387,3.491472387797435,6.659750060996313,1,3.885426146462219
19.634139479446574,48.27598678024548,36.8175116679675,736.901923139482,1.8127271001540912,6.2263597675511635,0,0.0
25.217734322161245,47.212565705829576,22.346934728238246,172.0720335332715,2.6792643739192963,6.022521192860744,1,4.147959790764263
33.8725414042599,67.07146971524983,20.83340809797608,472.19198630355453,3.1120292373945024,5.737104548740246,1,4.374988785303588
27.22057152323746,70.72168274175476,41.202793215932076,988.8500815082726,1.4378774860616408,6.715964491485147,0,0.0
26.966759883269447,64.00867209297948,31.68941974669592,643.6982369843073,2.5226041998620214,5.530785130853305,1,2.7465870379956123
20.39914401108847,69.94833181619377,36.10195129029478,127.37672381866749,1.9379319423206447,6.005905698317166,0,0.0
18.01342168858472,49.01898844375357,69.25682944729809,457.64223885643185,1.610722674097909,5.864163407955973,0,0.0
31.77238154267284,63.98068770820417,29.778805774953284,468.20309657281234,1.02942953189078,5.693515519899956,1,3.0331791337570073
19.48876757076605,72.90462804698339,66.81400202910805,802.2633328831083,3.1799351594949283,5.758062246541064,0,0.0
28.775446918500506,61.635322462435184,60.50303738878181,916.1629328261554,1.3397038680671385,6.240695584204141,0,0.0
33.54847972675826,73.9723667908299,39.58673150844996,82.24154328873456,3.195292901712136,6.139084742163832,1,1.5619902737325062
21.547082523693327,62.55956402769198,52.79336871057727,314.0372869528323,2.5017264970211204,6.277553804522404,0,0.0
29.309638216027484,56.679979042113864,46.66613658647233,298.43812688511497,2.5526388862876033,6.59143055534104,1,0.500079512029151
19.33787580402766,55.18025235435462,27.70371892985992,996.0481249190183,3.0716294856438626,6.838493145532279,1,3.344442160521012
28.26383744523942,60.5451029494294,74.43111930405054,559.2271166913997,2.2736028666869514,5.6776931079214235,0,0.0
20.786839256204445,41.15448113411004,54.17707805514561,879.8314961199844,1.8932114203358554,5.624016787372538,0,0.0
30.511210528758028,73.42625692230568,72.81440274772729,426.0328494448239,1.3470167099813006,5.980531982506982,0,0.0
23.12093201149644,82.25528204901309,69.4295907087974,722.7231504089365,2.42603845302028,6.319451725620489,0,0.0
25.877647149678985,57.73135472215593,24.786555518565393,286.58564230414606,2.382917635627697,5.6498310255788775,1,3.7820166722151907
28.190319214469568,42.30165680708593,32.43623996110715,911.7860234892335,1.7347412141682144,6.573957676361678,1,2.6345640058339277
20.911647981326073,89.33877986927789,28.715666862489847,455.14624098653377,2.5001423141337034,6.334141326898333,1,3.192649970626523
30.607842916499557,53.184912772553346,69.84677196721512,803.7254973160872,2.0984172149209073,6.622691956867149,0,0.0
23.144885790825846,46.33105608453865,71.74679758731213,255.8168833425648,3.0138253847836776,6.036870703643398,0,0.0
29.26032161851681,58.487625398651396,51.67829058850195,693.6043419218792,2.3987156440662787,6.101644852386277,0,0.0
20.69081186188935,76.92785203167783,26.250684350480416,405.1584044000358,3.334196465867072,6.71135734848904,1,3.5623973474279373
29.698000206507956,54.695829844528284,28.13699711258097,31.43942297454705,2.2949574209624455,5.900514184793412,1,3.2794504331128542
20.17919723777785,68.73516019597439,68.81292874629605,413.00825375906345,3.2187382578930905,6.072125391801633,0,0.0
25.231060436589722,60.777999721857114,75.75140819175982,550.0216417554204,2.3013128450352554,5.520239501790315,0,0.0
22.202503253560906,45.88819961383092,31.968541106639403,151.7616139131752,2.3950870091008327,6.332981159580027,1,2.7047188340040895
30.722379240279103,56.51435062460551,20.668254588330385,183.91310519261506,1.917019988638967,6.777195700249028,1,4.399761811750442
22.45459507661687,76.24352528570333,39.85717430904667,464.86279832315694,2.0004228086514058,5.54183693034761,0,0.0
32.989194208721734,70.60019486657228,21.829963378872883,342.7297124334067,3.3327537182290308,6.420684554612664,1,4.225505493169067
33.16094359391242,45.98891899417805,69.67849496468227,440.74053800336264,1.5582060049513438,6.768172799187903,0,0.0
21.33950235878736,48.166120485715425,49.4907354335751,460.8269893227228,1.3036443041820625,6.240897827015884,0,0.0
28.435381065131313,72.03666796537227,58.51164672578119,140.0760437027556,3.0755272795098523,5.969532461610252,0,0.0
19.491199909239395,80.67077071604345,44.68909256819253,181.19457527011474,2.4422769993621993,6.994875719858297,0,0.0
24.656130693227695,57.47372479790846,40.73045282074891,848.1653934794942,1.7116182861536817,5.597246838395059,0,0.0
30.12646940152163,69.7655375921725,33.33202478456509,162.71868931048405,2.0810005507242324,5.815635219693307,1,2.500196282315236
29.210195196448577,48.532179437605265,66.23195282228875,665.9143330082609,2.312263066943167,6.827866921908266,0,0.0
28.619911379912335,55.56881684526619,61.73285506493176,418.5280467677921,2.4803506420910866,5.9459603057204555,0,0.0
22.80319468226154,41.01351028365263,41.64373906976517,968.2366859696408,3.0526275573461836,6.729769991821862,0,0.0
24.426424140384835,78.41379738997614,39.266968057950976,66.10436188823753,1.9858808186400387,5.99980194094,0,0.0
19.750084459904865,60.050490988648335,20.07457271892074,830.3888660307618,2.691257783066079,6.717971433213886,1,4.488814092161888
30.223387947371215,80.8062786826977,23.813127802728346,491.4492311026215,3.0869174344103514,6.528593146883438,1,3.928030829590748
26.56610954545165,75.41864980113631,57.39533149355809,5.352370864188605,3.1094336398950726,6.202783655087176,0,0.0
30.049015749876126,81.43721328642386,50.8764386141277,263.6602189395537,1.6356130125910606,6.284417990719052,0,0.0
22.232039921546836,54.28293347914414,46.088192269101356,407.69685254926947,1.8754326106253076,5.766489322407103,0,0.0
23.515449886796127,49.25543652139226,69.65013444809951,314.1947534489251,2.487265085655536,5.67382592292278,0,0.0
23.68166073342195,88.59528413258353,50.2338922641708,362.4494640139333,3.2144309781173654,6.5754141854895884,0,0.0
18.437620965702674,75.86638935204348,43.0696148844392,916.6719091371799,2.976115216729739,6.772859771824599,0,0.0
23.7978138381206,81.70211339633352,29.6753808514991,360.9340323923277,2.4599072535405537,6.582956207305522,1,3.048692872275135
31.65617774980657,40.65666868549668,69.24128049287715,418.8293794027328,3.45933407655961,6.869297058840577,0,0.0
33.25407442774556,57.72308101479433,54.574895007271266,761.1315535781127,2.0974680735586038,6.835117621292172,0,0.0
26.809711365810767,77.14083452886658,25.54759795536544,793.8335657483751,3.1061264279656173,6.66728091788025,1,3.667860306695184
25.743528818726745,43.899141649499164,58.93390387982455,84.08965178669459,3.046050949932366,6.847190380116576,0,0.0
18.524018517889296,68.36699647844678,45.504244729304595,704.0700345670042,3.270095779175705,5.7508354057109425,0,0.0
32.946473738951504,61.45363837275016,68.68317341527975,482.57195367677576,3.4691958875630307,6.597041601056115,0,0.0
18.221173628239836,40.880825357055365,75.13487581975977,133.8538932376554,2.2392417439495724,6.630514905220326,0,0.0
34.0607513635736,51.79877885597257,56.02794879057476,264.7105639468843,1.4890741217584818,5.730964862700264,0,0.0
26.316676227697542,54.239599453335714,63.89676915880199,45.03549730651868,2.152238392070378,6.864374907951712,0,0.0
23.812886390770352,45.592997317316126,23.39545085612994,360.2371888118352,3.13471219246358,5.513177852178206,1,3.9906823715805086
33.71171339232522,71.57684548713303,53.61532730006944,255.40644033402415,3.0902665856385787,6.151907494417713,0,0.0
18.414646882871644,52.119893812594455,65.32039870132844,382.10339738001767,1.8399247689670242,5.532218574459395,0,0.0
27.88422321277448,53.88097498096942,49.805728968686225,580.3405475307568,1.1182670173966844,6.285036768717899,0,0.0
27.33185291648874,84.91192991000737,55.61300537026023,732.3395520366199,2.274605244565609,6.1182342306270465,0,0.0
21.728446820593497,63.356154634656974,73.93689113486266,605.3519865595297,2.18525232269703,6.434592905673307,0,0.0
25.29108633295358,59.60640734846362,31.885974321871966,678.3773022599457,1.2144099444428291,6.649666177101732,1,2.7171038517192048
29.088488101044092,76.19355191573587,25.894790453114712,865.6391206187933,2.9872248893089868,6.652862843618028,1,3.615781432032793
30.36123034699277,85.48068984414562,61.438616788370055,873.8244434615109,1.7089756848463777,6.583332400512144,0,0.0
18.012186598011855,41.25181681187219,69.37093433134665,860.719348359174,2.614380230435285,5.652816162666102,0,0.0
33.92650831154726,62.41194232776982,71.02941131495382,153.1689154795266,1.253719656637499,6.126157789216732,0,0.0
20.79693133067781,70.53906780389737,58.498669825473215,251.06913359364535,3.1517579322740072,6.723925747097841,0,0.0
21.970867381780106,55.92815490629948,69.9928050902482,502.3253049275721,2.848186257887908,6.481450272225991,0,0.0
22.47904857679542,78.62038610616209,62.03985234339741,358.739294016027,1.9710567724466643,6.5215418573915915,0,0.0
18.6429423213846,88.57385351351368,25.242614954407443,131.66896827996322,2.5737223733080867,5.840389048014368,1,3.7136077568388832
20.091886101035524,87.17136831251416,65.72261047309928,287.7502346056514,1.468634731713937,5.9875897914112395,0,0.0
34.76794869005076,53.29912696899709,30.76158137301978,975.4287616656391,3.463556227397363,6.933716816321391,1,2.8857627940470327
23.358684535413865,51.3169139218743,34.19656055545836,346.9267554965362,2.9902701052342966,6.77038788588747,1,2.3705159166812457
19.96011853576384,87.87452655106105,43.67903761991989,418.91406829596144,2.9723500076725675,5.747382605066985,0,0.0
19.818851439968597,62.93142437157329,38.874023979580215,6.401421857296974,1.3834505439446902,6.317039606478523,0,0.0
30.23081945038952,50.41488615423459,39.299104298174726,719.4148797901987,1.0443338122346555,6.235760900992139,1,1.6051343552737911
32.527667288554895,75.34984818152091,30.155571452242746,413.55006554537977,2.4634284194240834,6.165489788815025,1,2.976664282163588
22.368189091643988,54.22101619518958,37.63226282657266,103.1400628951611,1.3603015295995273,6.205920357060979,0,0.0
18.355461709698993,53.36234875355262,21.179755398552906,968.556738304672,2.9510836412221124,6.464332764808773,1,4.323036690217064
21.79253031357105,83.96245215388925,48.374656801299565,777.4332125850868,2.0401903504456156,6.950724125315484,0,0.0
18.960766743544873,48.12395766884517,66.11545752618841,726.1500894327269,1.8464856224685793,6.812988008891201,0,0.0
19.757713922710707,43.21964732331182,71.73484215349038,957.8723348416695,1.1841231561542764,6.812689605405432,0,0.0
25.33563803740992,53.459322008584365,69.2257135375663,407.4800845171378,3.490162699861554,6.555065099605166,0,0.0
21.908612304647754,70.34727064191019,44.98746313970679,718.5335402924484,3.3900269509671994,5.526381451378673,0,0.0
26.771079934932196,46.15439267016353,63.82558886983137,206.20789738545108,1.3289922695171277,6.1606907994081075,0,0.0
22.30939380537224,63.579733613839686,37.27344644571275,697.12054745212,1.8320290104537296,6.266689352761697,0,0.0
33.98913411875011,71.36685552126599,23.333748363057076,14.079092187602837,1.9769688450615166,6.763736957538496,1,3.9999377455414384
33.4010474547465,82.4368496296587,60.558291523475994,126.30538044061413,1.7420026952889884,6.884263091718583,0,0.0
27.635703785177924,51.49347956011272,58.92776988418436,425.2589186028485,3.3361713991371116,6.177318827183628,0,0.0
24.025207863785564,80.86731616913947,68.09776372777253,12.092694806008165,2.803354572555212,5.950689450133236,0,0.0
24.479496994590505,51.745313056561926,56.966372402172794,461.9658554504192,3.3897910139851626,6.00603205374528,0,0.0
25.001488813456447,73.83832706198203,29.413497498434985,522.791749065004,3.1862635063102447,6.3679933837414024,1,3.0879753752347523
30.368848476294048,61.53367857412276,71.18974352301188,621.606597587082,2.8863537986729324,5.912457935244604,0,0.0
25.677862923820243,45.73406211893351,57.635167281122044,100.38667699361636,2.7424177676996955,6.866108088521113,0,0.0
32.56440909060026,75.71317314109243,68.45658194210024,181.01191312721232,3.1654062274487034,6.127977971355855,0,0.0
34.0496113608162,50.88813092745089,66.44642722256245,613.2833707171951,2.710374741978638,6.985096252699124,0,0.0
23.711084607441876,48.831171301229574,37.87186923350531,658.1877124626393,1.4717994974528774,5.664272871009458,0,0.0
27.531806183386564,57.91614642946916,24.473178491123143,25.900228210276268,2.620316291070245,5.781818851409403,1,3.8290232263315285
19.615961126153596,72.66451223797418,30.590264545375092,540.3673621150382,2.287504099871433,6.267386028474229,1,2.911460318193736
21.407973812028104,51.69982393953139,25.571740058795044,784.9817319988326,3.4547366927383165,6.802458059867179,1,3.6642389911807434
25.02891803407272,49.183076939094285,34.604745924808185,69.10087778539409,2.274913867664674,6.030929664885617,1,2.309288111278772
21.50544617033024,40.497681285668214,47.57193638155958,413.17286524651973,1.0961374578776093,6.756201811389797,0,0.0
32.9015283434082,63.58215485508618,74.40863629887697,326.51127303010185,1.6604737769141087,6.138178879717222,0,0.0
20.690866353004665,61.43227846575914,72.32112535523808,913.6656253520167,3.293454401136914,6.779488052548179,0,0.0
25.746233966402563,51.693387181868815,63.11598890574368,185.80239320645532,3.4058908261165906,5.916147145562835,0,0.0
28.296887087817886,42.68260820048454,21.44674157286956,318.36041314448016,2.8212464416019283,6.207837621474228,1,4.282988764069566
29.761686438734355,61.46279372979184,40.483352079233214,898.444744991303,1.142159746967426,5.918096974051586,1,1.4274971881150178
24.512179285350616,79.41025555358156,60.940905589071185,330.6533060599728,1.0588534693656646,5.822835288262112,0,0.0
32.774684168320384,75.76410656635885,27.7417338103441,531.3474405855943,2.1989875069977503,6.13171858044643,1,3.3387399284483847
27.661425568324734,83.03974449300851,68.06527100095451,33.03533723087937,3.4991807664022128,6.002060128335234,0,0.0
25.47163226760838,40.47913438565778,74.87442079925562,984.9024361750362,3.173241843748513,6.680720434506874,0,0.0
19.143090778884623,88.32096584022992,41.24626679826953,824.9467078711895,3.332769052204995,6.62145783548966,0,0.0
25.899720963567805,57.07061263137241,62.350583711830005,634.4009447466763,2.5588537624822987,6.037830104754517,0,0.0
31.952509293867415,89.51988980459824,28.892247960122802,60.7552730899803,3.1478118206287533,6.988410941783121,1,3.1661628059815796
28.447197309762362,52.63097303008873,61.448986946781616,74.86996137278068,1.7992459359929813,6.9607567223206015,0,0.0
32.14676171339501,63.57681937891224,21.287324737222598,544.9736307906898,1.0684100086275785,6.876750216516705,1,4.3069012894166105
26.398198400188196,57.69638382876518,29.04629040866606,285.06443620343424,3.2956265705565673,6.379761989497818,1,3.143056438700091
20.01384898660619,57.788035749715135,62.592886796520204,622.7894475031733,1.546076561622331,6.118466112759131,0,0.0
18.23187737920998,82.11410493741079,62.71101337257837,598.1924818477725,2.8212158873530746,5.969534423263604,0,0.0
23.15473229421605,77.32094698686694,58.469762350710624,838.6513982792978,2.6474182871928846,5.5225481034020625,0,0.0
29.865838015462472,89.60757176150241,48.641841463052195,281.37706071264233,1.395408871049143,6.44771009773878,1,0.20372378054217072
31.434418367008796,70.67573413587563,60.494485470316704,577.8635244909925,1.4894474913278661,6.329742864862792,0,0.0
23.0277981885456,63.16283021972514,66.4280478973273,777.363318838761,1.8226812035744895,6.444807273346141,0,0.0
26.4261166550152,44.503693147344556,77.98889954220462,490.77298632232623,2.8923266323714616,6.363932368653843,0,0.0
25.15902137537939,89.82807097569284,73.3184618929163,830.6436649389444,1.0981106117414168,5.706573912220332,0,0.0
24.978887333974274,67.57653264661414,67.67205215396748,131.27620157377297,2.0176718507214195,6.543069085127342,0,0.0
21.932928124402558,75.02387348450709,61.68545100286237,733.8977651471433,2.662783015721416,6.040653662080458,0,0.0
20.318308785500793,60.33711935956557,54.449332725942035,942.9820915209784,1.4286773648465827,6.27444224972516,0,0.0
21.343705489930624,67.3857854089618,27.236529401114975,331.8833209935661,1.2985431814440964,6.048480660604138,1,3.4145205898327537
18.940650581776882,87.12888659464436,29.933410525903575,366.3364424119649,1.9755306026555333,5.532999805334395,1,3.0099884211144636
21.36822261100081,48.32097189658013,69.21677364025396,83.54967719085471,1.716398044654255,6.814830731971441,0,0.0
18.15641525963145,54.61862921651273,68.19877473243324,641.4927795747118,2.6227391605877473,5.723100164941415,0,0.0
28.66339281081163,47.60298638890162,56.86753555840178,552.4507256348702,3.4239213413031995,6.373259594157782,0,0.0
23.37838192559061,79.61079519023873,46.330407962969204,40.345758732367784,1.0111723398228754,6.824696520419696,0,0.0
34.54346009425745,43.10226302109148,21.56195898941634,752.2120269713117,3.2559497811513975,5.831993874435445,1,4.2657061515875485
21.293189863197064,44.081582492566916,39.630616551712635,829.284495745025,2.083057590976231,6.11802209894331,0,0.0
23.879085695263097,54.92470563936843,45.238379453919066,907.1196041407541,2.660019323169137,6.066597972852374,0,0.0
24.083299696906064,65.70940904605057,49.14897717040523,545.7340861706422,3.127567582112018,5.633830720644715,0,0.0
18.14367543306183,60.31374002797933,75.75947591367256,452.58003490175736,2.4336466528053107,6.135275906195412,0,0.0
32.266535201670806,42.24081553354036,26.52256398800857,876.1371545320774,1.2432795679783448,6.219217729198716,1,3.5216154017987145
18.54390582245352,87.87457789354758,51.13201518678622,398.696819068139,1.3514879392705015,5.53989599813095,0,0.0
33.983057190397105,87.64347601790419,42.07533781749679,655.4431252345618,2.973200105798803,6.232215636098505,1,1.1886993273754818
33.16526396859155,53.96781616203799,79.40588715296309,615.3622564009263,1.5727455786105824,5.640745191312997,0,0.0
27.10387257346138,76.57628076342908,71.71184097697432,372.16109981851184,2.4225940403310844,6.838693989034548,0,0.0
27.241124773491965,68.92877056916119,46.327151254335256,86.88993756604813,2.0702012811969484,6.475236622022303,0,0.0
29.11422469025466,51.873834750281205,79.98173656128563,21.415538670685685,1.7590974570228204,5.5846403988786975,0,0.0
24.579850202893077,53.108577587080774,50.843794788289784,428.2377405353872,2.9674189103059687,6.740564527108766,0,0.0
29.00277881776354,64.55765871552252,30.027067795484044,481.2015748233568,2.8280416305620473,6.0423991740980725,1,2.9959398306773934
18.761062607704275,60.961847074868004,53.352481509602875,822.678268189892,2.615272211179149,5.83842570881289,0,0.0
18.91880966494535,54.56146641156321,33.572345948218796,414.41164991147116,1.931678421058063,5.880881824185724,1,2.4641481077671803
25.772917133532253,80.37557981525745,58.17877040457512,281.1598747334693,1.5661758100532115,6.396577881047512,0,0.0
27.343579118802595,64.07314588186924,76.24641049303554,462.09646807515327,2.2897373774953493,5.622329401977478,0,0.0
33.092899885708924,72.74240311945638,67.1719146101017,237.99048042402114,3.0427602508219254,5.588117704386743,0,0.0
19.779230776434236,49.46367500839377,36.38982142514331,91.36061111495653,2.439162425960485,6.441269569863174,0,0.0
31.985014762296117,66.67538312582434,37.81151749796042,113.04303368610724,3.4253491079874885,6.9728642041047895,1,1.8282723753059364
21.570804733965183,55.89880247233108,24.157292185418722,319.15445989692756,1.0385937201559932,6.225142621434316,1,3.8764061721871914
24.69942202467054,66.32068051974392,37.152070138776644,12.676417558490694,3.495866953471557,6.119924990535532,0,0.0
23.38224139206602,79.0412916705464,25.557487980669034,220.20328668123813,2.728522615896723,6.920796554118908,1,3.6663768028996446
24.80263963871178,78.44566050456308,49.96692315953857,787.5231409323538,3.081685042977496,5.86148587163436,0,0.0
20.558423467233954,57.7110339017138,62.50082476989546,234.61719243031087,1.8373809194186381,5.860811549702378,0,0.0
26.560691264860434,74.71385585398195,65.07086968994952,110.7295110395159,2.2708533202163887,6.857674169590998,0,0.0
31.627924027133243,87.06449751971385,23.571753934890744,949.0805599945392,2.9924731197108287,6.470396769398444,1,3.964236909766388
25.50607817644125,71.28346649624532,40.397353894292124,622.4701163516194,2.9016236809174663,5.580675682581478,0,0.0
26.340430790269384,47.420506169131855,37.29030599284602,60.02594943566586,1.8350860721981899,6.510966111880667,0,0.0
32.42904894978234,73.98543146395475,26.258019379240075,62.24396649490282,1.8110255875595074,6.730047311884761,1,3.5612970931139887
30.002987948846524,45.24521931746557,41.748278655920345,612.1221256991697,2.657028007280328,5.910929976612945,1,1.2377582016119482
26.33772494483634,83.60552043965136,37.95920654835417,540.1288020649116,3.3341479536799863,6.074339311422275,0,0.0
22.380826019216055,65.83302479009701,58.069953760356604,68.37477239298484,2.0969649766853253,5.796514926837812,0,0.0
33.04375469636443,59.25703681557898,72.99815982402278,224.31547497333537,1.88235449827304,6.450019404222766,0,0.0
27.809346828739493,42.85032973248462,47.29050325239295,929.0429144855883,3.2367175905904544,6.496292303791204,0,0.0
21.759509371881787,59.03918672960548,64.79991036600912,572.0108104810173,2.707640153641452,5.602803747126958,0,0.0
22.575035794846176,85.16033339578948,28.760622026640455,440.32539814783024,1.9706899492652061,6.516556976378649,1,3.1859066960039315
31.653262511916182,41.04914981431516,73.69798271863188,250.15541192036605,1.1431905771194864,6.48768187622729,0,0.0
18.750474555486743,63.73240788909025,29.155684292905537,133.698042301871,2.803723180119462,5.552701687634529,1,3.1266473560641694
34.86556717948994,86.55790455553111,31.52607083596336,402.6316841106811,1.8822162267259501,6.333055114202308,1,2.771089374605496
20.21597855515146,59.742049988251054,26.38782821526059,922.3665593313006,1.1764154944308993,6.420907650378498,1,3.5418257677109115
31.533164931747933,61.40878437310752,38.58077009123219,48.71139567754168,2.5307227181159417,6.1452334857727555,1,1.7128844863151715
24.71118038511861,68.928002759956,53.14462680293156,990.9788159428666,1.8075171762346094,6.851975763393194,0,0.0
26.367675115886936,63.14686667885917,79.2796466843796,207.8127202020078,1.8461412707763236,5.992553979095682,0,0.0
32.97105981689782,48.43008456187762,67.60208207945263,408.7673603990093,2.197925326869732,5.600767558002769,0,0.0
25.019490223016625,40.92777695349302,42.82614817351892,45.051308165717565,2.7936869183211375,6.507779492455983,0,0.0
27.137393812444987,70.49058289893509,54.55076347421423,584.7822031080314,1.6908261940907354,6.407830378514979,0,0.0
18.838094260955888,86.0403293503906,57.39848185635246,483.5552654009916,1.2023647894472524,6.983587765874443,0,0.0
18.039907055746703,45.31820665135828,69.36363327484082,666.7070347347799,2.0610643035987657,5.846962421464393,0,0.0
22.16159784102934,50.54763596263767,64.18710712518802,542.6781272914726,1.1373135577909859,6.093241579620716,0,0.0
29.569912579619043,58.511474291248675,54.15746761826842,398.17778464706896,2.7431712747305412,6.191769695440975,0,0.0
20.061503187105323,80.43711145105598,60.150981622379405,737.7566978116707,3.3981086698064353,6.792261830779768,0,0.0
19.93395329967734,53.46301582354888,64.75505665777398,25.021127786957752,2.6468970191203294,6.121851987593653,0,0.0
24.986330336610358,84.10272021393843,27.98864354800426,541.0290208745952,1.688476124377134,6.658222486787452,1,3.3017034677993613
29.013229656339853,42.74789373250332,32.0273276783228,113.87620382900931,1.4542559688440087,5.735414089781885,1,2.69590084825158
30.105223868214818,87.04783106294674,61.315057334451005,436.0083330858333,1.5819589282502247,6.114676590617828,0,0.0
21.03366145967237,68.03735389368825,71.02553371925792,791.1253168580165,1.5540250079203037,5.73246617247395,0,0.0
19.35299850532472,72.93888392438522,44.55573696198607,142.46074626040019,1.7845762651112893,6.924518297411529,0,0.0
33.98674957707425,58.38447612681766,78.79341934827235,935.8103487724852,1.2433666953203621,5.766635956537681,0,0.0
22.43132850355573,79.09971427555303,32.964303960402376,888.5046923914045,3.239297644116088,6.128609100325654,1,2.5553544059396436
32.506890459348305,48.32831250422031,45.00195692260633,414.90507086669845,3.2128012383237694,5.623391084439977,1,0.7497064616090501
32.67935465786791,42.44559126392435,42.71138260779519,5.97484072593657,2.5380906339204876,6.882075282997123,1,1.093292608830722
31.132884059963256,59.77584715537786,75.81775644358575,789.7448266744859,1.1548009171825628,6.435728151153701,0,0.0
20.870171313093692,82.68478569905197,37.12271105435237,880.8958034122829,3.0100018518044154,6.943684393871571,0,0.0
31.970624807321407,77.74634183188473,48.24744668253294,174.73809235543257,1.1544714593456133,5.5634074528326645,1,0.2628829976200592
31.077259507106973,65.8577985244479,31.23403037691977,916.192208816557,1.2660530594078294,5.76246776343129,1,2.8148954434620346
28.14429083180569,68.60688735826767,51.27597431374663,914.097277294696,1.8132409816106754,6.0700732399695445,0,0.0
23.732434597872196,46.49464131493777,71.44425016781547,471.29085103419044,2.0786757941639005,6.432039852393466,0,0.0
22.46264627253125,82.03407543087911,38.24236771343385,798.0348107978419,1.8847223917882978,5.994276509608027,0,0.0
20.0721166053661,79.34798414820985,68.6475243297697,444.9479782719884,1.4130744524459098,6.567811030597586,0,0.0
26.665870137314812,72.82351969434714,74.67869493053756,564.0462659186178,1.2803242942044353,5.747694320322499,0,0.0
27.94943488366739,63.30955181644693,24.377473382873816,319.8390098097633,3.1485380667610414,6.400954837867314,1,3.8433789925689275
24.10876283876838,88.22296341397562,65.38547217915506,159.46934532082446,1.9079530648798202,6.09694926656191,0,0.0
26.081104150574767,83.95159859382355,35.320606169029446,746.5365838140319,1.5464984452787713,6.26236146804778,0,0.0
24.17974577527753,72.22152467573093,30.519659752197747,1.392844519135683,2.217478391558439,6.354449591606326,1,2.922051037170338
28.897102974451922,58.590049885864396,56.06734352150216,579.5526896487814,1.0920585013448794,5.58984382039061,0,0.0
33.32140653254157,70.90111393407562,62.336156973721984,864.6860263784637,2.5007029558306257,6.886036391915297,0,0.0
20.786644454798065,68.77204632653327,43.685659144112826,221.27728677645052,1.6212239671239952,6.6791377527268905,0,0.0
24.4839497683531,59.712099391745824,22.350422424931434,332.89945679800235,2.4954910353283113,6.1636836831095865,1,4.147436636260284
20.39476626716464,55.333698584403805,74.5222714518076,587.4858528644628,2.5353129111146724,6.3212042476411305,0,0.0
28.624044096933144,60.35053961186612,63.8448150108497,246.87024653114008,3.0230604783966153,5.548803404540927,0,0.0
30.39079866130613,68.69557030166989,36.300008400980886,847.486857330783,1.5747618890236847,6.246921000262051,1,2.054998739852867
33.84251645415675,61.40674223555472,49.81183134468439,366.603167112555,2.1586615965482006,6.1394739119131145,1,0.02822529829734108
22.740822746436404,53.178724410069194,21.66756739802468,581.6137198198862,3.404718345479469,6.061727900378574,1,4.249864890296298
34.15359049971231,78.04816588804044,40.35696690835651,226.12114759920877,2.81781211021155,6.723028200456467,1,1.4464549637465232
19.07546542095147,66.57337479787064,51.3521141351071,41.386336990985704,3.438359520043896,5.7728865617845475,0,0.0
28.251235677197997,43.38375816128,51.033416906975006,173.7002660136606,3.3184142826927596,5.764465374301013,0,0.0
18.97125622883661,58.415825281306276,32.491092680512466,46.19893760880323,2.52687149201608,6.282516739146685,1,2.62633609792313
33.194161191953064,84.24567286059968,66.60484197103344,468.60389961321926,1.6598258897053586,6.530715743274904,0,0.0
27.00675397019092,77.76182655999759,37.931729511598604,586.6373909180495,2.8923103916560415,5.533660794262997,0,0.0
29.37892196296753,56.16233919720035,54.82460139067836,44.67520768545275,2.745298114530732,6.318760735367453,0,0.0
32.13675674047769,86.90915760222546,36.291333532278486,90.48222153793284,2.4722253008934945,5.948048693093093,1,2.056299970158227
20.555280582227468,43.83014541791051,45.51007237920621,485.52502681035094,2.7445730712282526,6.635322277031504,0,0.0
18.656056552948275,88.06173519460944,32.450877515013815,799.1799322009762,2.5339660363631276,6.203307860464915,1,2.6323683727479277
32.940979480518486,52.28525462423379,57.9804675519223,628.0091789157193,2.298447557682116,6.7511128975865615,0,0.0
23.353864866801853,40.45470901512096,45.535061608481044,104.71022010386943,2.0398887042083578,6.095463963280444,0,0.0
20.19264143476181,61.69040182591634,20.967038269265856,887.5422738414948,1.1117709364436013,6.740634323161448,1,4.3549442596101215
25.96384103048047,57.94852148435044,21.689899641005965,917.4502347897468,3.1642197977579527,6.574760626321265,1,4.246515053849105
28.17120328683232,66.95445026033968,48.26805910828533,324.9568278494609,3.1638514564993643,6.742386080185785,1,0.25979113375720075
18.526500258182672,79.83864302849227,30.99355201432126,616.0177918813622,2.4851182999223056,6.718630694824999,1,2.8509671978518107
22.673226190370492,82.12154010752235,55.10252288868454,492.32715018471185,1.6697107628953853,6.229546627724984,0,0.0
18.557597862707233,60.061499980584586,44.49150690632128,942.0237686298221,1.0703276100972312,6.052137112178203,0,0.0
25.145701616323482,61.49228718531751,59.26519013238336,508.7485329487358,1.0035720104174355,6.647717261320124,0,0.0
33.21670049412615,47.408886516473686,77.1437104438371,959.9658137120642,1.1822684743063472,6.042286115174409,0,0.0
34.70509099539068,42.377380444058176,51.72416808771521,199.3425505302061,1.8997158158779126,5.634094855579088,0,0.0
28.829808409561668,72.06074951175123,67.24271621540598,345.5367576956799,1.4709898649926945,6.78826697111032,0,0.0
20.74784079433806,43.221881277634616,65.18245977895623,781.3452400961373,1.6626452140938088,6.095797355291935,0,0.0
33.399439629988194,76.69150597107279,75.30746625943192,783.6107355933678,2.74915094326233,5.698905926144603,0,0.0
26.77621299440103,66.95450725111237,32.84107203428037,732.1832739567051,3.397874435897894,6.469715219034925,1,2.573839194857944
20.613738305749607,49.92914891130417,69.63961824709645,859.6114646653041,1.5169396075500812,6.834659871746959,0,0.0
33.669353380678245,66.97614717563248,74.33122271028121,702.5461729438122,2.1641098353412236,6.791448281504241,0,0.0
30.87697386229275,49.14988583010494,43.565778856854664,636.0851444722339,3.4786985037485256,6.331670231088507,1,0.9651331714718004
30.438989636293577,61.936860375520595,38.82897167593809,458.9250130775121,3.329185995585447,5.632106675525943,1,1.675654248609286
30.05607196450488,79.97801581211144,77.12215458069727,467.0877433293269,1.880790757573078,6.544904622788064,0,0.0
21.40577695863952,63.09596467053187,57.65796932833208,406.16149320424165,1.799222616995208,6.413243050230372,0,0.0
21.587113759027943,47.43496591487741,42.8405891144881,620.2117997038204,1.60542660084312,5.8152225084088505,0,0.0
29.700980973263334,76.19143409114726,67.5096632558978,406.66392923299355,1.3885071245727223,6.850810384482331,0,0.0
21.735286751876746,49.33842081350044,38.268434096942904,147.49431408659697,2.150130197821946,5.630001605853602,0,0.0
25.45741884565183,76.92749371850547,30.584455164191723,106.52961620864676,1.8528012835168688,6.059557387832157,1,2.9123317253712413
31.294031035097003,63.967614460791665,52.638178147862334,924.4722752437779,2.8620939846759876,5.641799579689985,0,0.0
31.327192807663295,62.68708795471508,53.972722694636204,24.738907537883104,1.5921662595762778,6.8679172849425285,0,0.0
25.705450132939614,82.57175189287373,69.54478893604028,105.46726180565247,2.8408305975501227,5.553076193664208,0,0.0
31.467228950679164,75.43017621703343,47.421641301225804,445.30487464558666,1.720366464954936,6.13864716523594,1,0.3867538048161293
32.25657053536696,41.64553984774696,68.87519237032049,262.9262669043798,2.481821961618898,6.792668030010592,0,0.0
29.131187771832423,54.80871573008012,38.67936076090031,405.84890040214594,2.5960752409868277,5.877073508653337,1,1.6980958858649535
21.88323948924314,83.54603304249494,54.52209213066752,117.44738159388335,2.6794535637508323,5.657518405842692,0,0.0
22.65820026655431,40.916308427259935,32.50836673404295,130.90693684737397,1.4383474650931543,5.690506497372556,1,2.623744989893557
23.352299641948502,67.26267231309852,43.126757054995785,800.6579087251154,1.7067784243042357,6.107402641315224,0,0.0
19.985669831477185,76.39128345869719,71.45238186997106,759.1087441003039,1.615289213513083,6.14287278893967,0,0.0
22.643713546289067,71.0928042742288,32.9592916061453,104.25286572461434,2.4404010275387007,6.577115406039395,1,2.556106259078205
21.561826813313047,78.02661010522182,68.61436777395606,667.79041489902,1.1893660056784172,5.856892996097257,0,0.0
25.740588746746237,76.28459244573729,36.972299470844376,609.3113233554833,2.295641124902125,6.552759519391716,0,0.0
33.4434383138285,74.60153475765566,22.069383180767222,713.3627226802297,1.2186676391076046,6.998463968578855,1,4.189592522884917
19.776165384817286,81.07699304628261,26.596074203410776,474.4489045624741,1.8426399748327844,6.796376309396932,1,3.5105888694883833
