temperature,humidity,soil_moisture,light,ec,ph,deficiency_class,label
21.26302167309039,57.64688401967458,37.25682812901967,801.8380456904532,3.286054709880507,6.460185068005301,0,0
22.800224046292197,47.57711933436642,16.513107609263493,682.9691370648674,2.6433532230029058,6.025948857044256,1,1
28.031302396561145,46.92494326515546,28.42998376949781,404.9907490062084,3.5093547654260497,6.748421218528615,1,1
25.942930119773116,66.83532618209867,18.448571015099887,815.1058487048778,3.2520593466727914,6.722320768889795,2,2
22.72813238406273,57.90572658000856,37.64865244240539,495.8506657268427,1.5777534585211135,6.97774739750876,0,0
23.976411602813247,62.1081947051273,39.34483741332704,398.0522048094029,3.871662431803209,5.740721549791616,3,3
18.713744570457468,47.49653864017524,14.733092155165792,929.6105408420386,2.935744642147834,6.830884394480937,1,1
22.6000197932257,56.63488115516914,31.939621273808317,867.6977976231797,1.6010989077778213,5.560558814949524,3,3
22.558268243690037,45.16282319596887,37.83519589076404,790.4106108237867,0.2319224162724848,7.304417023673954,2,2
27.42079929866093,40.48792219306608,13.710066690658044,633.4426594809822,0.1349652983421108,6.342735665120742,3,3
22.653938179876253,56.73596973486909,35.75826081558301,444.00433234797686,3.745723284359943,7.421251531716797,1,1
29.81091999903797,41.655952901293006,23.07181567785675,955.5091382761476,1.9487053573090576,5.78326262127955,3,3
25.149520159034005,55.252011529165785,30.45717954705431,795.0790772301619,2.8740783025299974,7.082028496584605,3,3
25.621674934593862,63.3070529490873,12.898339588780214,360.06512849826674,2.574562685705826,6.439136933225353,1,1
26.437463004603146,62.78879212145965,15.75964039376285,720.5709299537816,0.4710407352603076,7.131364779720247,1,1
26.312731060691604,43.55921982581872,39.58417972250021,810.4689024640044,0.6069548645153588,5.620880323564368,3,3
23.76041968850245,48.86332709725632,22.524163355064417,271.050815730232,1.7852052072144677,6.334763298641599,0,0
29.551327975501405,47.6092181754488,26.06722093759469,430.0082817892245,3.949541969466648,6.795018345874338,0,0
18.83906270551193,60.289855299765335,34.362909957379216,858.4831807297046,0.7038555442479132,6.424960167164548,1,1
29.60668838126657,63.83220953279585,22.01587865514154,392.3098670191527,2.532260214538301,6.47412594164998,1,1
25.005929365368026,60.49345061714273,25.431723759259462,782.2047553976336,1.6917651884077305,5.7880531830338455,1,1
29.061902959084456,50.25464142397048,32.916797189941136,407.8464376712409,0.568075553336976,5.596808436765427,1,1
24.487180100279165,54.19791252431522,31.775297470317277,315.5842327577429,2.224422907285797,6.482370434570717,3,3
28.091522114169173,49.79962260061997,15.381924331801937,960.1724470023572,2.2668044083692687,7.124927889334861,3,3
23.6645357540458,63.85716339789072,36.63270517840854,639.0212204918589,0.1965480166560044,6.757488076188704,3,3
22.53314744608535,60.51746762101494,34.58495209881558,953.5980962424328,1.3550237845192021,5.928590270804435,3,3
28.35525213690068,58.78689044880876,24.272273124992477,983.2705596321504,3.0639072061031785,6.617171621734209,3,3
26.73736529545814,69.3215433455417,34.637479930249114,675.850366860471,2.6746200702047367,6.477156305328164,3,3
21.64391699850596,44.63954592526696,25.56142941338361,876.6598451711551,2.873874292784965,7.356387699797879,0,0
27.919926147723004,45.71553695730758,13.954959092072505,350.04293973302634,0.24566799274629,7.238331714158997,1,1
22.36241695632983,64.38755197882037,31.974364187272197,569.1928711630135,1.3713756871210356,6.698407516268625,1,1
18.571027529953668,44.85585189817796,36.52879218980392,634.4387802400471,0.6957216683014512,5.612742947904879,3,3
25.38325185385868,67.56147988423399,22.834631420593773,932.3415349542586,0.1602371818521764,7.248271015204402,1,1
20.827521033200725,65.13944817179197,23.12992334423776,649.324486057995,1.441356646945124,6.115909165359356,1,1
22.556437207360847,61.881705055592505,33.17869149480116,267.528665395089,2.818340691598177,5.870640376042745,1,1
28.29087179085388,43.76651211891974,22.021785374089376,563.074243387708,0.8182072930877248,7.403226146906632,0,0
29.573300714376916,62.43184852450351,37.54884285459292,993.3683506020894,3.118043600414838,6.824773389047479,0,0
18.91604672231001,44.43625970964736,13.907011533548616,547.9559147060293,0.9769321832448012,7.337534323463509,1,1
29.89187783877444,68.5283557676888,28.700829402814605,782.0635374402226,2.427027279174951,6.193642409372636,2,2
25.71301042375405,43.30211207528323,11.158963336401248,419.1890311022123,0.7616495435010696,5.978796797252119,3,3
23.573556541587028,59.56626249157213,39.797176602190106,890.0009117891813,0.6891058696665842,6.484408338038515,1,1
20.907733459783543,69.65965138291486,16.58060180070305,448.7648690445277,2.457737541033602,7.235169182649369,1,1
21.13752986840653,42.797622999810486,31.90207586569718,243.9817178001726,3.9088511258619456,7.341428461684606,3,3
21.568323674276368,65.95136347874009,36.96423984459608,333.3277102127528,0.897677441450389,7.3318556249861055,1,1
24.28970893332943,50.56190134388186,39.446354042325694,319.4868231179959,1.186890510021962,6.961696147597811,3,3
26.480010311767867,62.17147943138248,30.896343232588205,386.4555612539168,0.8729132166209608,7.193811993242039,1,1
27.773634368081844,57.108657043381,33.13762387443259,605.2040494580285,1.4229026150102193,6.956845965241883,3,3
19.69769761591595,53.2702825064823,10.076349776888703,794.2500540667832,3.923215042862773,6.619615881905354,1,1
28.108533787137244,47.97210144844303,39.094176016080525,327.49001403413047,2.416723526436616,7.095556367696034,0,0
21.685705642899546,63.92402784038067,39.617686239607984,387.6229214469953,3.8777187676103866,7.343527747230741,3,3
20.338804905363844,57.14486529817373,38.804790843051705,951.0328298138984,1.251063397448803,7.364882362995514,2,2
25.02487254366777,50.68720834608232,37.44823043322047,259.8841760577235,2.131676862890616,5.526232598714064,3,3
22.599705147233166,66.91818413127737,37.969007801365706,809.9115843845469,1.8241309709062103,7.449511416141308,2,2
18.735050431161905,66.03441122020614,11.385427103347412,379.1886092420307,0.086482163995663,6.214135783251385,3,3
27.2900453371056,41.72725759862981,11.25699661145921,741.7343709101477,3.44111928546475,6.514510562837026,1,1
29.990886104906263,68.13763607774416,32.383672811092005,711.343799780007,0.9562548908506328,7.301299206511723,1,1
26.10031028426196,54.89752145559,15.631040935858085,483.94918653374725,0.3722938475810058,6.04585350613031,1,1
26.700656016920533,50.340842086274975,21.47420270119389,835.3220982490413,3.80831612993544,6.413025365027719,3,3
24.814788786171285,44.43553232791064,26.52221752294001,466.0603519742414,0.2533066049627646,6.329977650848103,0,0
22.155752283737613,67.69843167541686,34.29530127849523,250.72236122583567,2.278366341386486,7.101544998892641,3,3
22.80220928151113,42.96090858329773,36.65755797515368,872.3226132380848,0.278254216401931,7.497374386873277,3,3
21.140405452853724,51.375988116257005,18.979307445082604,719.0449433826534,1.9520945073359708,5.764544963188216,3,3
20.84172305533407,65.00192042939781,30.924767697834284,764.7870760282256,3.9266649464620382,7.396907672485521,1,1
24.093117510750737,55.37905634986226,30.32899378508077,897.8231273670391,1.009641311875359,6.626938570458286,0,0
19.85007998937201,40.9773191540589,20.284680316031302,449.47860623551776,2.5573700536356765,7.084476702341856,0,0
28.093896794447065,66.74359188201335,12.14018554533606,253.67179354899287,1.1584098896318316,6.450440804300227,1,1
21.203605268761205,68.03210260940055,37.62363972012233,895.6625732919646,2.455020890152012,6.806609085324858,2,2
20.204337768278634,57.74945774737421,36.03925026970883,872.482128951212,3.2570785389920793,5.832478990965426,0,0
23.07490238718296,53.311683828686526,33.17413091356664,852.8294317977419,0.953959590093143,5.5859842431362345,1,1
22.160177734581985,46.998234516714206,11.552982459382347,921.7123873855388,3.513523481998678,5.942638088208475,0,0
21.58461405492053,46.243710255310944,14.20253260765136,743.5245099553683,1.6896890886047093,6.388069639413176,1,1
23.78484024790752,55.82465214480951,39.80327969182172,659.2749353582228,0.8860355676385158,6.290347739594706,0,0
27.42749520003681,55.24960782027532,23.4970697131758,323.39185990843083,2.467770168887097,7.164702218791663,1,1
29.01241412397461,68.10215694904998,39.32560594142309,471.86427999292346,0.3196222205477034,5.727620677190008,1,1
25.88920848092615,56.17522885092035,28.25440941574312,762.7378851202285,1.0888169329870219,6.587476749167558,1,1
29.96776590899869,59.3085947184757,18.31051881459944,624.26705874267,2.535202479331418,5.540029544731995,1,1
26.16075916261717,63.79066412400184,28.696506077519395,690.8447398237024,1.2077856510347829,5.530083926247528,1,1
23.59062103746534,59.411730762785496,32.627833165206724,485.4158853128838,2.873502521050849,6.026823298045095,0,0
25.02371997803156,62.009790799684325,15.423906323809778,753.8430395852055,3.4183117975117323,6.038316746247616,2,2
28.19085690383874,69.16711751195584,34.35109142627985,257.71550227255125,2.4240840837990065,6.448558598504384,1,1
29.05103163759164,54.94960072917718,13.56330866153242,833.1512381357526,2.795708196899053,6.958054996605125,3,3
20.667180131487346,40.47599106922667,39.08853028899861,874.0339452040324,1.3144961618737931,5.780903328827937,3,3
25.34454976038309,66.86063387981528,20.954004774430057,459.1361733165016,0.7068603629778404,5.82082344231815,2,2
27.796877649119004,51.69589754276927,32.14454060292621,951.153297155162,1.3330071029385753,6.285107162095221,2,2
27.97304868412917,49.5005547594973,29.496863388319625,867.6988374179331,2.8422117425944085,6.643074508448418,2,2
18.163359066834488,52.45952414802421,31.4921740849426,260.356096760108,0.6750502796962796,7.148048153368673,0,0
21.209200660984877,61.087645286840015,19.001754473830644,919.1744391752924,3.6189065699429728,6.214440416857059,2,2
18.47767535733569,45.59476507280531,26.34042133993408,794.395690116235,0.9817325994481392,7.181256550600588,1,1
21.77660049520583,47.12544219742536,29.602187920924035,889.0720910750513,1.5109071891166277,6.25038334915924,1,1
28.88508597424912,40.84667030369534,14.437749384865866,737.0790728558932,1.9269524496208912,6.099907018656617,1,1
20.103428397815136,66.84882424292202,16.488790630584756,895.4617909009668,3.4402726421050263,6.63973573472845,3,3
22.29327102708481,44.705549002716246,39.47058459478206,753.4079753053084,0.8673686190077302,6.846866644578587,1,1
21.60092485290652,64.39419843188101,25.296461131960548,910.375882858486,3.285516246867715,6.284028412323448,1,1
29.979442733568312,66.47137103061321,26.82132782129875,258.10645407214565,3.9898513485797777,5.716377231053025,2,2
27.780700866822382,41.61572851441996,31.28526897443587,434.7703169094413,3.2730696336068714,6.775305965978475,1,1
24.490756405552503,41.55901336994734,20.936533720524647,497.7693929402623,1.3540538841210972,6.866454264757397,0,0
19.15554368265569,63.828418564950624,24.67808160197311,760.4320297389772,1.5245193792878338,6.604061995739523,1,1
28.212443162700204,54.606883887961175,29.720824889390578,338.53086423948247,0.8935609556605404,6.1023911175477945,3,3
28.0514985236794,59.05426107699255,36.90260256680483,442.46050034174925,0.0159867409198426,7.068133552898956,3,3
26.668854344933536,67.28486530447812,22.460057266149164,442.68131305292746,1.7119870358786424,6.483351792394017,1,1
29.006762787486046,40.64277843105975,30.168329707787198,311.06140759663765,1.4269280629672885,6.520078473194175,1,1
29.159451078867217,48.71404476773364,13.936174051571845,695.710430755392,3.804247687740779,6.983423687379794,2,2
29.62156934396291,43.781079128441306,15.908339052879068,811.522659813156,0.174636033311743,6.143542525508266,1,1
29.363814162134155,44.898332692660624,34.22368280155712,440.6323040277733,0.9166362796590684,7.269902389805084,3,3
27.1196859729286,45.58236598867842,39.30673606765285,287.88273128665514,2.742052682883174,6.296866978297691,3,3
18.46307454814849,41.92639628984045,34.79532797219959,966.5056496280788,3.1787134151249457,5.983602996739862,3,3
24.94609126212011,68.29911186476915,10.516018124987218,527.0386917795709,3.318464003937957,6.511765895317174,1,1
22.078230870608863,56.2715949145608,38.18660240244961,827.6220476175309,0.2787141615815466,6.0481724403799895,1,1
26.79060841065357,40.35089448632837,18.509287795374615,783.5530924443813,0.4425074461311656,5.699377596337163,3,3
25.20618427812127,63.88637241284427,18.89836832717932,938.9162224610338,1.4560252679412473,6.651122045482107,0,0
22.287915645959337,47.09892509231649,29.98421592816832,624.009105359432,1.8019549236924473,6.84159403706478,2,2
28.1706587751155,42.299895432267625,34.07870405450693,224.77313800348844,2.000846819916539,6.50701973103435,3,3
21.12146590891428,67.25650258462798,32.780020761818875,956.7783112622268,0.3357205752342048,7.276267639918811,3,3
22.2435719411038,45.07516618372064,13.827142703142824,511.0075664164575,2.9765290409294978,5.8491244971847856,0,0
21.209838752310183,50.272154846257024,33.99472319539875,539.1483745624615,1.5310820925947914,7.1371435405245895,3,3
28.416181650877554,63.69918699110808,37.396984355779,735.681831364056,2.62647799032719,6.149846669256985,1,1
21.45719058947785,47.56038434716536,30.44461805154743,762.299754860403,2.2061747957430473,7.189459464113881,1,1
26.7390797766152,50.545720043918855,10.47210818208032,209.93402764799103,1.8814985730014433,7.223560073855431,1,1
21.03089268393305,65.56950658977648,13.320835100213994,515.598206065562,1.425000604312252,6.577933016069396,1,1
22.593301942227185,58.1908110056612,15.336156078582944,241.4124763779383,2.3721759427926834,5.5845226865862685,1,1
28.645447380549815,61.98421214694276,19.36545463749341,221.7786754428123,2.090585385698791,7.315940250627364,1,1
18.673969604625544,53.428694788460845,19.58770151455067,334.6407304627818,0.632869744132341,6.7082273520732185,3,3
19.69479332461048,53.21953020867748,32.147019352336265,774.5342339021109,1.3443966345952365,6.56386920818844,0,0
24.17777140299049,40.77412135465129,24.73803548379169,816.0377309514155,2.789170791294262,6.8344464491887775,2,2
22.373446831763303,40.67374637596763,35.32985581724917,395.1885279888143,2.1449007037596486,6.019840604374291,3,3
26.420827064742124,41.0866655268025,12.514557532774374,813.0506745185895,3.5354529016512073,6.68582086268342,3,3
21.32318340377263,57.28222284828414,20.470265543924405,877.7955235960745,2.2832097766897785,5.911514964101687,1,1
20.117912036064464,42.90008913804274,36.16566585872414,649.3083237360429,2.424084678655927,6.261840915271791,3,3
24.617666915505968,51.06647413615069,23.883409325269906,473.6317209012016,3.218155307153313,7.20581941024923,2,2
25.84183238573272,68.42305357359643,36.45194469696427,253.20204089054047,1.1762914073598956,6.990269828940249,1,1
22.28003625490345,41.12993683744249,31.274925840415367,618.0722705525243,2.117102429500223,6.358731466226214,3,3
23.792554491420468,47.87400082675145,12.29164750381301,501.1233966644282,0.2945236083086784,5.67532346222429,1,1
26.63364996366428,56.251140843768255,28.00383648210667,932.8224919800152,0.7730428667179599,6.7044802535433,3,3
20.1991857151318,56.3262169649808,33.307696956004705,455.6989746013178,3.351089620087568,6.105038904173366,1,1
27.980781459911213,67.3673876265072,14.76716991144764,776.0240493622902,1.9386444754296377,6.168106280016081,1,1
22.59184209333386,66.26695475723932,13.98800720685464,513.7636788853913,3.408005188236919,7.0424091957736445,3,3
24.687057689042643,44.6529062132687,16.91368342949959,976.6800008264756,0.0673459555508654,7.254161216618738,3,3
25.635568579291352,58.29578812631619,11.0291829915532,856.5252644660344,0.7563761520769012,6.088720745175159,3,3
29.64120590676696,46.34387943968444,12.613673184585345,507.9952624668159,2.5966037984557913,7.070816764387782,1,1
21.61476077512002,48.64184152320907,26.258953999177315,901.8664070181692,0.4567933420968262,6.231486378608265,1,1
22.793893257753787,65.10121386457115,15.740676818643449,210.9421102305145,3.839113349782948,6.243638359586679,1,1
22.52530287378455,61.51088849689589,16.471567970487637,387.79380769099726,1.0351440857724197,7.42413493595683,1,1
25.24605506813944,44.00126925778411,15.044976794266471,453.795864666538,2.8050349480340446,6.437924410148833,1,1
24.885469676946254,50.07145417949123,26.3262200648261,769.360352893949,0.5546060281332243,7.167154778614531,1,1
23.930976223052404,69.89315156634771,15.22887048767613,392.7872464911848,1.9439427416154185,6.729856826386537,3,3
21.07661241690021,61.26476133573867,25.05581630648805,227.04176693972053,2.927161928001565,6.101790152847248,1,1
22.81029020099951,61.2751338307593,19.15633750740812,268.73172850698603,3.5647745612358843,7.2214587228706275,1,1
25.723678206094164,61.7312741337725,32.67454484411336,305.86880529760174,3.9560189673050674,6.7834492134498845,0,0
24.978749438941676,42.87212693092219,39.56519588905206,673.5058323525719,0.9053736226193342,5.743272880649474,3,3
27.64655266283592,57.56473727231074,17.541740945190753,206.1472182538763,3.509962298373454,6.045506242199782,1,1
27.22152298047331,55.28664222598608,33.53571565868615,616.4081724270711,2.592278970164382,7.346427274672248,2,2
23.578097696929454,57.8616346470328,16.709351880962068,812.0612532129942,1.400348764101627,7.488672055961968,3,3
26.745352518412883,65.77097937399833,18.55172011192534,330.6469243067562,0.6481491462745116,6.161307677559513,2,2
26.57312968098032,57.01691607878928,15.232837550486176,961.7628386250104,0.0508306648510572,7.172294359765592,2,2
23.750864537169296,53.051490908641256,10.87169388863537,778.3589060442957,0.1085024540579402,6.98950241574539,0,0
23.72091968812949,56.48246975788138,30.546579283711026,926.1613516570932,0.0862394980584898,7.25107776858136,3,3
21.791234303388272,69.09317580051552,24.687702171607118,685.8112120808856,0.0858341152211452,6.434327622588633,2,2
19.94417025857413,44.24012184178847,21.31436968703788,252.3199746696092,0.6233296583865856,6.535025137421174,2,2
28.750682755723894,51.0543890237493,27.17723376246665,333.61031717946673,0.147510368039445,6.051381136546318,3,3
27.39066579044113,46.86830728806844,34.12760153166212,564.1289891865213,2.248785432997328,7.373523770533675,3,3
18.2812708788201,53.78590330361981,37.70253750807224,227.57293663508003,1.560464618945042,6.159844269137789,3,3
24.526375162338148,46.45958567891383,14.861360423049376,268.38123872086504,2.2675367805482196,7.167665430976984,1,1
24.78499673558113,50.62575539060849,29.55269085194686,735.8495565491255,1.7933436107609468,5.788171347327017,0,0
19.19196322553659,47.58439371217272,25.21171689983528,666.3126526664623,3.94483346645036,6.472516696521552,0,0
20.571768817828808,42.415484276880896,21.282662227540225,337.9763968126604,0.3014539977956318,7.181103155799503,1,1
21.27421644917689,62.25665715517789,11.453152038746833,383.2490969046178,3.7587207512751393,5.541294633761193,1,1
28.733524765331715,57.309071338316414,13.87051150902354,377.8579292762632,1.4110370877797815,5.88502492472116,1,1
18.351789675547867,51.999425817701685,17.911583329658015,676.3873963956953,3.919169137692636,7.449342027410903,3,3
28.25925883966232,56.41547048968119,14.18607537550398,886.4136929590121,1.3677141028416382,6.676400575922394,3,3
21.13031870654414,65.4124646404778,39.07690186635651,336.3048217300769,1.3633936125060249,5.704228093740543,2,2
22.10201411293751,43.329134731075776,24.234111494409543,338.87546184868563,1.0366505539926258,6.2415547003016645,3,3
20.649225905425013,57.14519189118202,14.504463790674372,770.1755164283474,1.6658504268606769,6.865545835862787,1,1
26.82827928918696,59.96600679017223,26.236213462994957,618.3844210760213,1.6643352357777,7.080154417137424,2,2
28.305780063822567,62.48807401266016,29.279621481707057,922.4710553059596,1.2323025473736666,7.363209851944336,3,3
23.01948793340109,41.38710660750934,30.97167528596308,492.95201410715146,0.6891948354523642,5.855766717083496,1,1
21.63710913052394,65.04039267900522,36.61605910913957,799.9106389499983,0.24840357996703,7.36794537718415,0,0
23.98556097259153,65.36774907401407,35.9418726113833,230.6717071990974,3.692895322604416,6.016759590119548,3,3
24.29818961271672,68.00969848979113,25.23251477783291,723.1558425712838,3.372613008194504,7.271832903481565,3,3
27.89766438029139,44.63365490902166,18.517374853009237,436.31567328047936,2.610712839048507,7.1571897904190935,1,1
23.65106115109363,54.12003843036525,27.181159840661163,533.9080065821097,1.9741485657088411,6.390747425419188,1,1
25.22298564210434,55.068265984430994,24.63926477301204,732.912558973243,2.3507708826627196,6.1749293589047225,1,1
25.473830480385352,64.16451492523427,26.7248760549125,456.7781164993854,0.4430320206258908,5.885977234214151,3,3
26.960662008289795,40.45318056976426,25.770125263078164,764.1130782709121,2.7586989035114313,5.821232926448873,1,1
28.251973720535275,48.82467834648232,31.18825664730048,769.1010801540153,1.274712061010102,7.225447024566125,1,1
28.534123853503417,40.45068901353663,39.2322331979163,700.3661572873591,1.1586004888537706,7.425449932179706,1,1
22.476495906354597,57.998508894471385,36.91157456542895,840.6068796860425,1.9291580154612256,5.911012466978744,2,2
20.71390516176463,68.46334941360627,33.4691449033852,741.8921642691042,2.1635190591303366,5.731429359144291,3,3
22.373487187422462,48.21361563658871,35.10690965249711,888.0042031085737,0.609995480031396,6.625291794016691,0,0
18.4741821226846,60.88375426617339,11.960484225488518,604.1555571965748,0.7345991232844534,5.816046172909714,3,3
18.929518652041832,66.48929834508445,10.91678708388802,485.9634640532701,2.4413256349989783,7.23730286589285,2,2
18.73639726613689,68.61059387629822,17.048996909190752,391.66105475834536,0.2546999333896056,6.813401087546165,3,3
18.844583051464223,54.25560077748552,23.10798069921509,449.47694414682223,1.0888133578938568,6.959235928387908,2,2
19.851941809675925,61.08587620946636,36.82661388829676,549.1903928309132,2.0720415368270633,5.517240985038137,1,1
18.20528950161352,65.94003929975386,16.95669507342897,882.9765838365546,1.7943895507562373,5.891054370762349,0,0
27.561102394458864,43.47203949093231,16.90124262496238,370.4225902489554,3.306005303345521,5.550489939696287,3,3
28.039340234203504,48.53982908222927,23.269169737282752,277.28112993483364,2.840264994478358,7.415283068215689,0,0
20.8428288835042,52.721617190228365,38.58671662565212,745.61384171882,1.9999850906044367,7.024398977852956,0,0
24.34122072349153,60.78536828691,38.62450164209714,387.31749324412857,2.2842884011988267,6.666973786891146,3,3
25.50658060267724,57.79667976826306,29.510824661185868,383.9408290143367,2.2995886509609913,5.800438391939065,2,2
27.64529130618841,62.20169248738754,29.452103102155345,662.0777819357825,0.566945425532475,7.114879797217199,1,1
23.44922062309177,61.80843964664723,38.65782583395518,683.0815493682353,1.933747206195359,7.397756555487236,3,3
21.235456181801,68.62118508278007,15.567138794318344,863.4318301145632,2.454431756040355,7.0881767676118,0,0
28.58234391576473,63.00545861975432,24.413402567245782,496.7033874144488,3.486134734259001,5.696281816286604,3,3
27.671346259539437,44.87686495911154,12.136730472405016,975.3098002352116,0.2591606379714436,6.37890413945823,1,1
29.585600227907552,66.98353088899378,15.729236709381244,222.82530169209628,1.8109469688407824,7.307640823544873,3,3
25.72460506249186,47.50539411147339,24.406356509242958,304.2015655157491,0.0950811481346294,6.12204197998716,2,2
24.837114392249628,62.74501867195082,34.54065637170403,579.4040541853934,2.404274840114839,5.96537244371351,0,0
26.250761032790543,44.34547820463625,29.795158453206625,230.09128629080877,1.6909659610296028,7.307340987451456,3,3
18.791568135101645,65.89791680548946,38.46147958711883,601.7771229729229,3.818464196927738,7.39037605162684,0,0
23.58622769663596,47.15319464057121,13.579357307685502,621.5324703244762,1.5917097214964189,6.5364887528509215,2,2
18.40428465707564,47.47879863192898,39.38051399098416,523.2591047076236,1.2670776138585778,6.705471528275387,3,3
28.00562864028776,43.174301199261535,19.05848769355844,446.9927751491353,0.4480275255471126,6.9824876022698215,2,2
20.749930252369637,44.88951957160853,34.09510019027578,348.1821495255367,3.184415546143275,5.93887680996783,1,1
26.606464298864147,67.79693436359236,33.97107359728762,833.177626086359,3.9566584091178374,6.981233797852658,1,1
18.40859211908552,65.8872098189753,24.41479733928459,959.0920347930456,2.336249979359038,7.366841644988839,3,3
18.01133122568007,60.33024414454823,20.465335154716456,448.03363758603166,0.334427766897285,7.397853506126395,1,1
19.962002004084088,62.86774038974448,37.01401398776258,959.992002262738,2.761209465065271,6.609298217382564,1,1
21.82717237980425,44.2307983373773,25.142140211069,669.2563907525916,2.290248937259265,5.641228671811853,1,1
27.93455176190445,53.81544599844603,24.793877859755423,633.5869528590881,3.6386019298041457,6.255946142378967,1,1
26.38200318156893,43.17570226151594,31.366457836676133,638.5110254790361,1.6814034063338408,5.983666477936712,3,3
28.62866984907256,44.65917807135767,26.34458061301914,506.9727576396885,0.148476625295375,5.67401516606891,2,2
21.189220616611845,61.470880400031184,26.873147843215687,815.8876425873719,3.151011082406044,5.622661568198818,1,1
20.49838130219445,43.55010205811032,16.527486099555226,871.6675068930016,0.82059193701672,6.77450189143444,2,2
19.101329826971188,48.33887314534864,19.91500671626405,690.096639913995,2.519099091730736,6.00381634241587,1,1
26.955667842910948,66.66935205036256,27.267658557867428,384.9967880501515,3.7077289582327144,6.9530642513673335,1,1
22.405778964389665,61.90939372886902,24.461747794360495,720.5279794085089,3.68777679536817,6.101769227975357,0,0
24.591572141626813,61.78731417541552,18.315321122239,742.3665918427967,1.0101133825845534,7.114088304820708,3,3
26.416832498056408,45.77557719372468,38.40752886237527,652.6192435652223,3.176583640391369,5.678489826088803,1,1
21.49535875686845,63.52809034045575,31.992966997222865,441.1791707104091,3.964452752229696,5.6944214519990926,3,3
23.24610414150292,50.3551341747874,28.223337515056677,756.8447641068979,2.0015125977305175,5.568205703549673,0,0
22.804318890993702,69.45533323103147,13.580928583212492,736.7435908195073,3.641684201035656,7.06087397023509,1,1
26.572576635900425,60.104673364773255,15.389266375061638,520.0550534133561,0.5303370189438308,5.656799896479393,2,2
24.644362422268607,62.74650895494065,30.981807384148027,705.8287751181795,3.6235114544014193,6.852820040285068,3,3
18.166219625051298,62.52635104691856,36.15849436503723,315.0597708152127,1.305423161288886,6.7609872315308985,1,1
27.423014753798448,66.14889901295848,28.41588625558361,577.3716030143112,0.1669322105384934,6.75410552079667,1,1
21.714236136094957,41.0332745098879,24.80073496244848,492.03354446310846,2.7992586861356226,6.317833642682681,1,1
23.217694730480787,61.32583926792343,26.889487597529204,449.9430829008432,3.288391778586552,6.185900689006794,1,1
18.303771061986016,46.59754920994967,28.096902710952644,757.1550848504886,2.48689809303523,6.176881066395644,0,0
19.708975003370448,47.66447588820837,20.49248993986595,853.5554537043763,0.9459346914008564,6.889789793370356,2,2
27.295814207845424,52.06643944969609,28.12275833847145,515.1991467931699,1.3128124653114903,5.93942093067356,2,2
19.28693162560013,58.05304239178656,26.951560980176705,928.0159724505104,2.8627380990719575,6.5653207669333975,1,1
29.313925142272623,69.43580463943579,35.49753552128561,281.7655490657327,3.2938653177734847,7.206702432218675,3,3
18.126667903105684,42.3642244002379,31.40597509074861,976.2417007206808,0.4931919720234754,5.671250738192331,0,0
29.3300062667748,45.486154799824426,14.483973493796494,687.6376539871724,1.5519307173269712,6.52922935227524,3,3
22.95491285896926,56.57792634847591,11.052549599511009,432.1431645419199,0.1343923302803164,6.8645429100471365,3,3
21.70824115145085,69.04051905266886,29.23441607174937,940.5719187392742,2.370959091311037,6.168159569807341,1,1
27.039810013815018,67.17829400239987,16.188445309451147,423.1193809094032,3.7795623879506937,7.017965725619131,2,2
20.333346763478666,44.08544911337604,29.061524033989677,380.530939730587,0.0136941066076778,6.135662772162669,1,1
29.406467785141835,56.88610461749538,24.47774116414052,299.22659717552386,2.7572567475858074,6.879022398238771,1,1
23.56344814005922,52.44383881295046,31.35358452903904,991.7838881200144,1.258014815847151,6.845944274423074,1,1
22.24024536256306,55.29190389508887,27.521108772254976,556.172805131218,1.8828042929414623,5.581954516265902,0,0
26.626791092659445,53.95551132891278,11.208244621586497,558.25234401437,2.0701813796864523,5.700400423451756,2,2
20.710924242956324,41.205312635878016,16.37874096254101,738.0111556338001,2.1701164263559094,6.391436120214266,2,2
27.327770012585667,67.5889241631087,15.990868645005907,570.7795120669497,2.6649304878087063,5.987600165527505,2,2
26.95605961773724,55.98084301301687,22.75777620727145,977.9530743774228,2.115125444874517,7.255296440716684,2,2
26.36705310009895,51.77738892421921,16.76889246365232,226.6305432730774,3.376968257903858,6.818970827446578,1,1
20.18555606767688,54.62268268634536,32.338776375777584,992.4133654340286,3.290017234597825,6.62634694094366,0,0
26.63462474763096,62.456892616368926,32.497917233204625,427.38702558721593,0.2725333900827058,6.59036327413918,1,1
18.114774810970776,51.88117240740857,38.27174733713878,698.4328373472131,1.4699380923928524,6.940467671084153,1,1
27.724725528065814,44.3053143693079,11.91581653671213,506.0008133543434,2.065000534462756,7.064771428808399,2,2
20.740116174889263,45.90712579278003,28.20153291811213,365.6291964182405,2.939529852112388,6.230369613873939,1,1
21.706763280909925,63.94918051173581,14.835566151888916,596.1367212302714,0.3297987221592264,7.135704906309493,1,1
19.46064917702977,50.28441238066613,38.52574911263104,318.9223907486994,0.9999200696664888,7.3011645148311475,2,2
24.848688537440538,57.2683453269194,27.831138218858943,860.9591063505374,1.8857173364567292,7.196155230802345,2,2
18.0765804591686,56.19282329514431,19.446102161660463,913.2664576411664,2.3844984483643015,6.575806357060201,3,3
25.43245717417289,43.34665199207512,20.160818479707043,300.4230160905727,0.5910401785732704,7.048721854800444,1,1
20.93587074926271,41.97037524142908,33.59216853753264,531.1884541814703,3.500971949911054,7.383529728727764,3,3
19.491013235164957,50.61453542543598,36.09211611166248,560.8283656929614,1.651308498347666,6.707853272356393,1,1
25.90846133475245,44.33157239722468,11.253877038455188,508.5615622927657,1.416983114310888,7.117488157513776,0,0
27.45302255637027,56.33414437993302,22.099753229878743,613.6269623585797,1.2669124681270252,6.221066474398211,1,1
25.58657617052463,63.47796252043519,37.16301369295282,623.1373816458897,2.915302167495477,5.767507389471244,2,2
28.75780433959052,66.76777200007442,14.226392195598644,276.2599661922989,0.7577731556770586,6.630215746025064,3,3
29.40545207756796,69.23538702320985,34.41753861061051,625.1472083725486,0.1904189986046644,5.65672537669475,1,1
28.42133776758337,66.93032643070401,17.745084765646677,338.3574651042977,0.2936961300961216,7.154053302762119,2,2
27.08149791111647,57.838447704397495,25.496909310093617,726.0924317400132,2.3846766203816996,6.946650142002757,0,0
27.78611355646962,44.48209779493916,38.68272958408181,955.087339431476,3.641063514514896,6.915966043488313,1,1
23.963679744244487,59.01279153021402,22.995579557914446,571.8790914624824,0.0873278902827854,5.857548947411381,1,1
24.29349009303329,59.21253665282017,33.18818408991564,366.6644291708261,1.5126494548283889,6.036714891678238,1,1
23.162123368366466,53.28992989820915,35.6215574478331,278.05163980823784,2.73248202517017,7.4978225040780995,0,0
21.16264152309769,66.59485478953098,39.35116749740816,469.3144200958704,3.1906187766098033,6.5402706091579645,1,1
21.252512361335626,57.12985966661548,24.92395268254389,623.4613900795323,0.4856364063754056,7.4758771770531265,1,1
18.135782536742184,57.82819941190074,34.01058737498477,567.1510806746791,3.92430736703306,7.408648213834507,2,2
21.096604856978004,46.66585780313879,23.605771318885544,627.8045753198721,1.6181979351023053,5.674691133994051,0,0
23.035715278106213,45.73821490504718,19.46787353738697,416.6848650946106,1.005554270479117,6.792378691314572,3,3
21.10348585637106,58.66982015923614,23.681351534171764,622.9283046679191,0.0940270299431436,7.006842296796526,1,1
23.022894958221272,56.90621179183925,16.351409451876588,454.63921437395226,2.5458413779814952,7.075570015625399,3,3
19.441023430748835,63.81838744449162,38.77521209318965,794.2144064891063,2.2786099468971908,6.055219439068372,2,2
18.84437238999426,44.52481499409294,24.521772520156063,325.9287406269909,2.6812756794009087,7.070861627124872,3,3
21.61447466735086,47.95718715482839,23.655874208811102,942.3038599979714,2.4734964659198044,5.545983347477936,3,3
27.785050741128394,59.52839265474742,24.178435834435504,264.74979226778794,1.834394592926475,6.730602199022933,1,1
24.451073185826708,46.263506096637535,16.965589586288036,243.1657254675436,1.2700752931247319,7.037359884382896,2,2
29.262965443714588,67.90181861405344,31.29316215964972,369.6975895242455,0.9160056460524574,5.657508090954151,2,2
26.33641389064932,69.6423187033535,33.52840427273463,884.7756206695947,1.1904220224696669,6.595337957463181,1,1
29.638677874820782,45.402329753375824,33.46180333482921,732.9543092043303,1.0371311895901383,5.951844198394872,3,3
29.61533443665089,55.32340373040741,17.543720292112745,985.9674146584996,0.449851158786863,6.111784450957034,1,1
22.160368526499703,66.88471578770324,29.87090333941557,430.3451671305756,3.2157634276704012,7.157664172580202,3,3
26.53639265291797,55.64270756181804,13.044875126896551,682.147345960329,0.7630641372427184,6.93389349891763,3,3
29.83568047398659,49.21048743719804,32.69710834711728,972.4509309914644,3.2592939554307585,6.220207347708937,3,3
29.40586165650086,69.81282040270494,30.740470742441342,819.5275231142565,3.8984427607735856,5.603673003208907,3,3
27.876774563958637,53.67577680641031,27.97860518492831,345.609917844207,2.501266135663607,7.149109955739555,3,3
20.355442115360432,48.59014872599765,22.816830105285444,920.211478606604,0.2137692001620732,6.409385629098207,1,1
19.926304924552102,65.06282626649234,23.030775724325963,235.6625189271149,1.7695451504657087,5.629831489894066,2,2
29.058970969286843,42.62616731269477,19.048093175837824,833.1305933138076,1.6193646545543356,7.3764641167984655,1,1
29.37136260698216,46.54865222440749,31.342842746888675,912.6424431644086,2.5736432200909,6.830049111529268,1,1
22.002928489020334,44.11662784707621,34.342744460134526,727.9872545509841,0.9452983685942308,5.660619940505829,2,2
26.54475300640189,58.28359170233626,19.988562617921826,391.39598047798944,0.2559563308494276,5.973938683778277,2,2
25.865821667628964,44.84244230832349,17.50685253684606,537.1852015109409,3.077294714922458,5.911326886842187,1,1
27.85255229564357,59.69068352375566,36.66483993748707,885.2675029166796,3.199992819338539,6.9096316872677175,1,1
23.38095316364581,68.45755015262148,12.240598206353516,356.09588784391536,0.371237323896751,6.429765723251124,1,1
18.336387371300344,49.47760827362538,11.69201892818146,615.6460116748483,1.3647900379009341,6.5125234302492485,2,2
19.730110781569923,43.70679458315832,39.24797827449855,645.7372887418943,0.8834352190244797,6.138683503947467,3,3
18.32214984132022,51.42612568684834,23.827207840684,298.26829612485807,3.583978936302608,5.588784794638251,1,1
20.618892571304062,69.92721858436087,35.06844179062922,727.6843777372901,0.3155988571166172,6.418026981354983,0,0
20.64654295480672,43.397718239035314,18.1818664164283,696.0606338138551,0.5395306877156418,7.172219104504438,3,3
27.64657278557868,44.89396172287345,26.814699067724824,303.2403646009022,0.3241042505685878,7.209155206615194,3,3
18.24481032899132,67.75696271024665,17.343167948022018,507.6032940920626,0.4616454935859088,7.398076419063933,1,1
22.238133654671717,40.45824889142744,14.703892002175191,986.2533152044938,3.810213423312962,6.873454182999167,3,3
24.62537504658657,63.96896045902315,12.471691123431569,363.9213526703485,0.6087640358146902,6.7562025617016745,0,0
26.256350026504133,64.70730584666744,35.93508333793044,551.0271420493732,2.739389221474658,5.705989860408717,3,3
26.8050389533123,56.51157705020505,34.07188088004592,377.6549846185573,1.0502554445665915,6.723454752001017,3,3
22.38561846145602,42.01805878689924,21.53198265260537,782.6988514548142,1.9493224799445976,5.571931100777833,1,1
23.641970052932823,52.438830049692434,10.41624794970261,584.9485652718583,0.600459377945865,5.652429385778488,1,1
20.08708297657417,50.442763954401855,21.16125482664105,458.2016451933931,0.0690941210505236,5.552337244916657,0,0
23.187121193593548,52.9683977917406,21.95344844206175,970.1378794241476,2.276964723400879,6.58776885567879,1,1
20.13135182551248,50.283229480113306,32.27230798603143,229.31041116420704,3.8702316336274825,6.954361958303783,3,3
28.35995461990405,45.58347836799517,12.870495443170409,471.3062089194696,1.787137304884209,6.557571476919946,1,1
23.923191711543723,41.06408038279197,10.610967571921773,835.0589965367741,1.5448502691440131,6.227834189685906,1,1
22.42084888556519,48.85011898797735,19.76739303643651,796.7215291362942,2.4215957653116966,6.999871883881244,1,1
19.420369455841385,52.1859866295033,37.74428452382817,413.6758584349928,1.93819942083526,6.38176460988223,3,3
18.632482674201388,44.8756320195412,37.50097507911451,780.8643960425908,3.0513264059815177,6.200588869763448,1,1
23.55911495295517,58.894792829393,16.85922419273698,586.9538183965392,3.75823594392567,6.626404879968513,1,1
21.172477705394844,68.10246443248828,15.252357395971902,279.0256748590071,3.3931675682584426,5.838268375849126,3,3
27.1586770932689,60.51701594364617,27.47477543564725,408.7288184882912,1.6256352580287778,7.368430508834779,1,1
20.38140880639466,68.75122088338078,22.27273443109404,251.47492141119983,3.198453756557502,6.951088170257104,2,2
22.62435908487424,52.85110003095245,17.970898065064944,733.101275764794,1.705983464130211,6.819807841260167,3,3
19.526813237174373,54.624746839813554,39.35626010455095,556.7035795124284,1.9469951627242796,7.047811173059202,3,3
25.97099868774681,49.1686289374277,10.028565368441644,558.5741367352207,0.8467884109234483,6.355763884162895,1,1
27.223998247519688,55.71638951186255,23.801014772431245,563.3264125494766,3.30302955783447,6.022447858441643,2,2
23.31423736625057,41.14038353645348,16.822064067146506,934.6695192785146,3.6122853092504887,6.052442136110498,1,1
18.930038873160857,41.41758501044493,18.46119551030943,855.9705045857756,2.2356777110653065,7.183433022740939,1,1
27.549916235991628,63.23790663082235,28.99816625136042,485.8037122918115,1.41323370761301,6.565342243001847,1,1
21.86218601436792,47.47278274342073,14.538953615308705,709.5857032884867,3.883961392986515,5.589348301711564,1,1
18.805022053245143,43.283502502489256,20.09348779652611,609.2309926137176,2.6773073831043837,5.542422178065738,2,2
24.55484389649717,61.30975524095177,38.30826764245677,410.60677849692286,2.138700675624722,6.316853690673071,1,1
23.78824132771092,57.9246542597546,38.28528036553719,984.8672051144,2.5001749628910663,6.475364780616959,3,3
18.40829308992057,66.36099604800128,14.025234683530304,869.4547308138634,3.4637950691040778,6.042396300052419,3,3
29.92758245763273,60.81813330469643,39.48657505125007,733.5045618816811,2.3289050367832407,5.840525211244532,2,2
21.245879418758545,51.84427845346411,25.71346506417539,663.5948845784444,0.4642091182756006,6.371380806705493,1,1
20.19227740709896,44.8474377454789,21.582357324240625,245.01946784295427,3.6749461035970272,5.958499943946613,0,0
26.156532226433647,64.57358132263599,34.5573641383324,884.6097195100456,1.5980961371966056,7.252929289870509,1,1
27.530098119205896,43.87855588401206,16.80822927957348,888.2026387882033,3.520794642668713,5.663713710691114,0,0
27.84781037741901,54.21948151178734,22.16618938496347,613.5405161059673,3.805008416689344,6.318026407738101,0,0
28.82947029607921,61.67313077821328,25.340791793058763,333.83254955220445,1.5803759184000228,6.796602833843032,1,1
29.46939520948484,56.29316835788418,30.28161698256488,698.6324631914858,3.948102386405121,7.005615932633981,1,1
25.53393596473046,65.02875131784558,16.931947613351287,844.978885074049,0.0579569209557194,6.552665885354738,2,2
24.03958644820053,51.849990339816046,35.310985347703905,398.7373487217927,0.1434840877845524,5.654782306558488,1,1
28.08196871394749,66.3944496122957,24.45175050695332,708.0147347473286,0.9959452874393921,5.6852064440720085,1,1
22.557086252330205,57.69411311125718,11.19663821803904,600.909361944375,0.9124109169914963,6.564114794952856,3,3
26.719991006775203,65.41103575683343,30.60028342058153,987.2998063444732,1.277818143271066,5.957177414846685,1,1
28.264653397412854,48.51138635454746,16.2169833442465,960.9922049584616,3.425429977073342,6.038184251402964,1,1
28.760922004344213,40.02875752265229,23.53844147075791,725.8259163181608,3.1031015589385658,6.050253441889729,1,1
18.71906963755632,66.91518420753317,20.20140852249928,962.1001281973076,3.252066266843197,7.307265606847972,1,1
27.84886202905832,41.89193459750702,10.370773405924457,327.2426384113917,1.026698364093349,7.326072770212333,1,1
18.361014921400727,63.99039390668204,31.851841552832227,595.3307621603909,1.8439056779188576,6.293212507238668,1,1
21.0965784903135,56.91310761161749,26.715519559121145,517.3138177711082,2.62982533264493,7.100057559988532,1,1
25.75172911456688,61.83673635002644,27.231470456693405,482.4092359260136,1.6511897939957647,6.971543105871957,1,1
28.5677642554846,49.03117444591511,10.467592803476748,787.3427839581498,2.162178229186496,6.399653830882214,3,3
23.7979121097096,53.10340436390905,28.70773852956359,559.758228080902,2.091553100483204,5.527562290571239,3,3
27.21133756125884,59.76308409207946,24.285811972063104,784.3945398389726,3.6415006359269104,6.944469061672308,1,1
28.100653152148983,41.36848209506259,30.39024145512816,209.54236897744155,2.4237892289266667,5.6937794042146495,3,3
25.08020787838181,47.28563397965887,27.34127914405491,267.96732866769923,1.8088853605345792,5.573431114770116,1,1
20.345148824875487,43.6625977397188,37.7938392299825,547.7046173711567,3.268406887975887,7.176504059799927,1,1
27.5888040910142,49.732822478849485,21.24586883938681,593.9942425991261,2.1849985973551926,5.799309394327278,1,1
18.79045940481779,48.47237703845923,14.857006591315857,639.0100239164127,2.896769929334097,6.55957075243205,3,3
20.874468437537413,54.31532330636383,30.57499642301392,346.9218101059257,1.5552351181014932,7.292807254921643,3,3
25.287565163737035,54.61830394810254,34.98752341456995,487.5203050286828,0.3625594024380278,5.507391612755972,0,0
21.431277251828263,64.2947919537956,12.559477525952678,329.4769741564012,2.2526115679310488,5.757476274543984,1,1
19.15387281514637,44.45461146642053,29.271084199620084,299.1977872616009,0.4296066144276626,7.188760394989249,3,3
25.504700829881543,49.84935459714135,35.565214100863244,435.4537185154202,3.984919824530024,5.793860091470318,1,1
19.342661366100057,40.41413731227395,12.822089364628466,751.6661141116301,0.9062707261451298,6.196983007650138,2,2
27.56452776095794,43.82266524804241,31.956264378008637,607.3966560674656,1.4553274120896602,6.024694009347822,1,1
20.32400502422862,66.33228291005477,35.98972533257978,666.913164045638,2.701161914186721,5.6811833788081065,2,2
23.64385938416532,61.969412499689966,11.618879036269536,836.4248642353283,2.1190471751160045,7.455753582072771,2,2
21.73050676068217,53.08567345312969,32.32401948219781,412.3987462050666,0.50457397978019,7.081841260602323,1,1
18.39482486970433,44.88578568706638,24.7869840449307,595.6037305905488,1.530841238406151,5.67133798370476,1,1
28.47002832770144,41.71327833693183,34.951126688813964,296.4853744602559,1.5100633177169307,7.106396757588693,1,1
28.079433699047215,68.95140046895996,27.67889812323429,301.64473550862,1.4184131281382024,5.745845727418402,3,3
29.7637869767202,57.35003224629433,39.55175500312863,881.6861218282264,3.676504557434914,6.397630432291633,0,0
24.37812524592569,59.07564702871424,29.742697294510297,681.4448249201234,1.5189485241667313,6.597078286014541,1,1
21.829697153691004,54.02491729810293,20.82581118012873,921.8975813453916,0.1253748939763594,7.291091706974099,1,1
22.62170809917737,69.07421849417264,33.120862512867255,293.08609335681126,2.06680586350632,7.353732494658654,1,1
19.047366883355885,65.36167207958175,17.83458135459101,816.0395777289458,0.0604624117257616,7.324510395437246,1,1
22.273676492918728,69.47528043391853,39.94792822892846,922.05720433423,0.7902146453743571,6.298051884485264,3,3
24.29777665917077,68.50203407588543,30.767529437819935,538.4090711662952,0.645862133520898,6.920441741593146,3,3
18.386920058348213,60.158853893973216,28.148363408643448,945.0412126096768,0.788217645212125,7.40388125973835,2,2
21.244350591508795,64.75454384388657,15.957741527434612,902.4843448842004,1.2867722055283632,7.034911559984371,2,2
22.681759829337157,68.41766646946036,12.871388405533477,982.2794304188382,0.3824662476397312,6.270543854945946,1,1
22.062812964188332,58.78053337873834,25.12277216199565,652.9386206213134,0.1047900653986592,5.691885991844648,1,1
23.19546422747477,42.41591624477059,15.610001780117242,735.3431557307433,0.578912943722019,7.256064764185895,3,3
20.252278974808384,40.09369757862235,29.16997395788606,279.8975355640015,1.9395241096263167,7.24501029673623,1,1
29.539475149706504,54.75283657744216,10.94941265142379,389.93880118426256,0.0509823588314506,5.921320406016376,0,0
23.901352111937307,42.02147330276878,39.27096338298312,604.2202735588951,1.1489415315445126,5.974021807602057,0,0
22.40111128156031,57.368894048945336,34.261387272825765,658.8598321280801,1.0482182846202655,7.206510697055354,3,3
19.231798707576814,63.72483184027398,35.56537475889887,722.1555748831997,3.02335330332582,6.453103176439995,1,1
26.406298450416735,56.68455678371524,30.13392937968258,273.05972269895307,0.3950737124875178,5.875493734326658,2,2
28.13330626257981,44.45734367857867,21.43901820930548,934.4721448089862,3.6099897507291785,6.8427112740409095,1,1
26.45070622507396,54.47930465748247,39.75857180365893,252.258349918924,2.3412770858926413,7.450964439526743,1,1
27.952161528521547,68.84987106325642,36.53067067176212,339.9200412967991,0.5283661440390034,6.8915488292420255,3,3
20.89241816821868,42.143591282101,16.112975137626286,745.1004824201858,1.0384985294021383,6.821806361388514,3,3
20.34675688935932,47.89346112002018,21.085885055794424,957.7989426265276,2.438550475471764,5.599184029197211,3,3
28.8618876871768,44.02207061265125,19.721042306082712,360.8292815654031,3.8844791820422633,6.489062502132149,2,2
29.768675591469293,46.63337805994387,30.13972507981561,712.7848879795042,0.6476606799310488,5.744080468090064,2,2
18.387262037192787,59.14488697650526,15.854836363097585,941.0749968019052,1.718360841940322,7.3236413561742,1,1
26.36542921020577,45.37105637091295,15.366847923821927,432.38372987677246,0.6226212422813714,6.992044064805098,2,2
25.150759813658706,58.991017068624885,18.090187864774563,407.8341803415796,0.9056356844566382,6.697908610299713,1,1
25.7103802638444,50.10602031301673,17.9252020016426,238.01149121493648,1.9644118335579,7.050817601451593,0,0
28.33192937653484,63.86715314928126,32.23443042974321,540.1039676207247,3.4370606874103813,6.506164582819266,3,3
29.5186454070315,61.32077825331105,14.442780711682769,254.07715587942627,0.5747563616398214,6.6287835493959095,3,3
29.788908727442493,41.78461282965964,13.112497820726825,366.6693326930821,0.8275679975591802,6.424536900907814,2,2
22.982581859214772,58.48126004435724,39.13113107850843,767.5001952565771,1.5716704018046133,7.391380307134864,3,3
19.30232236780748,56.6619687944864,11.469630502201111,782.7279403897994,3.0651408371624935,7.026922451073452,1,1
19.40636507401437,42.744506538255656,20.19105884948883,253.4908109103525,2.331002966551523,5.627653270074826,3,3
20.92308546921119,63.44597621689927,14.990699756222169,845.5959299168543,3.167364548392883,6.989730989636058,1,1
27.64206446496,43.860123856832985,18.74619316474829,210.6669107887741,1.649785499843817,6.387669625956834,1,1
23.14461484019444,40.44367094691631,16.862590388611586,486.6949599808131,0.8822349782013288,6.039976067290899,2,2
29.313249710651245,41.006959154830646,37.8192971262369,755.927432964213,0.4119449966369574,6.739893903924726,1,1
28.04543068212501,41.99690143623887,18.810448646630576,426.5251958287112,2.967270011615605,5.750198978304882,0,0
24.580308439391807,65.49730753219715,21.213983300885825,570.5628300243147,2.304648258888151,7.4058990731917795,2,2
23.388464750512483,45.9511357236416,14.830408795307136,640.7455975718617,0.8231247559141166,7.15802044217065,2,2
18.70349913519968,58.642336075864335,26.57864292857004,446.7431823331706,1.6461902492488623,6.337736328462832,3,3
21.5353165697774,46.3559246819309,33.57612060926096,430.8380723370677,1.97193234167758,7.483986222252779,3,3
22.537742508116523,62.78402948731201,10.893011317149618,246.48900352639248,0.9013761128042214,7.258806779859572,1,1
25.183907769933885,55.02664356007303,12.231927331455497,609.4309871510236,3.4523937323487033,6.719160282825808,2,2
24.847115444737437,69.79604357190846,17.355830983577,623.8649020368135,1.8447261406568247,5.610298309793331,1,1
20.879348977260783,60.71684249471401,30.880957410308103,406.4815078836872,2.01724145138235,6.789541774188688,3,3
27.3136145894,53.17610378214588,10.0007235973127,971.3119325749224,0.4580869545945116,6.807255797620574,0,0
29.03653226833075,67.17703639565559,16.364378823144577,547.2956362802249,0.9280230034283282,6.277827639208442,2,2
28.04684000092834,62.27244414722581,27.888866800468875,547.9064631217082,3.5252029296833514,7.305595577446935,1,1
26.602000912541488,46.12094697467481,39.30020293722944,292.8845805752246,1.327650903422295,7.003907189570547,1,1
28.113799511976676,51.79635243601777,35.45906517983671,820.6184255493597,3.4036932603667744,5.657311642214122,1,1
18.573460437370706,55.75061450584889,16.34533138928877,954.3796341641932,2.873796740121342,7.184749555850294,1,1
29.892503747045268,69.1231660105413,30.29305071470499,348.27768979475616,3.6761645967493433,5.774395439089698,1,1
21.89245461848888,52.06247152943091,13.992938986092769,919.831104476927,2.365835283605407,6.893573145822777,1,1
25.74947611901612,46.01442251103033,29.896002932342885,795.4274944322751,2.3408528062377036,7.081239830836608,1,1
22.55603534579772,67.3530864149731,24.21651048287519,443.6550923080746,1.6166450760958981,6.759092648433335,3,3
25.452533741800377,46.21463154359895,33.73088999591877,500.04442458669433,0.7339700032689276,6.17117005747219,3,3
19.47115782771984,69.49187236233244,26.44054757324725,361.5600382962176,1.5200261788502059,6.888632616502836,1,1
26.905047958583523,61.93781290593447,37.40855418205928,664.9196487639114,2.419568694408345,6.679013412749576,1,1
19.395206129190367,42.077185082630514,21.89280675592041,310.8593423310527,1.624426845433935,6.328306874776337,3,3
26.54146191467681,59.13771390142165,24.125803279384613,341.2826605179239,0.8661272063256108,6.600362900023674,1,1
20.872397262943903,49.1249060874863,28.602514768502868,868.9526180652352,2.435891139599267,6.877948554566796,0,0
27.030636339374105,49.4571416066929,21.06775772226425,496.4577031758829,1.863301830980076,6.403787399623341,2,2
27.31980592307821,64.64765920828539,16.431588435744025,665.3571185175808,2.7142332807934815,6.246138529818619,3,3
28.924188523040808,62.4631423245276,20.719394386315543,848.785196381447,2.1320909351989483,6.621661851796294,1,1
26.78005211741363,54.83278888325327,18.942055994096943,809.8710654045726,3.2215006843117884,6.103346302208346,1,1
18.200821621292235,57.88779038458681,38.6526778790589,603.644958599021,2.287321188127019,6.371955256417029,1,1
24.41733408229952,41.6074290879132,26.920691063486235,981.5521678103162,3.942901667921997,5.5398399946808805,1,1
29.059814024600747,67.46120221733929,20.655189182961717,285.8270304126448,0.9053873641538024,7.448474038183012,2,2
21.99699745936782,43.89654653488339,23.6413991918057,340.88727422419726,2.5908799206950617,6.828317285930675,3,3
20.72264439675869,51.62803633841621,34.933065564445315,812.5237764651434,1.8826269789329353,6.9179341975527056,1,1
26.75780998358469,54.49754566842005,23.142556736403705,808.9151684226155,1.216496286847942,6.109999976251126,3,3
20.858034634693936,57.92195004658552,22.09620250765219,992.0737818429596,0.1293218006659886,5.844787607962282,3,3
21.532658204621857,43.6097378357978,28.08880201560132,560.0587425188842,3.12799231234866,7.378693845421598,0,0
27.82711874021892,68.49217216135865,12.375922091045693,868.1121941001195,1.3807913881067306,6.333527546466617,1,1
29.04330565364113,43.88063076229355,30.173217702438137,397.0873480436593,3.000881146810952,6.286797545569229,1,1
18.78936407542508,45.89170773018331,20.890230283605703,857.098416170669,3.185173550928165,7.196814595590593,1,1
27.099370884121523,49.6921737110976,15.797167243422148,778.3427119481792,2.181394806567218,7.480228745477142,1,1
18.12534022332336,63.97162673707896,29.103327163064087,247.7882201825105,1.9897170260805288,7.110622408710224,0,0
21.987361592613265,44.67073823048686,20.64754694619873,989.4987902714732,1.7716634931640574,6.863531402589306,3,3
18.88185359956735,43.44541037802672,25.69444987530301,874.14510477779,2.198482278329013,7.408425755467288,3,3
25.863326099289928,66.85158684529284,34.797798379709874,960.3235190818876,2.9228263479853815,5.716853084474302,2,2
26.076363742518645,66.6135615016435,30.14787881059421,581.9335453754023,0.7953546866901594,7.298619070692386,1,1
20.713601012502263,68.87024886362363,20.712395749650742,864.5616551819395,0.9343298284855795,5.985216891408254,1,1
19.99070452213672,57.87174319026149,38.18522315625871,588.7554878711333,1.3103264065735756,6.869011962558982,1,1
25.629721581364286,46.70732837616409,17.043899530879084,699.0759248373488,0.908111422824895,7.120071566386415,1,1
23.273012573950552,48.3928765501466,22.46982431518576,533.57443243821,3.24658532554689,5.556144762110683,1,1
25.50106875037615,56.36504566813329,17.919556700143666,501.22607835566527,1.6381781067443026,6.515695731060139,2,2
18.854855467523272,43.03598651565048,16.129749710791046,317.74156473606035,1.3482965285932065,5.827048758177603,3,3
23.994648082601124,58.53132772714595,31.606610983776264,763.5381969363248,3.7549857495786023,6.278609361915998,3,3
24.397470946026395,44.19826460228901,20.330517529947468,973.4294478598166,1.2248340589154427,5.744313388177933,2,2
25.172981031224136,52.501366957849385,18.78571861734477,468.512043860375,2.094204422533617,5.629500391520532,3,3
23.88035578356341,63.48636727622146,38.35694973193055,401.05649437211696,2.573237640705937,6.2602083250712415,1,1
26.135209979270343,47.48949247276408,38.42145066193225,897.403855171049,0.4841189088818782,6.848498355105455,3,3
21.70366331622592,62.31537438580538,29.466101424392463,572.7545816648606,1.2874747681218195,6.768464636197459,1,1
19.489481511520044,52.519804866450514,36.46511955494096,863.8100781563313,3.5465087657492473,7.10241614021358,1,1
20.58821917589153,66.8068771585026,17.979115963776877,545.5377913149289,1.3798138517854928,5.6063459888978295,2,2
19.77743984678868,55.38083841328934,38.52978388496604,310.13775281984186,0.8342869553970166,7.145563607027234,3,3
19.28243887536378,55.835029213823056,17.137901858237747,811.4586998909493,2.665952275364923,5.797611150278239,1,1
26.693946847024336,61.9056616355226,38.4566797328688,909.68604475899,0.2968443081519356,5.696962007400932,3,3
29.12193976836185,52.06111433317128,27.31028716739505,465.7806312559548,0.1605640401465796,5.877195148338854,0,0
21.81127739257719,40.74273870134122,39.10925453056396,909.1563264358344,0.9184577560869206,6.2976391956758375,3,3
28.926328350272684,49.716602456697785,33.790192367628684,514.0131902717696,0.4054049564499918,5.57374151445168,1,1
22.98764448789252,60.1580036326375,23.138560939512825,590.3342994847708,2.684281720543358,7.460327233256643,2,2
26.410539314449014,62.44910706356279,23.327271593247392,645.9760337870874,3.932135396180031,5.717953255010233,0,0
23.87721570422153,62.14651253037886,36.61052864945216,306.7410215312641,2.875978758404519,6.9097469501087,1,1
21.703986914105236,65.91232221227767,27.647330007208744,325.584370542305,1.8753673864561509,6.59069098975825,1,1
23.38554387914999,65.62631910342321,26.62076189777413,992.4557607123456,0.7339419219868571,7.229536525049577,0,0
19.983620646246003,68.34723967013704,27.96330848905564,800.735064203612,3.71920352932192,6.039495221631114,1,1
25.458122822384446,66.60904056350387,32.889672762202444,608.085326739649,3.289437486005389,5.748497119959018,3,3
22.243507449766756,41.05566174434022,16.852672099795942,226.54626343143144,3.740038245940128,6.6141276226148005,1,1
19.79592701335421,49.36731390847292,39.70746644962208,494.075203712168,2.7777772532354,6.903961315263075,3,3
20.291288987442883,53.839466974308834,14.3123763329995,596.0000070362604,0.8673365358534584,6.906893558805905,3,3
19.521249183328667,49.31606512769098,39.86435130865851,957.7065168101158,1.3234829986979735,7.085615534563791,0,0
18.31669792713427,56.73128858753114,14.393540335622538,760.2596739864448,3.3378681347678505,6.463526190924996,2,2
28.488460718843285,58.40614571094288,32.32329491566401,470.07720799548497,0.6399284157010924,6.774357562674455,0,0
22.96551623885476,56.50101605194311,26.95788131166737,574.3609382875571,1.5898243575296305,7.235082848749257,1,1
23.20080737079243,60.47489543128862,36.026850037225245,324.9576831472835,3.8446550924854392,5.961550949727822,0,0
18.956088284433115,47.9915734415326,36.3073073681095,379.4307622658248,2.0278033423568274,6.65942487911047,3,3
25.30376548183717,41.383890738528,23.066438506885294,922.92703031336,3.629146990494074,7.021499869010075,3,3
18.675865087392136,65.9375550808326,36.484857813032605,752.887164676961,2.0999106602635824,6.576675849337589,3,3
26.396004792930995,56.411318870965495,29.505962275989077,423.6472254869944,3.4967949642866074,5.6176416594938985,3,3
20.659723503443388,59.75540994784889,27.955368997288616,596.3008782696493,3.8764644684934906,6.115673888481996,3,3
27.51228803922361,47.88003402209884,39.47142973097063,373.74506991492194,3.2054958439405135,7.253876177445818,2,2
22.862325240850154,67.05026738030428,13.113382850974586,576.3646454522128,2.2110334951256263,6.457467302783977,1,1
20.10013078004095,45.9205580970982,19.650007636699517,698.4869463566193,1.5866723577824233,6.657450733167644,1,1
27.59567029038047,47.07283545096444,23.30321477521337,534.50279000878,1.1185477156151262,6.477866195951956,1,1
27.03875633604301,68.87798944271928,16.200293651295254,204.55315328263285,0.3234980650509928,7.18710970858902,2,2
21.609705137789515,48.59110915249326,12.364095047997337,239.09976499929343,3.062830442845695,7.177420618068767,2,2
28.01792578018632,62.4061684059761,38.7998968597679,238.9237984694317,2.7977765549656177,7.088048529579595,3,3
21.59102080238345,50.29084868742994,27.49251498549405,815.3218435436696,1.7019905616242164,7.480327487352158,2,2
22.280731711120765,54.93390807859823,21.17162576390113,434.53226764878593,3.285282036200816,6.83645797871696,1,1
29.131070334191765,46.08132871933799,39.789646022663945,966.01969418637,2.7027936953623217,6.342141087372278,0,0
20.13941544184689,47.40627037489254,33.746886603897075,970.768287364908,0.2824166635255118,6.358154913851891,1,1
29.12807686435398,59.182493268009154,13.74413383696061,811.9545888360167,2.7913516397286497,5.863439444593496,0,0
25.58211276373393,53.782306545703854,16.21250300148311,553.5549555424768,0.0618418195601546,5.839759381655579,1,1
20.245751758429133,55.52898348981027,30.933140249512437,717.6333405344708,0.4940182051628978,7.1748802882244505,2,2
24.36420868878257,46.392811452098336,29.20836481534943,496.23303984208593,0.0686031366764496,6.157930728222645,0,0
25.604160368186072,57.37937523649164,18.86621617527513,839.0471824176084,1.6544672945277532,6.064985754494433,0,0
27.276616705100423,53.30884827744024,32.84930587852469,946.2933465383836,0.0441950201078578,6.768682226706105,2,2
19.0333669517952,67.1187462657839,34.93955000010708,977.2010149211848,3.8146691560011767,7.074813289262114,0,0
28.33816191832812,69.52453122444557,28.608357278789544,235.32310912023232,1.286533324907218,5.967574170840603,3,3
21.826518749189532,57.32459130641696,22.737603744250528,693.0067097025994,0.9730595496705772,6.283041015833934,1,1
28.241979085712867,55.980223239183246,38.9401466030787,975.0371587268254,1.0700202058970776,6.0031463678453285,0,0
27.400061960134632,68.89670771168072,17.082174246601273,899.7430762244048,2.3350146261298748,5.827404710249293,1,1
29.903676931028265,44.06059017940692,13.5390018811258,928.9300369472892,3.0749758148377415,5.626360130411973,1,1
21.264337233556123,41.614102952454246,32.70938590655195,591.5913255221508,1.117101258992716,5.549408178250013,1,1
29.6435516595688,57.37972091808608,11.44312754835996,894.7565422886578,0.7529241994101342,6.022339290410997,3,3
19.90507594918777,61.17209208742831,14.551419654549912,716.3071660084023,3.905095003091199,6.952916625234905,1,1
29.1495672720567,64.118352553433,36.33862026739338,730.140579455346,3.8936017519831743,5.575256430180976,3,3
26.47202802045852,68.09236843805515,12.164192834224796,945.9380586395048,1.643224704305425,6.283451773148582,1,1
24.35216975781617,40.853383021669885,16.064713215141765,373.9174178289807,2.43213467742531,7.0804023059075885,1,1
27.488226243715253,59.01637785174816,38.396003063036446,418.7349161769324,2.8825665591793146,7.459669958010915,1,1
28.896186432145903,47.309479273227225,24.53460709309818,855.3002456597027,2.845850353907487,7.446834634760776,1,1
28.348041586698358,52.57920537316578,32.7623485271595,655.6423500780857,3.4673354620238426,7.379909213275827,1,1
28.04816035954873,47.719742788722336,30.344653286312383,857.3782151029685,2.8287241379809944,6.313523787459492,1,1
27.306092392939156,51.10616844135855,30.972637262382204,465.6783755391213,0.9127768448379462,6.849503180129528,1,1
21.89144753679598,46.781880611241945,11.790435650276551,859.5072054672526,3.3214732541375978,6.026422822702251,3,3
19.392999865367567,54.18289256316383,20.006722952528573,634.4393177212171,1.418963003223999,7.405219963937081,2,2
22.058961179009845,59.012714701224354,25.814789319738075,781.6965296459787,0.7227147879261454,5.732911971277626,1,1
22.975236746484487,61.48250110023877,27.53630224506276,577.1464316975662,3.532431495483209,7.110227712200736,0,0
22.15555925126734,50.10871095474499,30.93850743708935,576.5963106011535,1.9684940415634071,5.737784430738724,3,3
19.17326274760709,41.665161081678,35.27625313053872,957.098671532172,0.0998410886457166,7.141163982082773,2,2
29.8396282060453,68.32595261234863,27.246691174649936,789.8657801752028,2.9462242470877023,5.580034278295609,3,3
18.113973328775646,65.89116544424536,16.29662398522822,307.99455538865493,3.1105745402813496,5.637854987770526,3,3
19.6740077198625,47.3183293766754,17.59267237706085,517.4828214921024,2.937084237089883,7.408870327493933,1,1
25.0290944568577,52.0819021502606,37.425138586268105,375.5382318026967,1.6724708911213786,6.597432999891774,1,1
28.830158985937423,56.48557811238312,17.327482623350342,672.0993194571838,0.7002841035301768,7.017741253568573,3,3
23.359397692155326,50.68543570879264,26.509914548003103,345.96025407556664,1.1732750358147603,6.725981752643958,2,2
19.0296370497881,44.4687263184109,33.1564814738942,339.8834702931435,3.096348839878163,5.788904299909104,1,1
23.038623329895337,61.12525550489951,26.076823895152884,237.04581018693037,3.527941969716838,6.688787387704654,1,1
22.79851253085313,64.3378368008686,12.415642879778895,365.6505183143397,0.4581832604593794,6.626475350614818,1,1
26.528260647453905,45.48742417497966,28.619934135931576,434.77079624009673,0.9954236300787938,5.871948145729669,1,1
21.71711731527602,55.13246409620664,24.64079142431518,745.0245157082551,2.3946194703695154,7.406688031486502,3,3
23.87187866545604,54.47405198205696,31.56279707432933,305.33811254173867,3.434960968941036,7.399815359951507,1,1
26.370638265469225,68.85349312780603,30.757445621377894,683.5468381387493,3.062622155836744,5.543717288382221,1,1
29.379421921175684,41.45004862927521,29.525783753458803,305.9670212965503,2.5695531060093195,6.219657545615786,1,1
22.42108860640837,48.73487712137148,25.491258310679804,680.7102068338158,2.0464414553303634,6.7228017724051226,1,1
27.64777273852413,55.73096062778397,19.865640542543563,472.6943273788264,3.4919920843861467,7.303716011468396,0,0
20.56423469710745,51.4071992961099,25.412337335826717,646.1195846662959,1.9671642265390583,6.260367016891033,1,1
27.871897017561448,47.82323390265838,34.27055556411929,625.2197594611607,0.9570711638198364,5.984836893710504,1,1
25.319186941421226,51.991017677033,18.33295852876271,829.0862006696342,2.0149263551671464,6.244383456185805,1,1
22.902042482804973,47.39337846060975,14.216266408291446,443.3245288217626,1.1773759725398372,6.757114298528691,1,1
29.285399443784637,47.00483710591893,23.43610599195078,755.9926885454448,1.2964992063780207,6.328961724021222,1,1
22.635696016684427,41.12948721509956,23.35080614518219,643.1386510947073,3.833307196430951,5.987400870835881,0,0
19.66627693915206,60.04484584274059,20.412646066715347,740.351602422974,3.763807196653037,5.641687583122934,1,1
29.659179089168447,44.82666822535067,13.051961933229304,491.8697735647413,3.309059378135792,6.238325624723145,0,0
26.203061901724634,47.93864217283323,28.96551208840693,851.8539655699058,0.2068351166949246,6.8665193725110925,1,1
18.927461187280997,56.13228828383812,10.871052778792968,317.15317268611585,3.5855508963133915,5.5285495130965145,3,3
26.543676342382664,67.00301228665916,32.82756216814303,761.9370903724546,3.5661985702440986,5.899486098534885,3,3
18.127502537385677,59.79841792949088,34.69815534851111,787.0472333696958,0.7492286665139706,5.639162373386466,2,2
18.004147033045527,53.55763534392037,17.440732212086267,201.5073970333916,3.771210435692922,7.219353447242394,3,3
19.50158017320069,63.28953424086493,24.82140469211573,440.30215259883886,3.42216434918362,5.569604569112726,1,1
20.81315841646192,51.41674202180785,15.588461104681157,838.5817158388945,1.1330120831604051,7.370079027542543,1,1
25.24483465156822,52.152772152496304,15.492398438360912,654.3459318425005,0.5710376056624122,7.149521392283582,0,0
18.596736172549846,66.02305035069841,27.282038011167657,661.4678288417952,0.8408800424514998,5.591652161668114,1,1
21.478290811620425,42.96958683824664,20.340380060647423,961.9649735946472,2.9464669434613766,7.08643574257139,1,1
27.636307117863787,53.72692232282216,22.721124231831727,918.80178985198,3.9459958103346495,5.804950522048619,0,0
24.394908039223147,40.19416912836219,26.95925028717924,794.7665406443806,3.47584483193304,5.7157925127102365,2,2
19.84505404347043,67.89495155737131,33.850874444554734,892.1607323791754,2.261290846981513,6.62636460395516,1,1
26.64648228115124,52.8844810215806,23.68048585114806,521.4370277132346,0.9019796114348678,6.792478994691754,3,3
21.63203140406308,61.1141147765194,29.030617151945528,400.4810256661193,1.799608696154246,5.626570612306578,3,3
23.44628941628705,58.1763577729828,30.92050698139349,297.03073773467554,2.1196846604478905,5.993094680451302,0,0
28.929001064000246,63.77203576821832,39.82221602941021,444.4938296099551,3.21961037581485,5.919706875765611,0,0
28.97623757454856,68.85801301060543,28.75869761828532,272.17544669999245,0.9806832683614738,6.693071235607803,0,0
22.32983498943107,51.17023407041274,22.532878048695554,767.7883582078416,0.2243962052841762,5.584587838369638,0,0
29.86437625615153,45.92787098565108,37.7730804164073,894.0175746405564,2.57877769067043,6.613751517228577,1,1
28.67084093374283,45.01093445350015,17.961666163643805,542.8527517951242,1.3930619788067058,5.8405146037943805,0,0
23.235971238299616,63.350215088986566,17.33883894946748,570.016620814336,1.0644170706811984,6.411112381602975,3,3
22.64573612445981,68.62353692542953,10.00664821394584,928.3929821190106,2.8666106850153548,5.817953048755215,1,1
25.358468982598183,63.350478468685054,29.14523148506785,518.6033281415495,2.5400722553613804,7.266466454327217,3,3
24.70454105685106,60.76173837213659,39.99316429183982,232.16474575124903,2.471485479856627,6.612719737993819,0,0
25.398143735250613,67.93844260967333,17.81713741254541,879.4689808017558,2.5998384492955378,7.3552997372713635,1,1
29.375088398555867,40.5115678737241,28.982381295188542,403.8401830855526,3.697163927083398,7.239831459737996,2,2
25.10939517078893,41.19357529002584,14.383104049312951,235.05560248198591,1.9171786377690991,6.050556927307749,0,0
23.616822531162384,61.68057116417315,27.17597219610004,873.5127049948856,3.5541285401149167,6.649155930315495,2,2
18.66449745177413,61.06460029555484,29.94248723253344,346.5603833829135,2.4215314343409218,7.029522517797941,1,1
28.022509547412103,53.67907776486765,22.83157808554437,852.7283117584683,3.226466704176086,5.624338214870954,3,3
25.886993420146396,59.80225950048828,34.98295649999848,398.8127178403298,3.5434930381626493,5.566832115377908,1,1
28.08755694704842,42.04916458285444,11.35654175634597,239.69202293634373,3.7440663547893136,6.339062474705596,3,3
22.898267959819258,50.95096119105588,32.17520110547444,936.232887342148,2.014410797042628,5.869992013683561,1,1
25.77059706958076,61.87309047436426,29.652655519518525,216.1628965163586,1.99925086209995,7.025707921948227,1,1
26.87321750107392,55.32632307829613,24.12339117454009,999.8562615329448,1.2441530146063853,5.6641333128150455,3,3
24.98914907823128,68.02007961739261,26.53859153518153,557.6035255532602,1.5584366643838772,7.256552994914781,2,2
26.35467139482083,47.448993166197255,35.15619552831355,759.826788674787,1.7545129290748807,7.423404906480791,2,2
19.191274699960868,68.23493134881126,30.08785154974036,506.7473133498904,2.263049703640009,6.026073707027745,3,3
22.97811262375784,67.9453071971562,35.327065973074454,466.5418786319939,3.741901845079649,5.892049201770153,1,1
21.1683518356561,48.236304614864,19.84115482592574,896.6482648867889,3.411535558280927,5.547187590707224,1,1
19.38043454485692,45.3344380391406,23.227752028138056,653.9270750387516,0.706617262047572,6.084479099588074,1,1
27.739038207106063,52.31616249520374,30.926515501389115,337.2761333159101,0.700994568035218,5.868643791868987,3,3
23.10314767715296,53.33731750052159,39.93675092173659,486.3478318705086,2.053265651540463,5.8210701935969045,1,1
19.639382075359165,50.27293765531098,17.29330464568587,657.5671230139858,0.9829966271078332,6.703975393972679,0,0
19.314635860758703,58.65234804814731,22.34364765996505,368.4971125860097,3.8737127269012817,6.539846630152475,1,1
26.04280788466547,52.106301095333706,38.00447739087733,901.110416031996,0.82279322290033,7.388336497149897,1,1
25.143334155111454,63.07821525715385,14.19096927038866,495.0746902204237,2.4235189038263982,6.422586035636684,0,0
29.404762459594902,49.17665857601845,35.89380418158584,990.128533008923,0.80110612560054,7.184274692930195,3,3
19.24203485681919,66.26209202322904,26.10768571511595,329.1792316505976,0.312408970112302,5.868329884111885,1,1
24.5649551122071,49.94085851945808,28.352760788266703,928.0114704014384,1.417803574685652,7.471970648994764,0,0
20.61604935242171,49.321013185875536,27.151315438923422,267.3287324839322,1.2978766289806347,6.976016622619801,1,1
28.373197488568263,58.81136277157883,16.173199823698702,692.4801598981206,3.8342348286933214,7.168542033371891,2,2
28.44803607695902,68.39384081099422,14.107095864270107,433.4808967529831,3.763764077205776,6.970884552902553,0,0
23.075260719723563,57.20073787747674,34.5409959447592,483.3815416709002,2.928863351588809,7.390786930764095,2,2
29.690442252526587,61.36910145067704,27.6180142568936,914.1211051083508,2.641662487999874,7.33727067464125,3,3
28.51825431275831,46.68803806425563,10.193532418332584,580.1763464188837,2.126315521272269,7.497811671318415,1,1
21.7075883596608,45.27459351061825,24.761931977779643,618.1120804607121,0.565682948663838,6.97283375713043,2,2
23.46551827736808,63.68022339175201,24.58498085189657,396.4159634562494,2.9854690546708365,5.568781994218725,1,1
21.53958777382874,63.66754014840929,15.889284026675009,453.3192927068595,2.527035085261611,6.553243301472441,3,3
24.699904295720827,46.30656239600528,23.33988982972742,925.6225738938638,0.1672104989843664,6.827433080677809,3,3
18.01865352202321,54.31142348098719,33.6174321102086,652.1892738780145,1.992402384812108,5.896904970220702,1,1
24.24793007546472,41.00893286192989,14.702177683462912,732.783833163186,0.4484736495653306,6.111568106910042,1,1
19.94939518097568,67.89806399388553,30.5724045544668,991.2418266243884,2.5533381084201197,7.212862911580876,2,2
20.162322975562745,63.81060086990351,12.850848397616762,668.909438358296,0.1300898344174962,5.991304017605938,0,0
24.17160075110194,45.79778262265696,11.45418044690241,481.37243539176967,3.202735406189279,6.529792824643993,1,1
24.82128435521173,48.22257709590281,38.79870254012072,870.5439517566995,1.382483300198193,5.6158478771140725,0,0
25.1155040662883,63.08883807215902,37.97801369759675,757.1416266905372,1.8443548382885833,6.653999266504336,1,1
23.54784200832347,68.22209329403519,31.787648834036784,392.6145843549602,1.1526000589242607,7.047957319005158,1,1
18.25957795521995,59.26756223806533,11.608681349926188,806.1661399666557,3.8921848655775015,6.577946067161237,3,3
27.743237486524684,64.56829998150263,37.82916237779617,266.78427572744187,1.2020972780736399,5.572073775451726,0,0
28.441287849759107,42.26880350797616,21.278934359257256,827.2890607974824,3.159733173041539,6.489707122989575,3,3
25.15360061426174,50.07179328446938,37.31688961295907,874.7820676402359,2.7157993889767367,6.026863232214927,1,1
23.31285964369264,57.787635027334375,39.71959742322983,394.4906653854756,3.3809245730686732,6.8289163589664605,1,1
19.02636528766163,46.3798453262705,16.74517532148672,261.756121028051,0.4670525218439274,5.597880982950146,3,3
24.260198527677574,69.10652885969728,31.03425571780273,761.8890352309547,2.0295788997195965,6.396131685972253,1,1
28.718421977888227,65.52200095250356,27.137123282456844,468.6264880283713,0.3177465126690316,7.108637310607961,1,1
23.741204297666428,58.678178322074864,14.883829576556202,440.2564116129597,2.340653582294118,6.778174449216021,1,1
19.80587765550266,47.16525285538244,10.91996717529241,222.92905951314495,3.253106204847379,7.160589958292118,1,1
23.774853279033188,67.78802626450648,19.895129335807265,993.9106569693874,0.9601982439810754,6.77066260454046,2,2
28.144808299013725,60.04383982463536,14.951276286240953,320.72798011501993,3.334719894746741,7.441796721536519,3,3
28.429882438448736,49.58122310860265,27.233769659681816,837.2031203173259,3.826500607775526,6.824004410759401,1,1
19.082115886170413,57.71403655365325,21.99579369538853,970.469345457892,0.6614317555990508,6.8614684109665065,0,0
23.878886247154377,64.59637259720061,28.30275957087178,918.4898895903748,2.8921829417876666,7.158486195056836,1,1
26.21646401583859,56.60399460558602,34.49666680594279,731.9292209273714,1.7142412587323634,5.617296166699733,3,3
22.21269756597716,66.12251861257361,19.46967022327844,705.6225895421478,3.067530144617291,6.49460845540958,1,1
18.20101032858957,68.11949036914638,11.067290323506931,319.704163013276,3.935060602764175,5.606925687202626,0,0
27.99517185657433,61.33707994545341,19.237117924228905,795.2880169142718,1.5418658264332192,7.255786458584525,1,1
29.333245210172187,54.63134643872641,13.1511493590004,678.7692137668146,0.9013837926933754,6.204418725952048,2,2
26.44540343117153,52.90743547157679,27.897028149282946,381.811152415279,3.904005851698461,5.521421865683768,3,3
29.974187489793906,53.38227753497056,29.13152394775644,599.1035871738493,0.59414331608422,6.63663174434547,3,3
19.618797912891157,54.8214971774678,32.457843690643934,942.6435858114032,1.6151752591005515,6.027877789171793,1,1
20.96516021388764,52.11386609741396,16.302486036707258,950.3544521168868,0.1941769873140612,7.378157384948539,3,3
28.085520131330533,56.93752677384358,31.449844205935385,285.41075778146165,0.714612259647966,5.781610502634819,3,3
22.1213107336871,48.00201114109117,35.7316346879595,494.23044892553537,3.789725436837642,6.409476711411106,2,2
26.01136312782904,43.27074149361653,15.063498249315312,342.62517070095134,0.8216248552917556,6.761367372419107,1,1
27.38857907258734,60.3015954269108,18.676588759192605,289.960648983006,0.5763803761914298,6.703820060198977,3,3
24.59086753416463,65.40311350540523,38.98352506324963,681.0778716885527,0.9352526134920364,7.431821790533074,2,2
21.94457998311995,64.53120089108086,10.785187182509032,380.6354927028968,3.938393829967872,7.234812097520724,3,3
28.08302079881917,50.62789124351898,11.945873853293108,768.2204067638744,3.590958539455559,6.214604010572625,3,3
19.000491563586657,57.75413529301306,23.526045611952632,436.3746794273101,3.919773265858951,7.32347297539642,2,2
27.45088332832881,65.01233471802544,26.98677768094917,798.2952731727866,3.569263686847946,6.063779934168501,1,1
27.157018885612864,60.59087006639171,30.261023544203773,864.8935145605636,0.523964911435193,5.711976003162162,1,1
18.93494503912756,54.73299411701394,38.15865761343471,305.7832097853127,2.4188270663991895,6.107192397319951,2,2
25.029071368379576,48.34857853554425,34.65500514934776,370.3607040394516,0.2757742331441024,6.391124451730378,3,3
20.77588173051334,51.03741171594684,11.424120540996224,997.7164404842908,1.1697669838318578,5.871337507285165,1,1
19.13839320390316,67.09234006732773,39.09941643182116,702.6202504479586,2.0066248836419107,6.813647765468945,1,1
25.02338550668557,68.18989439101651,38.10684645128509,765.2551465109682,3.5870626515387585,6.4499884588071,3,3
26.443642607495164,67.78201111209793,22.80868678184131,555.959437694406,0.6125349381715002,6.50830581778152,3,3
21.639537499863657,69.27549133816146,21.8342183991144,580.5304327911706,3.022699816134936,5.695262607893624,2,2
27.384517598934814,47.46863116727653,21.867113721365392,513.120789024449,1.465898414348369,6.367652139481251,1,1
21.85538443128828,63.1345028740255,33.475256147247165,919.6909424775068,3.3493031706161966,6.890848215975455,3,3
20.377151040711333,68.48652574797728,30.147440021471663,365.7623432510257,2.928395850373003,6.112576582944979,1,1
23.41023393394603,46.374957841929024,25.4193157547286,838.2401967660437,1.368956752192835,6.308960341869826,2,2
19.402327904599915,48.40702116849582,16.96615860014399,489.1082299718825,3.1736363729333505,6.859885322983599,1,1
23.8502802785856,45.09756552333939,37.969353947084656,915.1700435298228,1.7087179392726513,6.765134356158525,0,0
20.631046654135616,45.71980760166555,33.26339556186399,208.344392714114,0.4692327489067058,6.927090925982531,1,1
23.88783887119496,60.140556423370825,20.603426134455784,342.5306848033075,3.21611026392277,5.607164195059072,1,1
22.06444668918239,51.536820114820365,18.138595130038976,302.8768790319144,1.8350402218498072,6.98295138980234,0,0
24.492663347208083,62.59368271489412,10.084865390236246,261.9521947886966,2.1529631448792026,6.265882351151126,1,1
19.530543528324667,66.01475045074821,30.74154503077641,359.02084180722085,1.9390843593143816,5.781161684679192,3,3
27.46697970243636,62.423790424664006,28.569826298039423,844.9133680961004,2.968328548569682,6.1145415705189645,1,1
28.046301989980837,68.3793874367656,11.830253295778906,226.9010938050106,3.1926934968735576,6.913800271802561,2,2
19.887518467694548,54.50467778601779,12.749208762382723,681.7079330911675,2.230390607514977,6.823540703422765,1,1
28.38067178008209,42.63749534572176,27.17483308455893,412.59711691580713,3.1830907309637833,6.752968749854378,1,1
23.919696628059462,45.00231576160648,21.49603896846757,457.9750483292679,0.9156125227419274,5.653693457649899,3,3
28.65518262942466,64.0602386153686,29.759636102221197,587.5597622957869,2.764893650738583,6.282474665639862,1,1
26.884532841752662,62.415856023612506,20.105059979821448,278.71918645075294,0.0272227371001974,6.302567167373282,3,3
26.0853971013951,41.36055112054116,33.68019832046862,263.19589344233094,3.885901739279272,5.513870156651618,3,3
26.633869727524683,59.57879421860355,30.67313888407702,626.8096649796112,1.8008809875460772,7.0022563039698165,1,1
23.16008467279977,49.14926975186529,39.04622778189485,522.22368978173,3.291322979444442,5.955008923769027,1,1
24.660557171539885,41.23910695849296,25.419553089632835,375.4558685039832,1.1134726821630636,6.870158010401607,3,3
24.218647840876788,62.39459932945118,24.92793626699585,735.8913718351691,1.5196965554210102,5.92728642157249,0,0
18.7219962283949,51.56600286431564,28.217379212652,236.1786428281696,0.2712324124684322,7.4369383549665,3,3
21.96361100466781,44.252479783354914,18.956317763242545,786.9776067785238,2.306457911338323,7.034038361851726,1,1
25.955705507592647,45.41057229892812,36.72952804393391,245.7348929592232,1.3933701424806983,5.728870370018759,1,1
23.86926523345195,53.842900541519,28.970633563094648,675.0586101187121,3.9422596788201294,6.993790866616316,2,2
20.152569088744023,63.04990075146965,15.030415607702375,436.49233039873593,1.6604301888909672,5.665990903222846,1,1
22.83928517691684,66.62138880742805,25.97918033263708,674.0679794195141,1.1706469939715252,7.055728345042075,2,2
21.394530241706235,56.621345620384105,10.030578287226325,259.83076777836976,2.8209319005221833,6.9537623632122605,3,3
21.0887433788173,62.583945481668266,25.64270574173248,740.1074537275525,0.6161545066090016,6.4214343474734825,3,3
23.99300039990832,61.8663501991505,32.48896561167764,712.7699370332215,2.0568672449487098,7.445390148808629,2,2
19.26392676469244,45.21420851771271,22.281166928044687,800.7266096441854,2.5863818666739617,6.065295848952286,1,1
18.40583713245405,48.977970898200105,26.96429639624104,647.9498892315535,3.131184016768312,6.846085864572006,2,2
28.42078804200208,59.02349289054921,15.668308246625047,542.8353074865786,1.1993815885394117,5.765356893448998,0,0
28.144222078926298,51.72378010862825,31.637889054449467,605.246293278203,3.488614195380933,7.201868032848287,1,1
19.28653325217326,50.313518844408215,22.441379574476272,922.8439598654372,2.429206796385489,6.996457915049005,1,1
29.42214059866742,43.45545138845917,32.58382929158407,637.6724330211653,0.0047519318193866,5.594653342358038,3,3
25.70074305369686,47.63014167424623,26.714400800551218,559.1633946652809,3.7963405469411966,6.10523068783761,3,3
19.84476845832268,67.37838261290406,35.96533407743337,543.3521304272986,3.606081111429323,7.450584685072074,2,2
27.93026233224572,53.545556869358585,33.46139227311322,468.3064516206151,0.0540152542590584,6.27700183801508,1,1
28.190539904031727,53.862436303643065,14.73250368236681,716.7591807641943,2.6627424731632083,7.009687428074088,0,0
28.186552958016705,60.528443712023645,17.009314262003898,681.7758510287973,3.843824542737325,6.200424898322061,3,3
19.535818256249364,47.07096155352375,24.44978257531865,577.6528096580593,1.0172354212191657,5.920696908476602,2,2
26.417062668035555,40.69675525082073,21.841842270753663,987.2083032887208,2.1723505727179626,6.792928696501095,3,3
18.113902600220047,53.72261938051804,11.628644213973349,833.0409074823178,3.152605611369834,6.836674260962018,1,1
23.6013374037168,55.97048183286175,17.113866720549964,750.7174438062477,3.7135219224650857,7.483490574810824,1,1
20.76253165711127,40.86544724579687,32.01091447353349,996.0735563664782,0.109705190548468,6.997674802809087,1,1
29.882130064125796,53.47142762327118,39.50894897498591,988.5485453865174,3.7043835811279626,6.80872255393423,1,1
26.831784925156175,54.42607756806753,11.117884821416176,802.7357818439903,3.7405805309496207,5.964758712136394,3,3
21.929531372818765,55.41326115780112,27.10336045758168,635.4883645899899,3.605679341407776,6.98971130391133,1,1
28.61694851925821,63.39853871710281,25.086288742647103,870.210027296977,3.3371061028810756,6.644873014811431,2,2
29.649842016377104,49.61514842610544,18.77759045902716,771.6097440569077,1.9350671807414952,7.123051494323025,3,3
23.00864847158588,41.04428191667934,18.60278437807368,936.4060117399702,0.0462340021964742,5.799289770734834,3,3
28.075906264525475,54.92797374887378,29.39018076486091,220.84550941673157,1.2208646036829949,6.673226618226932,1,1
20.547455746768605,40.32851682663381,16.54363963686004,247.3721983592025,0.5291132683568563,6.8036836347187,1,1
18.364319315654903,55.27379825612764,32.472032761376184,725.9316941446855,0.13271516454957,6.452040692782588,1,1
21.618161216279866,62.76925953485869,11.574463943240897,361.875460752102,0.6760827936060094,6.064656273114817,3,3
18.053048548932825,40.03650884223092,16.795165450923232,577.6883533215976,3.297635723294466,5.592658897388536,3,3
25.61220755714516,59.49324362908418,29.423984460523755,575.8375866039733,0.338965582339255,5.799617379381976,3,3
29.206003328824547,44.11424826601051,14.189129421977372,365.5010126710732,1.8462423797450511,7.307281973427613,1,1
20.89141303031344,48.12128218920909,34.186188688525974,727.299071816987,0.2613955182393232,6.611318774851558,1,1
24.018379884266416,46.22354400795366,29.5999571866426,861.5173746799588,0.2524546419452654,6.490633666368708,1,1
27.731715803978197,44.56776134119556,38.167358153136846,684.9209848042643,3.9385380630787648,5.63685853433438,2,2
28.819441760550166,54.32717961623741,38.29549747156685,742.0514093409056,1.4319642131227295,6.52873636424199,1,1
20.537850584018077,57.73461697493589,13.629956671485214,303.2539063072086,3.883718007621875,7.396287924771718,3,3
20.13582811227923,47.26176435492968,22.52595923562011,978.3417255066216,1.1566475162002394,6.823394987126065,3,3
26.19792877944142,42.91622021192069,18.83941501870196,618.9438825374675,0.7494976011530086,5.966890666316742,2,2
20.100074489196988,48.57549853639797,10.33785327777609,442.5751545047943,3.6572947238962894,6.451126314395643,1,1
22.69886288475136,44.42979944182774,38.50532146974152,285.88298844763506,3.526899588687095,6.973696009267616,2,2
27.605285037234715,54.66819555902428,29.665780088075053,650.5368535344171,1.4291069263270297,5.715289201021004,1,1
24.897582798040567,45.77758384013252,27.31329826608273,214.47064459674675,0.5768992828545207,7.444837347836543,3,3
18.89191428106705,59.990034181183695,19.06898516434994,867.1298681507387,2.6971931740453514,5.919435843225267,1,1
19.31212393094709,68.7097511290824,20.66128752540429,241.1868696628946,0.205353312097495,6.100653268924348,1,1
28.704418669371044,54.67228746449649,11.903856475702185,719.8937957931911,2.880886655235241,7.058840364337939,3,3
28.277884626165665,63.868846610972994,17.940157831150447,359.67039813023786,1.3382318418664783,6.929084107125869,1,1
19.548083606612146,62.09775327201045,26.612830651053702,856.3587578442429,1.812098292622888,7.134298816641746,3,3
27.80766606990193,43.78079418146229,31.814998337939787,997.4827184784464,1.1875251881983973,5.969100893914463,0,0
21.83651447782512,43.79997011107894,12.226514297653802,981.9480794059236,1.1431201586744844,5.633357254590537,1,1
20.885892575052463,52.077608672504624,16.8681652103828,591.6152342345044,1.9587716257627812,6.189258971054511,1,1
26.87388868228549,55.94891458883899,20.58539448176215,458.4411259052863,0.4547666400698492,6.696151093389629,2,2
28.390732475209752,55.82171305384669,31.174037823705746,668.902277585385,3.74688939330076,7.04256923427785,3,3
18.12058211481119,68.91920796617917,31.906760417832164,689.9370441334829,0.3196043622479182,6.352590162210987,1,1
20.550242455311288,52.81787046644688,15.860377674895126,910.3879575501978,0.0849334974924888,7.12224011713195,1,1
27.73438988782545,46.75190953132906,33.418079725363256,705.637433241742,2.029151587507275,5.727650200961453,2,2
20.50834452056736,40.57682758801887,11.720227544493984,493.7181091232748,1.767394674666022,6.699877560901723,3,3
18.407894712432373,45.28176071786073,31.900661010876437,472.8385875301989,3.1563849356974805,6.752486375132528,1,1
26.852511272974475,47.47378886065747,32.516442788498566,839.6132084102827,3.886812236609056,5.683162103400221,3,3
22.91754659429093,63.29908789201309,13.047901393967638,343.77451678886246,2.3486268775376646,7.433171624420122,1,1
29.12718182833036,63.82567980456491,33.66139479867519,508.2803302552155,3.250375937564205,7.464737299778352,3,3
23.379647786631807,52.32446135970673,33.88816079216433,409.42964065083646,3.5760423143355937,6.05532873049481,1,1
29.73431155460343,63.38159518432652,22.48264671775258,763.2870383607421,3.0882789023663135,5.60517774615931,2,2
26.76889567846376,57.0161612943548,11.84437883306776,905.2660511788148,2.0752375887305345,6.931297412886385,3,3
22.902569662042097,51.24363874415986,27.99090238876756,305.52458910219104,2.7194475137633054,6.614411842280975,3,3
19.230462553412877,50.84027774261649,31.26458871000345,272.1115898516773,2.3078589644454683,6.377316177523204,2,2
29.16231337650756,64.07656555349914,18.104660087990965,598.3379515915025,1.295546407076566,6.141434971078528,3,3
22.475980586638705,42.58210227982312,38.13579401031066,412.81297670358094,1.5702759620537758,6.31435409005149,2,2
20.97468763583795,59.04776578791841,14.097516577257322,765.9397473273949,0.3195602313996412,7.229182765245718,1,1
18.970021250474257,48.03197537044265,35.79074811310855,372.2476497507944,2.0402669923051144,6.255581933528342,1,1
22.48152759367888,57.74344335194982,17.619811304854004,533.8082774950792,2.089646923521761,6.924511499304444,2,2
20.71833110152596,57.6974126598007,11.437450639566848,570.6882187840217,2.2807761720775335,5.902298137092127,1,1
18.52830981969455,45.7833645289611,12.097826584391049,802.3936858397207,2.2850079541542994,6.159937781698811,3,3
28.06669622302313,56.28460653088276,36.829515877016135,870.6119909011899,2.4753361493349426,7.000793377795203,1,1
23.711599418071067,54.88463421696628,31.45225415213133,503.5940108831039,3.754813042478139,6.476574906715492,0,0
29.94930324357211,53.11456379771927,24.209734740135914,662.9351700926413,1.6414654701722022,5.597928202939565,2,2
20.51731653382032,52.92354704990846,24.400491931373416,398.7806684924124,1.3337377433276,5.545640020887662,2,2
26.89896584278576,62.27847024429195,28.2765571512536,414.9613838799323,1.1924113519997936,6.910834410781861,0,0
18.144343567039037,61.28860761306703,25.944474908927987,937.454262351426,0.4293081443698482,6.087086516316771,1,1
19.053683239067503,56.027222909695965,31.91716295988267,335.34897317508063,0.1803238932281252,6.270324071948968,2,2
22.74212887246697,48.370598588869626,30.877073196300827,895.1133714853826,1.2927369513788154,7.251113412886191,1,1
22.81979747167817,51.88736412392339,33.91395457851596,726.561687424489,3.2936240095421594,5.7461181459412,1,1
27.104388147309447,59.9892758069312,33.29987829561267,386.2756033397645,2.8274289513308086,6.176816812500413,1,1
25.140226759058493,63.42961592118159,11.464341956602,237.7498483577168,1.5995610889670293,6.596851522701294,2,2
25.16401592650561,61.90244835584407,33.42878626539136,824.6883418293958,2.0836357574263276,6.146266638733225,1,1
23.63405834504201,40.83784536677513,15.20503814406763,423.1442154692256,3.0853932329127303,6.151761404530208,1,1
22.108111922382506,61.24314265123507,15.490782167672595,768.7607874682886,2.896057842950015,5.958956578483717,1,1
29.76886673240844,65.53723644586992,15.195239874065742,291.6933046391153,2.5792778606684483,6.436416697700073,3,3
23.610865805789373,51.40699629845786,37.31486192625744,595.5841804361712,3.8360699116757937,5.518750387094072,2,2
23.59723009753568,47.18794686479195,30.759935850366013,401.46032104922585,2.2137141980329615,7.301320560851198,3,3
21.000406486054395,44.757848978176725,34.41405900206404,546.3121807809548,1.497082312862407,6.708224936972398,1,1
29.03113110667868,54.58475667967138,32.76997647648077,688.4566240504628,2.3234410074447194,5.907316386128397,0,0
22.143816350441917,60.50572076273578,25.42748638646355,623.4913811253357,0.7010259540306052,7.263263823918464,3,3
24.39824319686491,47.70523145482161,24.716626817712637,644.0087649635135,0.8325135216963025,6.740817249723394,2,2
22.720702309835115,61.06181764300837,38.62817761258089,714.5955123566281,2.253964784221961,6.362763815317424,3,3
19.90842067411335,58.884908954552685,39.95439918745909,761.5879821490093,0.634611009601881,6.650325164346578,1,1
19.164109039275864,43.54280286551794,31.236455692844924,841.681632827003,0.9983275897545636,7.381187524144305,3,3
26.636190092608828,52.69917186424623,13.332814221437133,974.6384149489568,3.12979982991043,6.491642701884007,2,2
19.41494143371917,43.52843574403012,28.97680394775586,341.2345803670621,3.8051581652446735,6.106384508459367,1,1
24.364529508265083,64.98032543292956,39.30707509683876,703.6790354762813,1.6615469854137164,5.585905271745377,2,2
25.47068861874663,60.21570423996971,19.50777936319778,841.8691015679442,2.8564176118341793,5.534522751806312,1,1
26.414201666383107,65.21987187442497,16.800647196607127,457.07026672525313,2.8176921023727486,6.164857185508824,1,1
22.70739250863827,40.64725316359434,12.952484833692354,341.05547807924506,2.051805628351467,7.3166625132896,1,1
26.49079136127092,45.879799050110336,23.78048857806465,561.1187449128007,3.974600394713812,5.832179314428325,1,1
23.122436655551013,45.89838896713536,27.71162050776593,281.7505406122815,2.1059426353984176,6.347397877149732,3,3
24.640259571236182,62.501365700265936,25.41647613202367,906.4491300535052,0.938606399576396,6.694527256707325,0,0
24.971698040975767,55.734967024122,35.560655387222845,732.9912479604504,2.5019397408599096,6.580266830799003,1,1
20.07323183379072,48.46340077893719,22.668586004479295,725.359644512483,1.4424285429326589,5.527641791210106,1,1
23.049814715735423,64.56233472273684,30.29431089443373,818.3660747526836,0.2457868905812116,5.587290959107008,1,1
23.180434772304064,63.56098266260818,25.88569742011249,799.1586512528456,0.9175669083483347,6.471365188559755,2,2
24.1543360917911,58.374921636003926,29.71809032425633,836.5904545302045,1.4057608889449935,6.533954010705127,3,3
23.38979510009635,55.84280527008026,23.38749715783955,852.9270946734355,3.065893307627797,5.717506187747,3,3
27.735859235990752,53.72079370811826,18.96316067124945,809.2515945465051,2.400142659084324,6.510992368293691,3,3
19.739669989047524,47.508460278949656,21.535296059923027,724.1481606697018,3.4622579020010296,6.738494158539094,1,1
21.88172933548236,61.46567746856,29.75301902212041,505.4500186100676,3.663446688594685,5.603685910945446,2,2
26.577849014742696,50.51896021968393,36.987749587890576,272.65251191757346,1.9855926099784855,5.897154028909599,3,3
19.11634185643723,66.45080399001114,37.63041392147535,560.8542356665092,2.5999926192145035,6.339685061018957,1,1
27.589280663498947,61.35127881565624,17.08190212406494,999.1524445862498,0.958041544864404,5.83111429433988,1,1
28.48947292386463,50.83760153369797,23.53607508745579,964.9255371768912,1.0236248061834319,7.101486821643531,1,1
27.63668532784915,65.61576853617763,13.244641440291131,393.2477805158376,1.9250172651395885,5.580117096564762,3,3
29.028858811317228,49.13608108972697,25.214124534376943,557.2718734568723,2.5845091097530313,6.849776120751836,2,2
22.22001210159411,56.04461087190175,33.54589691064981,731.1039217725296,2.671866623248859,6.669113023657443,0,0
21.44992611443478,69.01066593608931,39.76196613093347,792.7701263275845,1.8876139734627808,6.273629931118014,3,3
25.174036154010743,56.87116472120457,28.602203415927583,691.4413932773398,3.0937433635697476,6.187063942363637,1,1
21.23636784989023,48.13638503219701,31.44292206389067,854.6076037915426,2.219490364073877,6.668642230001712,2,2
22.22637901409709,46.3311181309516,13.592341182563462,505.7693965076135,0.5489198972203346,6.7976644615651,1,1
23.079633572589117,68.25148331892592,30.641491862146896,561.0498648337416,1.6696970361531975,5.730038552749981,3,3
18.26750048941881,51.4684371516194,31.467382741601984,331.6165661158657,2.896000705387037,5.630463922692667,3,3
27.41346537094913,51.94967784288813,27.59583322327881,201.7361725290308,0.7933066501056726,6.134534845105426,1,1
23.861841923419817,68.69170161897907,21.81144120203848,746.9156077359982,2.4049423496167255,7.472701701211823,3,3
18.939972441275827,65.76096722111521,13.007377652406998,819.839220294169,0.8446098507974114,6.163731348955102,2,2
20.080532084981066,62.93467105857597,32.08209461986534,335.2993320098143,0.0914966537937718,6.55633230318696,2,2
28.415199345779943,46.345665211731664,23.276825134992016,425.25269073266986,2.5505931250257947,5.808106486126364,1,1
22.53699292355827,64.72095532274649,27.222580423972914,792.5059638679144,3.988739514628778,7.495422304030991,1,1
18.049266723195217,68.0500646725837,25.78285525426357,202.50699441773924,2.156618310477071,7.027234753734946,3,3
25.820316960449112,69.9688707148899,27.173954893536145,619.0788904122229,0.8658807602325326,6.671613754102198,2,2
29.804353298835075,60.88808276884467,15.176912137471364,779.6819194875127,0.4831174370522268,5.996457095607751,1,1
27.70626567411113,48.91204978139061,19.26952870700148,394.67034033262615,0.2702451894972846,6.7082338358856255,1,1
23.761751567312388,50.983903893938695,24.32170267036394,483.5913089211791,3.01493896037402,6.901359148309254,1,1
24.03647604151586,56.6165523781504,29.123756917264487,430.6587254224064,1.1802814536633277,6.835534969484357,2,2
28.20288780359978,53.83442276462364,32.93919492449105,701.908970731834,0.8790348641819657,5.807615406224134,1,1
22.32918546692244,46.11968918998098,28.997142970116418,974.5438350083748,0.2843794958331842,7.182934701844194,1,1
25.148614704535635,65.17070671664376,22.5335231607356,750.6515279970141,1.623510438347473,7.132284269411565,2,2
29.578122850912028,60.99495597424654,18.216127132462734,233.72691561532068,0.2869694203854682,5.627476195870003,1,1
25.55026655290689,63.67890896461528,39.567367086043205,867.7026544748144,1.5131665047329141,5.946760308380838,3,3
21.989919188323498,49.60316125161938,29.586901090390175,869.7043426164975,1.6297057176901117,6.925317982905899,1,1
21.02752407549561,55.40998981955614,29.08482906128001,717.0145399955625,0.5006555076219134,6.6808183139101285,1,1
19.09822006321666,53.38938363081095,38.11879129179574,566.715265078021,3.759208517293352,7.099624506150421,1,1
28.948679295813896,41.39586889313503,36.10212163400695,470.9409869032225,0.3206679104577206,5.685078090664216,2,2
24.812482401190287,64.69651032182773,22.254734124769755,593.3792047332454,0.4723797154990952,5.78039403608016,1,1
18.16656691889376,60.97186214757248,30.207982502181807,837.5802802889748,1.3300286035470226,6.991395421346192,2,2
20.368495471589103,56.67194053364494,13.79584140776892,793.2170536505093,0.445855698783888,6.032838692453566,1,1
23.10225575113838,51.657789089453416,38.350788713669566,863.4829619496883,1.2803305046377877,7.18416104513146,2,2
25.276496548568595,53.37679005046361,20.61237777863179,449.9381138328255,2.605730424469347,6.817258699307651,3,3
26.42813477088431,54.71196619930706,20.069470575278157,407.3755411955381,2.2824141921935133,6.916608809074105,3,3
25.491082827542648,46.7244757464452,18.17417406265396,563.4680391650527,2.642170000274109,7.113203692769638,1,1
25.35991002481897,64.01595257461153,31.655972752281293,633.8707283832523,2.519334894720887,6.969296883299419,1,1
22.20111002386087,42.21911424496993,23.99232383593489,447.6916100541369,3.921504748585354,5.572589952152215,0,0
19.316154793080383,55.19299300347657,38.349382005521136,787.8890300686066,0.5111553880745142,6.41244632037554,3,3
21.924605916443024,60.45462314019097,37.1662088686353,846.7357835093989,1.3840252121612502,5.81542981654961,1,1
25.182985979667865,63.92669146225151,30.79192053725144,524.9309827398718,1.3933425955177658,5.983217688078032,0,0
23.03558794487844,53.32693511449459,22.42583924443314,584.7026905539983,3.9420596693833936,5.631381221787764,2,2
22.24091207195894,50.497093713530624,31.283431483297427,297.6229175194561,1.7454538157358153,6.889754289066583,1,1
24.78079488356734,53.89292687584511,36.12706114127174,924.2845517516112,3.812355761153592,5.826437351684048,0,0
25.028476612810632,46.83699264832613,38.346082059855405,509.2423301294119,0.438632629690081,7.176634531178203,1,1
27.18775009999436,50.51352733934907,26.156143065581222,502.8754093872232,2.982015992032469,5.635658951691484,1,1
28.656264052829687,54.64225142778545,37.41423506406524,422.2685320695264,2.618124021098941,7.260990864791399,3,3
20.037777261749525,57.15604397894117,29.52705598894505,373.4269073503874,1.1895906444550604,5.566879570942874,1,1
23.298870190266943,54.0441157462832,36.61811614542387,253.4910370270162,1.2454166121932855,6.072068369833825,3,3
28.61166292487813,53.4256418780074,14.17456543738514,678.483277378604,2.6821819042929755,6.820588343564976,1,1
24.257706880943907,67.35296968414792,11.995846532538584,549.6048535352701,1.038304897378577,6.220458817449384,1,1
26.80146709934091,41.39064199444975,32.971585141059265,587.1237415928656,2.386726838006491,6.226195100640656,2,2
25.288387608933217,64.65932262978997,24.15317389975812,889.0051089423969,3.872397951921584,6.007393707051532,3,3
24.414055499493536,55.77614859577418,26.751730085330927,204.46898292155257,1.820053776953268,5.922036965062924,2,2
22.361147723410856,54.20265089134059,21.51789851696204,416.5832834504239,0.2301466846086256,7.2001801685429125,1,1
27.29159475625056,45.29601567312452,19.910613499051838,918.7533801060606,0.6788247708030868,7.479745848126002,1,1
23.8469400104054,61.88498556245594,32.213809375637155,606.6647857011428,3.6115943219079,6.202079340974603,2,2
24.53009114293629,50.22756805468401,20.036068755642116,798.0090305022256,2.5642124289176538,6.2990085769032405,0,0
29.59558859570027,61.46369612204033,15.919326367210047,955.084040576409,2.212252361178289,7.316833308215241,1,1
21.43383983002652,41.185783658056906,33.43887312961178,481.7711132520232,2.3684215336649954,6.5988673741922845,0,0
21.515017138002506,42.432763044975566,20.025019887229007,910.6730798156992,2.6463035299853543,7.276166067896481,3,3
18.00199266625065,63.98272046133734,22.69468160861426,490.00005365338257,3.1504372112190606,6.2882546483932735,3,3
20.486964087295277,49.87358952486359,15.778152728497425,238.49360744191569,3.9922317592787486,6.159187875984454,1,1
29.847585763994267,42.69031539384268,19.58667854696742,826.0145250368915,0.4149523997313834,6.887086330253779,1,1
21.203573907686238,41.70744850844307,31.70548400985473,449.0609820241564,0.098032559407421,7.13963655665858,3,3
18.590207576357564,63.09588382152879,11.66384663563451,532.5253473443163,0.6177558585418153,6.689932562951046,0,0
26.099128316866008,55.61488844082476,24.266531010260096,418.5034160128313,2.30083843776865,7.06707233291427,3,3
23.354619691455184,61.71676457850693,32.65925741948925,627.0856500342302,2.789206189676822,5.5176415103869125,2,2
18.667406292663475,64.85881871400635,12.178078920873286,630.2749040201256,1.5657219998182104,7.485377839096031,2,2
18.695768665013453,69.29313902627366,14.556921659666171,552.4705052575816,2.7029081678565734,7.214745141035422,1,1
21.583970707157174,46.25975795019039,39.87447770648883,362.7153090511032,1.9302382926761144,5.711214760399543,2,2
21.413355678488852,44.898194292140914,24.798051780575108,742.2742781802729,2.0722192037813136,6.445609683895718,0,0
22.58549044202388,66.9442932010957,39.9746420566878,668.3504107950143,1.9696575038932709,6.1920556363204735,1,1
29.51149664075496,45.49921803211253,22.37537467575541,321.4967717503805,1.1706809171056993,7.414030046703597,2,2
22.26252292750865,52.82061130672563,13.4246434010978,894.6955267694452,3.322875965291902,6.198559103100422,3,3
22.335970022457435,54.71185062416523,16.618342903068985,544.3502729286968,0.8722382587146814,7.125620745261827,2,2
26.60727889276105,53.3637411915618,13.72570588204214,397.3614211007769,2.7059502592033486,6.980799707819219,3,3
27.10544664584812,46.56746022872484,21.40448756444257,575.9643801998114,1.3680885809549337,5.734311202801474,2,2
22.245619783745127,67.08247504575604,24.636317846482797,863.8429171750015,0.23303598856506,6.094092136845193,1,1
25.679352061129805,63.48847004597162,39.73606148534261,291.59704919497085,1.1172004357354544,6.34606952298898,1,1
25.003086691497337,69.41841234913669,29.83579167637594,403.3721159261227,0.1508643452943804,5.654614638829283,2,2
22.161449614072907,41.60620327362473,27.39112298541713,742.5681299897848,2.3778739398498296,6.344792782417083,3,3
22.564742627980657,54.83931877339631,11.024316079709616,575.3669320937772,1.9075741955678376,6.140123876476284,1,1
20.834226776570237,45.15950988147392,37.26978084428493,771.0257119876447,1.0763950637262685,7.115640715875611,1,1
18.27052555377465,55.20472675599423,16.47887259941307,924.5341289332844,3.843547667270488,5.625984187970082,3,3
28.80547738760397,41.96704433063319,10.207596182318618,937.777496038416,3.8220189144158985,7.372856254598755,1,1
25.910569788003063,49.21474702986143,15.909946303371855,203.6864758696442,3.5337305510317862,6.087579490603921,2,2
21.199756648930983,53.93526056944337,15.94565099898524,282.41789527071285,0.3712854838448542,6.760985041912046,3,3
23.900931053865712,56.75332719354347,17.372453409064732,362.4476954801088,3.287191118395648,6.666437761167599,1,1
24.037556448700222,55.81670045904785,38.802230483459255,444.8857257611984,0.333827963614933,6.800659128893583,1,1
28.81887160094392,61.28621982790772,31.71478978792257,951.301987761659,2.132179857027649,5.95127691308112,1,1
26.469515566787592,63.09285473369856,32.471310336987266,529.5782495105381,2.0992196102764566,7.38520091519806,0,0
19.329672081172745,50.7982728885292,11.829852376794896,722.5272972510073,3.87214215364294,7.248129021438686,1,1
29.380990311935545,40.07180657924049,29.20622236358339,983.5605649183816,3.8277423750198856,6.699250753879001,1,1
22.307350813694228,52.39053415261037,16.67688110642421,659.8792216250307,2.971740806402954,5.730385430150695,2,2
27.63574658714519,49.08300090591695,19.631331907531187,349.4598529304661,1.8879166355431924,7.317621354153753,1,1
20.80113855757491,68.08366250451131,39.803761702082525,886.3012408266458,1.0116126065548254,7.38623755599971,1,1
22.85459336784156,56.86992811370178,11.80262028105143,570.8640303738632,0.5510910152611967,6.6643105814507,1,1
26.606931827455117,65.34140331387592,25.695368771217147,873.3369658789211,3.5044458474041464,6.005396193424185,2,2
19.415655609444435,53.24297343432826,13.562057884334443,488.0448192885066,0.5205846930957184,5.758924856988658,1,1
20.445877666165877,49.86545728860759,30.54910770079797,805.1959415708832,3.204997166384252,6.893493895438504,1,1
23.67083879225783,59.23312590388898,34.91057130339276,948.0152891120274,0.3194901608870134,6.409237847010314,2,2
28.512809414803364,49.14202089202211,34.76053596284811,227.3505266898008,1.9076345151503415,7.195829436688824,3,3
27.770476142922664,52.10907463451639,30.035475171801117,843.5776409629184,1.8309570249306952,7.247534002273407,3,3
23.86430890703123,50.77816832956923,24.77272013780908,411.9204679496941,1.0822034664863316,6.615718527076241,2,2
18.21877067791276,40.99872032463496,13.20188878229409,819.1242799481713,3.248597102804721,7.334165018003041,3,3
27.67735702696947,55.10385610271582,24.07989140485232,540.7571924313265,0.5749485605333308,7.443423034257663,1,1
28.18734590421225,44.92267197124168,10.747161657493471,325.38012137937267,3.1208337719215105,7.420965797013054,0,0
26.51255201443536,41.54937003305076,13.709100894356384,259.9538311605686,3.019195488479853,6.243200764964049,1,1
29.075290651807645,41.73383424290476,27.026500286402893,955.8054188905068,1.6897991177720493,6.740909807941151,2,2
25.6919512832586,63.43507246513816,22.62207225858556,537.8065845696151,2.9539772521705916,7.465388497846788,1,1
20.971146479111557,52.821684138620085,39.04610992932868,304.05096181272137,1.7640495252133794,5.663303622122744,1,1
27.80846627058452,56.7049006571588,13.997600102077072,535.3731301428918,3.0567242282577913,5.696533705486515,1,1
24.3989544354732,68.7349214431118,28.12488784644148,741.989007113644,1.1522320735478244,7.057734405098752,2,2
27.38412517332466,69.73626459257609,25.00538663474892,729.9443265877931,2.382875147184746,5.550832185453288,1,1
21.028543759142902,53.856864736841146,14.399759028472882,590.7270822981943,1.5653755989386107,6.813903954898301,1,1
25.81007305706572,46.46374725649464,19.079645941927254,875.4478597182957,2.052417300955098,7.400631710478729,0,0
22.621750653909224,42.99731402456752,12.240508508017394,864.694164800018,2.806442801441869,7.055511028694848,1,1
25.069377588566923,53.5721865831543,28.965386278477222,747.4387403281136,1.4941444834844577,5.912595240674463,1,1
26.282783845950345,40.25984233583839,15.499959079570708,677.0739745930812,0.4416736227389418,6.19553341435713,3,3
20.303201209945307,61.52274340119382,26.744091404277505,575.0020085434319,0.2780605620960088,6.874059618812515,2,2
19.554966856922537,51.01522445679046,24.57358400796577,561.3535651030711,2.245945049233161,6.375283361566249,1,1
21.95147498004146,42.4098101037432,13.90916870441628,508.2548631737778,3.959409815842394,6.242033717476003,2,2
26.51913261699472,58.78332658831663,25.844581302953337,970.1411583283808,1.2870576766951771,7.374236143418527,1,1
28.783843603583605,41.12015761093219,34.15127876660133,247.1402230961344,2.098355180353337,5.969869198227878,2,2
